Vega searching with population size: 200 and generation count: 200
genome: CGP (4, 4, 4, 3, 6)
probability of mutation: 0.900000 probability of crossover: 0.000000
criterions: [BENT_AND_MOSAC, LP_MAX, DP_MAX, SAC, BF, POLYNOMIAL_DEGREE]
[  16.    2.    2.   11.    0.    1.    2.    6.  803.]
{4,4,4,3,2,1,6}([4]3,1,8)([5]3,2,5)([6]3,2,8)([7]4,5,6)([8]1,5,6)([9]0,3,6)([10]3,1,7)([11]2,0,8)([12]8,9,3)([13]12,1,4)([14]1,0,7)([15]10,3,8)(11,12,4,9)

[  0.00000000e+00  -0.00000000e+00  -0.00000000e+00   1.20000000e+01
   3.00000000e+00   2.00000000e+00   1.00000000e+00   7.00000000e+00
   1.00500000e+03]
{4,4,4,3,2,1,5}([4]0,1,6)([5]0,2,3)([6]1,0,5)([7]2,3,7)([8]3,5,8)([9]3,0,0)([10]0,0,7)([11]0,2,3)([12]1,3,3)([13]3,10,5)([14]12,10,4)([15]12,1,0)(5,5,14,15)

[  0.00000000e+00  -0.00000000e+00  -0.00000000e+00   1.20000000e+01
   3.00000000e+00   2.00000000e+00   1.00000000e+00   7.00000000e+00
   1.00600000e+03]
{4,4,4,3,2,1,5}([4]1,1,6)([5]0,2,3)([6]1,0,5)([7]2,3,7)([8]3,5,8)([9]5,0,0)([10]0,0,5)([11]0,2,3)([12]1,3,3)([13]3,10,5)([14]12,10,4)([15]12,1,0)(5,5,14,15)

[  0.00000000e+00  -0.00000000e+00  -0.00000000e+00   1.20000000e+01
   1.00000000e+00   2.00000000e+00   2.00000000e+00   5.00000000e+00
   1.41200000e+03]
{4,4,4,3,2,1,7}([4]2,3,1)([5]3,2,7)([6]3,3,0)([7]1,5,5)([8]3,2,2)([9]0,1,3)([10]8,8,5)([11]2,7,1)([12]7,9,3)([13]3,3,0)([14]0,11,0)([15]2,3,1)(12,10,12,4)

[   14.    -0.    -0.    13.     0.     2.     2.     5.  1733.]
{4,4,4,3,2,1,7}([4]0,2,3)([5]0,1,7)([6]3,1,3)([7]1,6,7)([8]6,5,1)([9]1,4,2)([10]3,7,5)([11]0,7,2)([12]2,7,3)([13]3,0,8)([14]10,12,3)([15]0,10,8)(15,5,12,8)

[  0.00000000e+00  -0.00000000e+00  -0.00000000e+00   1.20000000e+01
   3.00000000e+00   2.00000000e+00   1.00000000e+00   1.00000000e+01
   2.60100000e+03]
{4,4,4,3,2,1,2}([4]3,0,4)([5]0,1,3)([6]3,3,3)([7]1,3,6)([8]0,6,4)([9]3,2,3)([10]0,8,4)([11]3,2,7)([12]3,8,1)([13]3,3,1)([14]3,11,0)([15]1,0,8)(9,5,9,5)

[  0.00000000e+00  -0.00000000e+00  -0.00000000e+00   1.40000000e+01
   3.00000000e+00   2.00000000e+00   1.00000000e+00   8.00000000e+00
   3.60100000e+03]
{4,4,4,3,2,1,4}([4]1,0,3)([5]0,3,3)([6]2,0,3)([7]3,1,0)([8]3,1,3)([9]6,1,1)([10]2,1,3)([11]2,3,4)([12]8,3,1)([13]10,10,0)([14]12,1,3)([15]3,10,3)(13,5,0,15)

[  0.00000000e+00  -0.00000000e+00  -0.00000000e+00   1.20000000e+01
   3.00000000e+00   2.00000000e+00   1.00000000e+00   5.00000000e+00
   4.00100000e+03]
{4,4,4,3,2,1,7}([4]3,2,3)([5]1,2,1)([6]0,2,7)([7]3,1,0)([8]6,4,1)([9]4,0,3)([10]1,0,0)([11]9,8,0)([12]8,0,1)([13]3,2,0)([14]2,0,5)([15]10,1,4)(9,1,11,15)

[  0.00000000e+00  -0.00000000e+00  -0.00000000e+00   1.20000000e+01
   3.00000000e+00   2.00000000e+00   1.00000000e+00   7.00000000e+00
   4.80300000e+03]
{4,4,4,3,2,1,5}([4]3,1,3)([5]2,1,4)([6]2,3,3)([7]4,5,4)([8]6,4,3)([9]1,5,6)([10]1,1,2)([11]1,2,3)([12]1,2,3)([13]2,3,6)([14]0,3,3)([15]0,12,5)(14,8,12,14)

[  0.00000000e+00  -0.00000000e+00  -0.00000000e+00   1.20000000e+01
   3.00000000e+00   2.00000000e+00   1.00000000e+00   7.00000000e+00
   7.40200000e+03]
{4,4,4,3,2,1,5}([4]1,1,2)([5]1,2,5)([6]3,2,7)([7]6,3,6)([8]4,5,4)([9]0,2,3)([10]1,0,4)([11]1,3,7)([12]9,1,3)([13]12,12,6)([14]1,12,7)([15]12,2,4)(12,15,7,7)

[  2.90000000e+01   8.30075026e-01   1.00000000e+00   1.05000000e+01
   0.00000000e+00   1.00000000e+00   3.00000000e+00   3.00000000e+00
   7.43800000e+03]
{4,4,4,3,2,1,9}([4]3,2,0)([5]0,2,6)([6]3,0,1)([7]4,0,0)([8]2,6,3)([9]5,4,8)([10]8,8,4)([11]2,9,8)([12]2,3,8)([13]10,1,8)([14]10,2,7)([15]0,2,7)(9,13,14,11)

[  1.60000000e+01   2.00000000e+00   2.00000000e+00   1.10000000e+01
   0.00000000e+00   1.00000000e+00   2.00000000e+00   4.00000000e+00
   8.87900000e+03]
{4,4,4,3,2,1,8}([4]3,2,6)([5]1,0,7)([6]1,0,5)([7]2,1,1)([8]3,5,7)([9]6,1,4)([10]3,1,1)([11]2,9,1)([12]3,2,6)([13]0,12,1)([14]10,11,3)([15]1,1,0)(5,7,4,14)

[  2.30000000e+01  -0.00000000e+00   1.00000000e+00   1.30000000e+01
   0.00000000e+00   2.00000000e+00   1.00000000e+00   3.00000000e+00
   9.08400000e+03]
{4,4,4,3,2,1,9}([4]3,1,3)([5]1,2,1)([6]3,0,8)([7]3,5,6)([8]3,0,0)([9]6,5,3)([10]7,3,3)([11]3,9,4)([12]8,0,5)([13]10,2,3)([14]11,1,1)([15]12,0,6)(13,4,12,9)

[  1.60000000e+01   2.00000000e+00   2.00000000e+00   1.15000000e+01
   0.00000000e+00   1.00000000e+00   2.00000000e+00   4.00000000e+00
   1.06080000e+04]
{4,4,4,3,2,1,8}([4]1,3,3)([5]3,1,5)([6]3,0,0)([7]1,0,7)([8]4,4,0)([9]6,5,1)([10]2,3,1)([11]0,7,3)([12]8,2,7)([13]12,10,7)([14]0,2,2)([15]10,11,3)(7,14,9,15)

[  3.20000000e+01  -0.00000000e+00   4.15037513e-01   6.00000000e+00
   0.00000000e+00   1.00000000e+00   3.00000000e+00   4.00000000e+00
   1.08700000e+04]
{4,4,4,3,2,1,8}([4]0,3,1)([5]3,3,2)([6]3,0,0)([7]1,6,6)([8]1,4,1)([9]6,1,8)([10]7,1,4)([11]1,3,2)([12]2,8,3)([13]12,10,7)([14]12,10,1)([15]0,12,2)(14,14,13,14)

[  0.00000000e+00  -0.00000000e+00  -0.00000000e+00   1.20000000e+01
   3.00000000e+00   2.00000000e+00   1.00000000e+00   7.00000000e+00
   1.12020000e+04]
{4,4,4,3,2,1,5}([4]3,1,8)([5]0,1,3)([6]3,2,4)([7]5,2,3)([8]0,3,6)([9]0,1,6)([10]7,1,4)([11]7,9,3)([12]2,9,1)([13]3,2,7)([14]2,12,7)([15]10,3,4)(3,15,15,6)

[  0.00000000e+00  -0.00000000e+00  -0.00000000e+00   1.20000000e+01
   3.00000000e+00   2.00000000e+00   1.00000000e+00   7.00000000e+00
   1.12030000e+04]
{4,4,4,3,2,1,5}([4]3,1,8)([5]0,1,3)([6]3,2,4)([7]5,2,3)([8]0,3,6)([9]0,1,6)([10]7,1,4)([11]7,9,3)([12]2,9,1)([13]3,12,7)([14]2,12,7)([15]10,3,4)(3,15,15,6)

[  0.00000000e+00  -0.00000000e+00  -0.00000000e+00   1.20000000e+01
   3.00000000e+00   2.00000000e+00   1.00000000e+00   6.00000000e+00
   1.12040000e+04]
{4,4,4,3,2,1,6}([4]0,0,7)([5]0,1,3)([6]2,1,1)([7]3,6,6)([8]0,0,1)([9]5,3,3)([10]3,7,6)([11]3,2,3)([12]8,7,8)([13]12,10,8)([14]11,10,0)([15]3,11,1)(5,14,5,11)

[  3.20000000e+01  -0.00000000e+00   4.15037513e-01   4.00000000e+00
   0.00000000e+00   1.00000000e+00   3.00000000e+00   6.00000000e+00
   1.21000000e+04]
{4,4,4,3,2,1,6}([4]2,0,6)([5]1,3,1)([6]0,0,2)([7]4,3,2)([8]0,5,6)([9]1,3,4)([10]9,9,4)([11]7,8,3)([12]1,2,0)([13]11,11,8)([14]1,11,2)([15]12,11,6)(13,13,13,13)

[  0.00000000e+00  -0.00000000e+00  -0.00000000e+00   1.20000000e+01
   3.00000000e+00   2.00000000e+00   1.00000000e+00   1.00000000e+01
   1.24050000e+04]
{4,4,4,3,2,1,2}([4]2,3,1)([5]3,3,8)([6]1,3,3)([7]1,6,0)([8]2,6,3)([9]6,6,6)([10]3,0,5)([11]8,0,2)([12]8,8,0)([13]12,0,7)([14]2,10,4)([15]12,2,8)(0,8,0,8)

[  1.60000000e+01   2.00000000e+00   2.00000000e+00   1.00000000e+01
   0.00000000e+00   1.00000000e+00   2.00000000e+00   4.00000000e+00
   1.31940000e+04]
{4,4,4,3,2,1,8}([4]1,2,1)([5]0,3,7)([6]2,2,7)([7]0,1,8)([8]1,3,7)([9]0,6,7)([10]1,0,0)([11]9,3,0)([12]9,8,3)([13]11,3,1)([14]1,3,1)([15]12,12,0)(4,5,15,11)

[  0.00000000e+00  -0.00000000e+00  -0.00000000e+00   1.40000000e+01
   3.00000000e+00   2.00000000e+00   1.00000000e+00   9.00000000e+00
   1.48010000e+04]
{4,4,4,3,2,1,3}([4]0,1,4)([5]3,2,7)([6]0,2,2)([7]2,1,8)([8]4,6,6)([9]3,1,2)([10]0,3,3)([11]2,1,3)([12]2,3,7)([13]2,10,3)([14]1,12,2)([15]0,2,6)(10,1,11,13)

[  0.00000000e+00  -0.00000000e+00  -0.00000000e+00   1.20000000e+01
   3.00000000e+00   2.00000000e+00   1.00000000e+00   9.00000000e+00
   1.50010000e+04]
{4,4,4,3,2,1,3}([4]2,0,6)([5]1,3,5)([6]1,0,3)([7]2,4,5)([8]6,2,3)([9]5,4,3)([10]1,9,8)([11]7,8,1)([12]3,2,5)([13]12,3,1)([14]10,2,4)([15]3,3,2)(5,3,8,8)

[  3.90000000e+01   8.30075026e-01   1.00000000e+00   1.10000000e+01
   0.00000000e+00   1.00000000e+00   2.00000000e+00   5.00000000e+00
   1.50350000e+04]
{4,4,4,3,2,1,7}([4]0,0,7)([5]3,3,4)([6]3,0,8)([7]2,2,5)([8]1,0,7)([9]2,3,8)([10]0,2,8)([11]2,7,5)([12]9,8,3)([13]12,12,7)([14]10,12,3)([15]1,10,8)(12,6,14,15)

[  1.60000000e+01   2.00000000e+00   2.00000000e+00   1.00000000e+01
   0.00000000e+00   1.00000000e+00   2.00000000e+00   5.00000000e+00
   1.52080000e+04]
{4,4,4,3,2,1,7}([4]0,1,7)([5]2,3,6)([6]1,3,2)([7]0,4,2)([8]4,5,3)([9]5,4,6)([10]2,3,3)([11]9,1,3)([12]8,2,4)([13]0,2,5)([14]0,10,6)([15]10,0,3)(6,14,12,4)

[  0.00000000e+00  -0.00000000e+00  -0.00000000e+00   1.20000000e+01
   3.00000000e+00   2.00000000e+00   1.00000000e+00   1.00000000e+01
   1.86030000e+04]
{4,4,4,3,2,1,2}([4]3,0,4)([5]0,1,3)([6]0,1,1)([7]3,5,7)([8]3,5,3)([9]1,6,5)([10]3,2,3)([11]2,0,7)([12]8,3,0)([13]3,11,6)([14]10,10,7)([15]3,10,7)(8,2,8,2)

[  5.60000000e+01  -0.00000000e+00   1.00000000e+00   9.00000000e+00
   0.00000000e+00   1.00000000e+00   2.00000000e+00   6.00000000e+00
   1.88100000e+04]
{4,4,4,3,2,1,6}([4]2,1,6)([5]0,3,7)([6]2,1,7)([7]6,5,3)([8]5,5,1)([9]4,5,3)([10]0,7,0)([11]0,1,4)([12]2,9,1)([13]2,12,8)([14]11,0,1)([15]10,11,8)(12,9,7,9)


Spea searching with population size: 200 and generation count: 200
genome: PERMUTATION (True, 4, 4)
probability of mutation: 0.900000 probability of crossover: 0.050000
criterions: [BENT_AND_MOSAC, LP_MAX, DP_MAX, SAC, BF, POLYNOMIAL_DEGREE]
[  31.            0.83007503    1.41503751   15.            0.            3.
    3.            0.          463.        ]
13 14 10 9 8 5 3 0 7 2 1 12 4 11 15 6 
[  32.    2.    2.   15.    2.    2.    3.    0.  639.]
2 14 7 15 1 4 13 3 12 5 6 11 9 0 10 8 
[  32.    2.    2.   15.    2.    2.    3.    0.  641.]
8 10 0 9 11 6 5 12 13 3 1 4 7 15 2 14 
[  32.    2.    2.   15.    2.    2.    3.    0.  642.]
2 14 7 15 1 4 13 3 12 11 5 6 9 8 0 10 
[  32.    2.    2.   15.    2.    2.    3.    0.  643.]
10 0 8 9 6 5 11 12 3 13 4 1 15 7 14 2 
[  32.    2.    2.   15.    2.    2.    3.    0.  644.]
2 14 7 15 1 4 13 3 5 12 11 6 0 9 8 10 
[  32.    2.    2.   15.    2.    2.    3.    0.  645.]
10 8 9 0 6 11 12 5 3 13 4 1 15 7 14 2 
[  32.    2.    2.   15.    2.    2.    3.    0.  646.]
2 7 14 15 1 13 4 3 5 11 12 6 0 8 9 10 
[  32.    2.    2.   15.    2.    2.    3.    0.  647.]
0 10 9 8 6 5 11 12 13 3 1 4 15 7 14 2 
[  32.    2.    2.   15.    2.    2.    3.    0.  648.]
2 14 7 15 4 1 3 13 12 11 5 6 8 9 10 0 
[  32.    2.    2.   15.    2.    2.    3.    0.  649.]
2 14 7 15 1 4 13 3 5 6 12 11 0 10 9 8 
[  3.10000000e+01   8.30075026e-01   1.41503751e+00   1.50000000e+01
   0.00000000e+00   3.00000000e+00   3.00000000e+00   0.00000000e+00
   1.17500000e+03]
0 11 10 12 3 13 15 1 5 2 6 9 14 4 8 7 
[   32.     2.     2.    15.     2.     2.     3.     0.  1278.]
12 2 10 14 1 0 8 3 9 4 15 13 5 7 6 11 
[   32.     2.     2.    15.     2.     2.     3.     0.  1279.]
2 12 14 10 1 0 8 3 9 4 15 13 7 5 11 6 
[  0.00000000e+00  -0.00000000e+00  -0.00000000e+00   1.50000000e+01
   3.00000000e+00   2.00000000e+00   2.00000000e+00   0.00000000e+00
   2.04500000e+03]
0 12 13 4 9 15 11 8 6 10 14 7 5 3 2 1 
[  0.00000000e+00  -0.00000000e+00  -0.00000000e+00   1.50000000e+01
   3.00000000e+00   2.00000000e+00   2.00000000e+00   0.00000000e+00
   2.05000000e+03]
1 2 3 5 7 14 10 6 8 11 15 9 4 13 12 0 
[  3.10000000e+01   8.30075026e-01   1.41503751e+00   1.50000000e+01
   0.00000000e+00   3.00000000e+00   3.00000000e+00   0.00000000e+00
   3.95000000e+03]
10 9 13 14 12 2 0 5 4 7 1 11 3 8 15 6 
[  3.10000000e+01   8.30075026e-01   1.41503751e+00   1.50000000e+01
   0.00000000e+00   3.00000000e+00   3.00000000e+00   0.00000000e+00
   3.96100000e+03]
6 15 8 3 11 1 7 4 5 0 2 12 14 13 9 10 

Vega searching with population size: 200 and generation count: 200
genome: PERMUTATION (True, 4, 4)
probability of mutation: 0.100000 probability of crossover: 0.900000
criterions: [BENT_AND_MOSAC, LP_MAX, DP_MAX, SAC, BF, POLYNOMIAL_DEGREE]
[ 32.   2.   2.  15.   1.   2.   3.   0.  21.]
12 4 2 6 9 8 15 7 0 13 11 5 10 3 14 1 
[ 32.   2.   2.  15.   1.   2.   3.   0.  33.]
2 10 6 11 0 14 5 3 15 7 12 9 1 8 13 4 
[ 32.   2.   2.  15.   1.   2.   3.   0.  38.]
6 13 9 1 14 10 15 3 4 11 0 8 2 7 12 5 
[ 32.   2.   2.  15.   1.   2.   3.   0.  41.]
15 5 14 8 3 7 1 6 2 9 12 0 10 11 4 13 
[ 32.   2.   2.  15.   1.   2.   3.   0.  61.]
0 10 5 3 9 8 4 15 11 2 13 1 6 14 7 12 
[  32.    2.    2.   15.    1.    2.    3.    0.  222.]
14 12 11 10 0 9 7 3 1 6 15 2 5 8 13 4 
[  32.    2.    2.   15.    1.    2.    3.    0.  231.]
1 4 9 3 6 5 0 8 7 10 11 15 2 12 14 13 
[  32.    2.    2.   15.    1.    2.    3.    0.  247.]
9 6 0 4 10 3 12 14 11 5 2 8 1 13 7 15 
[  32.    2.    2.   15.    1.    2.    3.    0.  427.]
3 0 11 10 14 8 7 2 4 9 1 6 13 12 15 5 
[  32.    2.    2.   15.    1.    2.    3.    0.  431.]
2 15 11 10 8 13 4 6 1 12 5 14 9 0 3 7 
[  32.    2.    2.   15.    1.    2.    3.    0.  435.]
2 3 8 5 10 0 4 15 1 13 9 11 6 12 7 14 
[  32.    2.    2.   15.    1.    2.    3.    0.  456.]
8 6 3 2 1 4 5 15 14 9 7 11 13 12 0 10 
[  32.    2.    2.   15.    1.    2.    3.    0.  613.]
4 2 10 8 6 5 0 11 13 12 14 9 15 3 7 1 
[  3.20000000e+01   2.00000000e+00   2.00000000e+00   1.50000000e+01
   1.00000000e+00   2.00000000e+00   3.00000000e+00   0.00000000e+00
   1.02900000e+03]
4 2 0 10 12 9 1 3 5 13 15 14 6 11 8 7 
[  3.20000000e+01   2.00000000e+00   2.00000000e+00   1.50000000e+01
   1.00000000e+00   2.00000000e+00   3.00000000e+00   0.00000000e+00
   1.22700000e+03]
15 11 8 13 6 12 0 9 1 10 5 7 2 4 3 14 
[  3.20000000e+01   2.00000000e+00   2.00000000e+00   1.50000000e+01
   1.00000000e+00   2.00000000e+00   3.00000000e+00   0.00000000e+00
   1.23800000e+03]
13 9 14 5 12 0 10 2 8 1 7 4 11 6 3 15 
[  3.20000000e+01   2.00000000e+00   2.00000000e+00   1.50000000e+01
   1.00000000e+00   2.00000000e+00   3.00000000e+00   0.00000000e+00
   1.39400000e+03]
10 4 3 2 8 14 11 13 12 5 9 1 15 6 0 7 
[  3.20000000e+01   2.00000000e+00   2.00000000e+00   1.50000000e+01
   1.00000000e+00   2.00000000e+00   3.00000000e+00   0.00000000e+00
   1.40300000e+03]
5 14 15 7 1 8 6 2 11 9 13 10 3 12 0 4 
[  3.20000000e+01   2.00000000e+00   2.00000000e+00   1.50000000e+01
   1.00000000e+00   2.00000000e+00   3.00000000e+00   0.00000000e+00
   1.41000000e+03]
6 8 2 1 3 12 7 5 4 14 11 15 9 13 10 0 
[  3.20000000e+01   2.00000000e+00   2.00000000e+00   1.50000000e+01
   1.00000000e+00   2.00000000e+00   3.00000000e+00   0.00000000e+00
   1.41300000e+03]
14 15 4 1 3 12 13 5 6 7 0 11 10 9 2 8 
[  3.20000000e+01   2.00000000e+00   2.00000000e+00   1.50000000e+01
   1.00000000e+00   2.00000000e+00   3.00000000e+00   0.00000000e+00
   1.42600000e+03]
4 6 13 11 2 7 10 9 1 0 5 12 8 15 3 14 
[  3.20000000e+01   2.00000000e+00   2.00000000e+00   1.50000000e+01
   1.00000000e+00   2.00000000e+00   3.00000000e+00   0.00000000e+00
   1.62100000e+03]
13 9 0 12 1 11 10 15 14 8 7 6 3 4 2 5 
[  3.20000000e+01   2.00000000e+00   2.00000000e+00   1.50000000e+01
   1.00000000e+00   2.00000000e+00   3.00000000e+00   0.00000000e+00
   1.62200000e+03]
5 9 10 13 2 3 6 0 7 14 1 12 11 15 8 4 
[  3.20000000e+01   2.00000000e+00   2.00000000e+00   1.50000000e+01
   1.00000000e+00   2.00000000e+00   3.00000000e+00   0.00000000e+00
   1.62500000e+03]
12 13 10 5 15 11 3 14 4 1 7 0 9 8 6 2 
[  3.20000000e+01   2.00000000e+00   2.00000000e+00   1.50000000e+01
   1.00000000e+00   2.00000000e+00   3.00000000e+00   0.00000000e+00
   1.80500000e+03]
15 14 4 6 10 13 9 12 8 3 1 7 2 11 5 0 
[  3.20000000e+01   2.00000000e+00   2.00000000e+00   1.50000000e+01
   1.00000000e+00   2.00000000e+00   3.00000000e+00   0.00000000e+00
   1.80600000e+03]
15 13 6 8 14 7 4 3 9 12 2 10 5 0 11 1 
[  3.20000000e+01   2.00000000e+00   2.00000000e+00   1.50000000e+01
   1.00000000e+00   2.00000000e+00   3.00000000e+00   0.00000000e+00
   1.80700000e+03]
12 15 6 7 2 4 9 5 8 13 1 10 0 14 3 11 
[  3.20000000e+01   2.00000000e+00   2.00000000e+00   1.50000000e+01
   1.00000000e+00   2.00000000e+00   3.00000000e+00   0.00000000e+00
   1.81900000e+03]
0 14 8 10 15 4 1 3 7 2 5 9 12 6 13 11 
[  3.20000000e+01   2.00000000e+00   2.00000000e+00   1.50000000e+01
   1.00000000e+00   2.00000000e+00   3.00000000e+00   0.00000000e+00
   1.82800000e+03]
1 13 12 11 9 3 5 2 10 14 0 8 15 6 4 7 
[  3.20000000e+01   2.00000000e+00   2.00000000e+00   1.50000000e+01
   1.00000000e+00   2.00000000e+00   3.00000000e+00   0.00000000e+00
   1.83800000e+03]
0 8 4 2 3 13 10 14 11 15 6 1 9 5 12 7 
[  3.20000000e+01   2.00000000e+00   2.00000000e+00   1.50000000e+01
   1.00000000e+00   2.00000000e+00   3.00000000e+00   0.00000000e+00
   1.97700000e+03]
7 5 15 2 9 12 14 4 1 13 3 8 0 6 10 11 
[  3.20000000e+01   2.00000000e+00   2.00000000e+00   1.50000000e+01
   1.00000000e+00   2.00000000e+00   3.00000000e+00   0.00000000e+00
   2.02300000e+03]
7 11 13 8 5 6 4 0 14 1 12 10 3 2 9 15 
[  3.20000000e+01   2.00000000e+00   2.00000000e+00   1.50000000e+01
   1.00000000e+00   2.00000000e+00   3.00000000e+00   0.00000000e+00
   2.02600000e+03]
8 11 0 7 14 9 15 13 5 3 6 4 12 1 2 10 
[  3.20000000e+01   2.00000000e+00   2.00000000e+00   1.50000000e+01
   1.00000000e+00   2.00000000e+00   3.00000000e+00   0.00000000e+00
   2.22500000e+03]
2 3 7 1 10 14 9 4 11 12 6 0 15 5 13 8 
[  3.20000000e+01   2.00000000e+00   2.00000000e+00   1.50000000e+01
   1.00000000e+00   2.00000000e+00   3.00000000e+00   0.00000000e+00
   2.24700000e+03]
10 9 4 12 14 2 15 8 3 11 5 7 6 1 0 13 
[  3.20000000e+01   2.00000000e+00   2.00000000e+00   1.50000000e+01
   1.00000000e+00   2.00000000e+00   3.00000000e+00   0.00000000e+00
   2.25800000e+03]
6 9 14 15 1 7 10 11 8 0 2 12 3 5 4 13 
[  3.20000000e+01   2.00000000e+00   2.00000000e+00   1.50000000e+01
   1.00000000e+00   2.00000000e+00   3.00000000e+00   0.00000000e+00
   2.40100000e+03]
1 3 15 13 7 8 11 10 2 4 9 0 6 12 5 14 
[  3.20000000e+01   2.00000000e+00   2.00000000e+00   1.50000000e+01
   1.00000000e+00   2.00000000e+00   3.00000000e+00   0.00000000e+00
   2.44200000e+03]
4 10 8 2 0 3 14 5 9 12 11 1 7 6 15 13 
[  3.20000000e+01   2.00000000e+00   2.00000000e+00   1.50000000e+01
   1.00000000e+00   2.00000000e+00   3.00000000e+00   0.00000000e+00
   2.62200000e+03]
12 5 4 8 11 13 0 6 9 10 3 2 7 15 1 14 
[  3.20000000e+01   2.00000000e+00   2.00000000e+00   1.50000000e+01
   1.00000000e+00   2.00000000e+00   3.00000000e+00   0.00000000e+00
   2.80600000e+03]
13 4 12 11 5 8 15 14 6 7 9 3 1 10 0 2 
[  3.20000000e+01   2.00000000e+00   2.00000000e+00   1.50000000e+01
   1.00000000e+00   2.00000000e+00   3.00000000e+00   0.00000000e+00
   2.82400000e+03]
4 8 5 7 2 11 10 3 13 14 12 1 9 15 0 6 
[  3.20000000e+01   2.00000000e+00   2.00000000e+00   1.50000000e+01
   1.00000000e+00   2.00000000e+00   3.00000000e+00   0.00000000e+00
   2.82800000e+03]
8 12 15 5 10 3 2 0 6 14 7 9 4 11 13 1 
[  3.20000000e+01   2.00000000e+00   2.00000000e+00   1.50000000e+01
   1.00000000e+00   2.00000000e+00   3.00000000e+00   0.00000000e+00
   3.00900000e+03]
11 15 9 14 8 2 4 6 5 3 7 12 0 1 13 10 
[  3.20000000e+01   2.00000000e+00   2.00000000e+00   1.50000000e+01
   1.00000000e+00   2.00000000e+00   3.00000000e+00   0.00000000e+00
   3.03800000e+03]
15 5 11 0 12 13 10 14 2 3 7 4 6 9 8 1 
[  3.20000000e+01   2.00000000e+00   2.00000000e+00   1.50000000e+01
   1.00000000e+00   2.00000000e+00   3.00000000e+00   0.00000000e+00
   3.15200000e+03]
0 11 4 2 13 1 7 3 9 14 12 8 10 6 5 15 
[  3.20000000e+01   2.00000000e+00   2.00000000e+00   1.50000000e+01
   1.00000000e+00   2.00000000e+00   3.00000000e+00   0.00000000e+00
   3.20500000e+03]
6 9 11 10 5 15 12 14 3 8 2 7 1 0 13 4 
[  3.20000000e+01   2.00000000e+00   2.00000000e+00   1.50000000e+01
   1.00000000e+00   2.00000000e+00   3.00000000e+00   0.00000000e+00
   3.25400000e+03]
10 13 3 5 9 2 8 1 15 14 4 12 11 7 6 0 
[  3.20000000e+01   2.00000000e+00   2.00000000e+00   1.50000000e+01
   1.00000000e+00   2.00000000e+00   3.00000000e+00   0.00000000e+00
   3.42600000e+03]
14 6 12 5 15 8 1 7 0 13 2 4 11 9 10 3 
[  3.20000000e+01   2.00000000e+00   2.00000000e+00   1.50000000e+01
   1.00000000e+00   2.00000000e+00   3.00000000e+00   0.00000000e+00
   3.44100000e+03]
4 13 8 2 9 12 0 6 15 5 1 7 3 14 11 10 
[  3.20000000e+01   2.00000000e+00   2.00000000e+00   1.50000000e+01
   1.00000000e+00   2.00000000e+00   3.00000000e+00   0.00000000e+00
   3.52400000e+03]
5 6 4 10 11 15 8 2 7 13 0 1 12 9 14 3 
[  3.20000000e+01   2.00000000e+00   2.00000000e+00   1.50000000e+01
   1.00000000e+00   2.00000000e+00   3.00000000e+00   0.00000000e+00
   3.60100000e+03]
6 12 5 4 1 14 3 13 15 7 11 8 0 2 10 9 
[  3.20000000e+01   2.00000000e+00   2.00000000e+00   1.50000000e+01
   1.00000000e+00   2.00000000e+00   3.00000000e+00   0.00000000e+00
   3.61000000e+03]
0 10 12 8 6 9 3 2 5 11 7 14 4 1 15 13 
[  3.20000000e+01   2.00000000e+00   2.00000000e+00   1.50000000e+01
   1.00000000e+00   2.00000000e+00   3.00000000e+00   0.00000000e+00
   3.63200000e+03]
6 12 0 9 13 10 4 2 5 8 14 15 1 11 3 7 
[  3.20000000e+01   2.00000000e+00   2.00000000e+00   1.50000000e+01
   1.00000000e+00   2.00000000e+00   3.00000000e+00   0.00000000e+00
   3.81800000e+03]
3 8 11 9 0 6 2 5 7 13 12 10 14 15 4 1 
[  3.20000000e+01   2.00000000e+00   2.00000000e+00   1.50000000e+01
   1.00000000e+00   2.00000000e+00   3.00000000e+00   0.00000000e+00
   3.82000000e+03]
2 12 0 9 4 14 15 10 6 1 8 11 7 3 5 13 
[  3.20000000e+01   2.00000000e+00   2.00000000e+00   1.50000000e+01
   1.00000000e+00   2.00000000e+00   3.00000000e+00   0.00000000e+00
   3.96400000e+03]
15 4 9 13 8 2 12 5 6 10 0 1 14 3 11 7 
[  3.20000000e+01   2.00000000e+00   2.00000000e+00   1.50000000e+01
   1.00000000e+00   2.00000000e+00   3.00000000e+00   0.00000000e+00
   4.18000000e+03]
3 8 9 13 7 12 1 11 4 14 10 15 6 2 5 0 
[  3.20000000e+01   2.00000000e+00   2.00000000e+00   1.50000000e+01
   1.00000000e+00   2.00000000e+00   3.00000000e+00   0.00000000e+00
   4.21100000e+03]
10 1 4 0 15 9 12 11 6 5 14 8 13 7 3 2 
[  3.20000000e+01   2.00000000e+00   2.00000000e+00   1.50000000e+01
   1.00000000e+00   2.00000000e+00   3.00000000e+00   0.00000000e+00
   4.22400000e+03]
13 9 2 8 15 1 6 5 10 3 11 14 12 7 4 0 
[  3.20000000e+01   2.00000000e+00   2.00000000e+00   1.50000000e+01
   1.00000000e+00   2.00000000e+00   3.00000000e+00   0.00000000e+00
   4.22500000e+03]
12 1 10 6 13 7 15 14 8 4 0 9 11 3 5 2 
[  3.20000000e+01   2.00000000e+00   2.00000000e+00   1.50000000e+01
   1.00000000e+00   2.00000000e+00   3.00000000e+00   0.00000000e+00
   4.41700000e+03]
5 9 0 13 3 7 4 6 10 12 14 1 11 15 8 2 
[  3.20000000e+01   2.00000000e+00   2.00000000e+00   1.50000000e+01
   1.00000000e+00   2.00000000e+00   3.00000000e+00   0.00000000e+00
   4.60000000e+03]
12 8 2 14 0 1 9 4 10 3 15 7 5 11 13 6 
[  3.20000000e+01   2.00000000e+00   2.00000000e+00   1.50000000e+01
   1.00000000e+00   2.00000000e+00   3.00000000e+00   0.00000000e+00
   4.60100000e+03]
12 14 8 1 4 15 6 9 10 2 3 11 7 5 0 13 
[  3.20000000e+01   2.00000000e+00   2.00000000e+00   1.50000000e+01
   1.00000000e+00   2.00000000e+00   3.00000000e+00   0.00000000e+00
   4.62300000e+03]
2 5 4 13 10 11 14 8 0 12 1 3 6 9 15 7 
[  3.20000000e+01   2.00000000e+00   2.00000000e+00   1.50000000e+01
   1.00000000e+00   2.00000000e+00   3.00000000e+00   0.00000000e+00
   4.81900000e+03]
14 3 15 9 13 1 4 7 8 12 5 11 10 0 6 2 
[  3.20000000e+01   2.00000000e+00   2.00000000e+00   1.50000000e+01
   1.00000000e+00   2.00000000e+00   3.00000000e+00   0.00000000e+00
   5.01300000e+03]
9 2 4 7 8 10 1 13 12 6 0 14 3 5 11 15 
[  3.20000000e+01   2.00000000e+00   2.00000000e+00   1.50000000e+01
   1.00000000e+00   2.00000000e+00   3.00000000e+00   0.00000000e+00
   5.03900000e+03]
5 9 10 12 7 2 3 11 8 13 6 15 0 4 1 14 
[  3.20000000e+01   2.00000000e+00   2.00000000e+00   1.50000000e+01
   1.00000000e+00   2.00000000e+00   3.00000000e+00   0.00000000e+00
   5.04100000e+03]
11 9 5 10 6 12 4 0 7 3 2 14 15 1 13 8 
[  3.20000000e+01   2.00000000e+00   2.00000000e+00   1.50000000e+01
   1.00000000e+00   2.00000000e+00   3.00000000e+00   0.00000000e+00
   5.05900000e+03]
3 5 8 13 14 9 10 1 2 0 12 6 7 4 11 15 
[  3.20000000e+01   2.00000000e+00   2.00000000e+00   1.50000000e+01
   1.00000000e+00   2.00000000e+00   3.00000000e+00   0.00000000e+00
   5.20400000e+03]
10 13 3 4 2 6 12 0 15 9 14 11 7 5 8 1 
[  3.20000000e+01   2.00000000e+00   2.00000000e+00   1.50000000e+01
   1.00000000e+00   2.00000000e+00   3.00000000e+00   0.00000000e+00
   5.44200000e+03]
2 10 11 8 13 12 0 9 3 4 15 6 1 14 7 5 
[  3.20000000e+01   2.00000000e+00   2.00000000e+00   1.50000000e+01
   1.00000000e+00   2.00000000e+00   3.00000000e+00   0.00000000e+00
   5.61000000e+03]
0 4 7 2 1 10 3 9 5 8 15 12 14 6 11 13 
[  3.20000000e+01   2.00000000e+00   2.00000000e+00   1.50000000e+01
   1.00000000e+00   2.00000000e+00   3.00000000e+00   0.00000000e+00
   5.62000000e+03]
2 0 4 1 7 8 15 12 13 11 6 5 14 10 3 9 
[  3.20000000e+01   2.00000000e+00   2.00000000e+00   1.50000000e+01
   1.00000000e+00   2.00000000e+00   3.00000000e+00   0.00000000e+00
   5.62800000e+03]
9 10 11 6 1 13 15 3 0 2 5 4 7 8 14 12 
[  3.20000000e+01   2.00000000e+00   2.00000000e+00   1.50000000e+01
   1.00000000e+00   2.00000000e+00   3.00000000e+00   0.00000000e+00
   5.63300000e+03]
6 15 14 2 0 4 12 7 1 11 13 3 10 8 5 9 
[  3.20000000e+01   2.00000000e+00   2.00000000e+00   1.50000000e+01
   1.00000000e+00   2.00000000e+00   3.00000000e+00   0.00000000e+00
   5.80800000e+03]
3 11 12 10 9 15 7 2 0 14 8 13 4 5 6 1 
[  3.20000000e+01   2.00000000e+00   2.00000000e+00   1.50000000e+01
   1.00000000e+00   2.00000000e+00   3.00000000e+00   0.00000000e+00
   5.82400000e+03]
8 3 4 14 2 6 13 15 10 0 12 1 9 5 11 7 
[  3.20000000e+01   2.00000000e+00   2.00000000e+00   1.50000000e+01
   1.00000000e+00   2.00000000e+00   3.00000000e+00   0.00000000e+00
   5.83600000e+03]
4 3 6 1 15 11 9 13 0 8 12 7 10 2 14 5 
[  3.20000000e+01   2.00000000e+00   2.00000000e+00   1.50000000e+01
   1.00000000e+00   2.00000000e+00   3.00000000e+00   0.00000000e+00
   5.84700000e+03]
14 15 2 5 12 0 10 6 7 9 11 3 13 8 4 1 
[  3.20000000e+01   2.00000000e+00   2.00000000e+00   1.50000000e+01
   1.00000000e+00   2.00000000e+00   3.00000000e+00   0.00000000e+00
   6.00000000e+03]
15 8 3 9 4 2 1 7 6 5 10 11 12 0 14 13 
[  3.20000000e+01   2.00000000e+00   2.00000000e+00   1.50000000e+01
   1.00000000e+00   2.00000000e+00   3.00000000e+00   0.00000000e+00
   6.22300000e+03]
9 13 0 14 1 11 8 3 6 15 10 2 5 12 4 7 
[  3.20000000e+01   2.00000000e+00   2.00000000e+00   1.50000000e+01
   1.00000000e+00   2.00000000e+00   3.00000000e+00   0.00000000e+00
   6.40800000e+03]
7 5 3 9 8 4 1 2 13 6 11 10 15 0 12 14 
[  3.20000000e+01   2.00000000e+00   2.00000000e+00   1.50000000e+01
   1.00000000e+00   2.00000000e+00   3.00000000e+00   0.00000000e+00
   6.61000000e+03]
11 2 3 1 7 12 10 4 6 0 13 9 15 14 5 8 
[  3.20000000e+01   2.00000000e+00   2.00000000e+00   1.50000000e+01
   1.00000000e+00   2.00000000e+00   3.00000000e+00   0.00000000e+00
   6.63400000e+03]
8 5 1 0 2 9 14 12 6 7 4 10 3 15 13 11 
[  3.20000000e+01   2.00000000e+00   2.00000000e+00   1.50000000e+01
   1.00000000e+00   2.00000000e+00   3.00000000e+00   0.00000000e+00
   6.63700000e+03]
13 14 4 0 6 10 7 1 11 2 9 8 12 3 5 15 
[  3.20000000e+01   2.00000000e+00   2.00000000e+00   1.50000000e+01
   1.00000000e+00   2.00000000e+00   3.00000000e+00   0.00000000e+00
   6.83300000e+03]
0 11 3 14 8 9 6 2 12 15 4 10 5 1 13 7 
[  3.20000000e+01   2.00000000e+00   2.00000000e+00   1.50000000e+01
   1.00000000e+00   2.00000000e+00   3.00000000e+00   0.00000000e+00
   6.91300000e+03]
6 1 15 12 8 5 13 9 4 2 7 3 10 0 11 14 
[  3.20000000e+01   2.00000000e+00   2.00000000e+00   1.50000000e+01
   1.00000000e+00   2.00000000e+00   3.00000000e+00   0.00000000e+00
   7.01800000e+03]
10 15 7 11 1 9 3 14 4 6 2 8 13 0 5 12 
[  3.20000000e+01   2.00000000e+00   2.00000000e+00   1.50000000e+01
   1.00000000e+00   2.00000000e+00   3.00000000e+00   0.00000000e+00
   7.02100000e+03]
9 10 13 1 12 7 11 15 6 2 0 3 4 14 8 5 
[  3.20000000e+01   2.00000000e+00   2.00000000e+00   1.50000000e+01
   1.00000000e+00   2.00000000e+00   3.00000000e+00   0.00000000e+00
   7.22100000e+03]
14 12 15 6 10 9 8 7 4 11 3 2 13 5 0 1 
[  3.20000000e+01   2.00000000e+00   2.00000000e+00   1.50000000e+01
   1.00000000e+00   2.00000000e+00   3.00000000e+00   0.00000000e+00
   7.22500000e+03]
12 15 9 0 8 10 2 1 7 6 5 14 13 11 4 3 
[  3.20000000e+01   2.00000000e+00   2.00000000e+00   1.50000000e+01
   1.00000000e+00   2.00000000e+00   3.00000000e+00   0.00000000e+00
   7.23100000e+03]
15 2 5 1 6 3 14 4 9 0 12 13 8 7 10 11 
[  3.20000000e+01   2.00000000e+00   2.00000000e+00   1.50000000e+01
   1.00000000e+00   2.00000000e+00   3.00000000e+00   0.00000000e+00
   7.40000000e+03]
9 0 12 8 10 1 3 14 7 2 5 4 13 11 15 6 
[  3.20000000e+01   2.00000000e+00   2.00000000e+00   1.50000000e+01
   1.00000000e+00   2.00000000e+00   3.00000000e+00   0.00000000e+00
   7.42000000e+03]
15 13 6 1 12 7 3 5 14 11 4 2 10 0 9 8 
[  3.20000000e+01   2.00000000e+00   2.00000000e+00   1.50000000e+01
   1.00000000e+00   2.00000000e+00   3.00000000e+00   0.00000000e+00
   7.44000000e+03]
10 9 3 2 4 14 1 12 6 0 7 15 13 8 5 11 
[  3.20000000e+01   2.00000000e+00   2.00000000e+00   1.50000000e+01
   1.00000000e+00   2.00000000e+00   3.00000000e+00   0.00000000e+00
   7.55900000e+03]
14 7 6 3 2 0 4 8 13 9 10 5 11 1 12 15 
[  3.20000000e+01   2.00000000e+00   2.00000000e+00   1.50000000e+01
   1.00000000e+00   2.00000000e+00   3.00000000e+00   0.00000000e+00
   7.61100000e+03]
0 11 4 6 12 2 13 1 5 15 8 14 3 7 10 9 
[  3.20000000e+01   2.00000000e+00   2.00000000e+00   1.50000000e+01
   1.00000000e+00   2.00000000e+00   3.00000000e+00   0.00000000e+00
   7.61800000e+03]
11 13 6 1 12 5 2 9 3 14 7 15 10 8 4 0 
[  3.20000000e+01   2.00000000e+00   2.00000000e+00   1.50000000e+01
   1.00000000e+00   2.00000000e+00   3.00000000e+00   0.00000000e+00
   7.63100000e+03]
12 14 10 15 13 11 5 2 8 4 6 1 9 0 3 7 
[  3.20000000e+01   2.00000000e+00   2.00000000e+00   1.50000000e+01
   1.00000000e+00   2.00000000e+00   3.00000000e+00   0.00000000e+00
   7.81000000e+03]
6 3 9 11 0 14 12 15 13 1 5 8 4 7 2 10 
[  3.20000000e+01   2.00000000e+00   2.00000000e+00   1.50000000e+01
   1.00000000e+00   2.00000000e+00   3.00000000e+00   0.00000000e+00
   7.84000000e+03]
2 6 12 1 9 14 0 4 10 13 11 8 3 15 7 5 
[  3.20000000e+01   2.00000000e+00   2.00000000e+00   1.50000000e+01
   1.00000000e+00   2.00000000e+00   3.00000000e+00   0.00000000e+00
   8.00400000e+03]
0 2 1 10 4 15 11 13 6 14 8 9 5 7 12 3 
[  3.20000000e+01   2.00000000e+00   2.00000000e+00   1.50000000e+01
   1.00000000e+00   2.00000000e+00   3.00000000e+00   0.00000000e+00
   8.01600000e+03]
0 4 7 2 6 1 13 10 11 14 3 15 5 12 9 8 
[  3.20000000e+01   2.00000000e+00   2.00000000e+00   1.50000000e+01
   1.00000000e+00   2.00000000e+00   3.00000000e+00   0.00000000e+00
   8.22100000e+03]
5 14 11 2 1 8 9 12 15 7 4 6 0 3 13 10 
[  3.20000000e+01   2.00000000e+00   2.00000000e+00   1.50000000e+01
   1.00000000e+00   2.00000000e+00   3.00000000e+00   0.00000000e+00
   8.22200000e+03]
14 5 13 0 1 6 3 2 15 11 9 8 7 10 12 4 
[  3.20000000e+01   2.00000000e+00   2.00000000e+00   1.50000000e+01
   1.00000000e+00   2.00000000e+00   3.00000000e+00   0.00000000e+00
   8.22300000e+03]
2 3 0 14 9 10 15 12 11 1 8 4 7 5 13 6 
[  3.20000000e+01   2.00000000e+00   2.00000000e+00   1.50000000e+01
   1.00000000e+00   2.00000000e+00   3.00000000e+00   0.00000000e+00
   8.23700000e+03]
1 2 7 12 3 6 14 10 5 9 13 11 15 4 8 0 
[  3.20000000e+01   2.00000000e+00   2.00000000e+00   1.50000000e+01
   1.00000000e+00   2.00000000e+00   3.00000000e+00   0.00000000e+00
   8.23800000e+03]
11 12 13 8 7 15 0 5 9 1 4 10 14 3 6 2 
[  3.20000000e+01   2.00000000e+00   2.00000000e+00   1.50000000e+01
   1.00000000e+00   2.00000000e+00   3.00000000e+00   0.00000000e+00
   8.28000000e+03]
8 7 0 1 3 4 10 14 6 15 5 13 2 11 9 12 
[  3.20000000e+01   2.00000000e+00   2.00000000e+00   1.50000000e+01
   1.00000000e+00   2.00000000e+00   3.00000000e+00   0.00000000e+00
   8.40600000e+03]
13 8 6 0 1 14 5 4 9 2 10 11 12 15 7 3 
[  3.20000000e+01   2.00000000e+00   2.00000000e+00   1.50000000e+01
   1.00000000e+00   2.00000000e+00   3.00000000e+00   0.00000000e+00
   8.41900000e+03]
3 11 2 8 14 12 0 15 6 1 4 13 7 5 10 9 
[  3.20000000e+01   2.00000000e+00   2.00000000e+00   1.50000000e+01
   1.00000000e+00   2.00000000e+00   3.00000000e+00   0.00000000e+00
   8.43100000e+03]
3 9 10 8 0 4 12 14 11 7 6 13 2 5 15 1 
[  3.20000000e+01   2.00000000e+00   2.00000000e+00   1.50000000e+01
   1.00000000e+00   2.00000000e+00   3.00000000e+00   0.00000000e+00
   8.43300000e+03]
5 7 6 1 3 15 2 9 14 11 13 4 0 12 10 8 
[  3.20000000e+01   2.00000000e+00   2.00000000e+00   1.50000000e+01
   1.00000000e+00   2.00000000e+00   3.00000000e+00   0.00000000e+00
   8.43600000e+03]
1 3 0 9 4 5 6 11 15 10 8 13 2 14 7 12 
[  3.20000000e+01   2.00000000e+00   2.00000000e+00   1.50000000e+01
   1.00000000e+00   2.00000000e+00   3.00000000e+00   0.00000000e+00
   8.65200000e+03]
6 11 8 9 2 12 14 13 0 10 1 5 15 4 3 7 
[  3.20000000e+01   2.00000000e+00   2.00000000e+00   1.50000000e+01
   1.00000000e+00   2.00000000e+00   3.00000000e+00   0.00000000e+00
   8.79300000e+03]
11 6 10 2 9 15 4 5 13 1 3 0 12 14 7 8 
[  3.20000000e+01   2.00000000e+00   2.00000000e+00   1.50000000e+01
   1.00000000e+00   2.00000000e+00   3.00000000e+00   0.00000000e+00
   8.80600000e+03]
9 5 10 13 14 6 11 12 1 15 3 2 7 4 8 0 
[  3.20000000e+01   2.00000000e+00   2.00000000e+00   1.50000000e+01
   1.00000000e+00   2.00000000e+00   3.00000000e+00   0.00000000e+00
   8.91300000e+03]
12 10 4 15 14 3 8 2 1 13 6 7 9 11 5 0 
[  3.20000000e+01   2.00000000e+00   2.00000000e+00   1.50000000e+01
   1.00000000e+00   2.00000000e+00   3.00000000e+00   0.00000000e+00
   9.03100000e+03]
1 5 7 9 0 10 12 11 3 8 6 14 2 4 15 13 
[  3.20000000e+01   2.00000000e+00   2.00000000e+00   1.50000000e+01
   1.00000000e+00   2.00000000e+00   3.00000000e+00   0.00000000e+00
   9.04500000e+03]
9 1 0 7 4 13 12 15 8 2 5 11 3 6 14 10 
[  3.20000000e+01   2.00000000e+00   2.00000000e+00   1.50000000e+01
   1.00000000e+00   2.00000000e+00   3.00000000e+00   0.00000000e+00
   9.21200000e+03]
13 12 9 14 10 0 1 5 11 4 2 6 15 7 3 8 
[  3.20000000e+01   2.00000000e+00   2.00000000e+00   1.50000000e+01
   1.00000000e+00   2.00000000e+00   3.00000000e+00   0.00000000e+00
   9.22400000e+03]
15 2 0 7 4 6 13 12 8 3 10 11 5 1 14 9 
[  3.20000000e+01   2.00000000e+00   2.00000000e+00   1.50000000e+01
   1.00000000e+00   2.00000000e+00   3.00000000e+00   0.00000000e+00
   9.40500000e+03]
6 4 2 11 10 13 7 9 5 15 3 14 12 8 1 0 
[  3.20000000e+01   2.00000000e+00   2.00000000e+00   1.50000000e+01
   1.00000000e+00   2.00000000e+00   3.00000000e+00   0.00000000e+00
   9.41400000e+03]
2 5 14 15 1 4 0 12 10 11 3 9 13 7 6 8 
[  3.20000000e+01   2.00000000e+00   2.00000000e+00   1.50000000e+01
   1.00000000e+00   2.00000000e+00   3.00000000e+00   0.00000000e+00
   9.42700000e+03]
13 7 1 3 4 2 9 8 12 0 15 10 5 14 11 6 
[  3.20000000e+01   2.00000000e+00   2.00000000e+00   1.50000000e+01
   1.00000000e+00   2.00000000e+00   3.00000000e+00   0.00000000e+00
   9.43300000e+03]
9 14 1 4 2 10 0 12 6 13 3 7 11 15 5 8 
[  3.20000000e+01   2.00000000e+00   2.00000000e+00   1.50000000e+01
   1.00000000e+00   2.00000000e+00   3.00000000e+00   0.00000000e+00
   9.61300000e+03]
12 11 6 0 1 2 3 7 9 8 4 13 15 10 5 14 
[  3.20000000e+01   2.00000000e+00   2.00000000e+00   1.50000000e+01
   1.00000000e+00   2.00000000e+00   3.00000000e+00   0.00000000e+00
   9.64100000e+03]
5 11 4 8 12 7 0 2 1 6 15 14 9 13 10 3 
[  3.20000000e+01   2.00000000e+00   2.00000000e+00   1.50000000e+01
   1.00000000e+00   2.00000000e+00   3.00000000e+00   0.00000000e+00
   9.80100000e+03]
2 5 11 14 0 8 1 10 7 3 13 15 12 6 4 9 
[  3.20000000e+01   2.00000000e+00   2.00000000e+00   1.50000000e+01
   1.00000000e+00   2.00000000e+00   3.00000000e+00   0.00000000e+00
   9.80800000e+03]
10 2 5 0 12 11 13 8 9 3 14 1 7 15 4 6 
[  3.20000000e+01   2.00000000e+00   2.00000000e+00   1.50000000e+01
   1.00000000e+00   2.00000000e+00   3.00000000e+00   0.00000000e+00
   9.81100000e+03]
9 11 15 12 2 8 7 1 0 14 6 10 5 13 4 3 
[  3.20000000e+01   2.00000000e+00   2.00000000e+00   1.50000000e+01
   1.00000000e+00   2.00000000e+00   3.00000000e+00   0.00000000e+00
   9.81500000e+03]
14 11 0 6 5 15 7 3 1 13 8 4 9 10 12 2 
[  3.20000000e+01   2.00000000e+00   2.00000000e+00   1.50000000e+01
   1.00000000e+00   2.00000000e+00   3.00000000e+00   0.00000000e+00
   9.83800000e+03]
8 12 1 2 4 10 11 14 5 6 13 0 7 15 3 9 
[  3.20000000e+01   2.00000000e+00   2.00000000e+00   1.50000000e+01
   1.00000000e+00   2.00000000e+00   3.00000000e+00   0.00000000e+00
   9.84000000e+03]
2 15 9 11 13 1 5 12 6 8 3 0 14 10 7 4 
[  3.20000000e+01   8.30075026e-01   1.00000000e+00   1.50000000e+01
   2.00000000e+00   2.00000000e+00   3.00000000e+00   0.00000000e+00
   1.00000000e+04]
14 11 4 13 0 10 5 6 8 15 2 3 9 1 12 7 
[  3.20000000e+01   2.00000000e+00   2.00000000e+00   1.50000000e+01
   1.00000000e+00   2.00000000e+00   3.00000000e+00   0.00000000e+00
   1.00210000e+04]
7 1 8 11 2 0 3 12 6 15 4 13 10 14 9 5 
[  3.20000000e+01   2.00000000e+00   2.00000000e+00   1.50000000e+01
   1.00000000e+00   2.00000000e+00   3.00000000e+00   0.00000000e+00
   1.00250000e+04]
6 14 0 12 10 11 2 7 4 15 13 1 8 5 3 9 
[  3.20000000e+01   2.00000000e+00   2.00000000e+00   1.50000000e+01
   1.00000000e+00   2.00000000e+00   3.00000000e+00   0.00000000e+00
   1.00280000e+04]
7 13 12 11 9 8 1 15 6 14 2 3 0 4 10 5 
[  3.20000000e+01   2.00000000e+00   2.00000000e+00   1.50000000e+01
   1.00000000e+00   2.00000000e+00   3.00000000e+00   0.00000000e+00
   1.02030000e+04]
4 0 9 3 5 14 1 12 7 11 10 15 2 6 8 13 
[  3.20000000e+01   2.00000000e+00   2.00000000e+00   1.50000000e+01
   1.00000000e+00   2.00000000e+00   3.00000000e+00   0.00000000e+00
   1.02220000e+04]
15 12 13 7 2 0 3 10 9 1 14 6 8 5 11 4 
[  3.20000000e+01   2.00000000e+00   2.00000000e+00   1.50000000e+01
   1.00000000e+00   2.00000000e+00   3.00000000e+00   0.00000000e+00
   1.02400000e+04]
12 9 4 5 2 7 3 13 15 14 0 8 6 11 1 10 
[  3.20000000e+01   2.00000000e+00   2.00000000e+00   1.50000000e+01
   1.00000000e+00   2.00000000e+00   3.00000000e+00   0.00000000e+00
   1.02830000e+04]
4 14 12 0 11 2 9 8 7 13 10 1 3 5 15 6 
[  3.20000000e+01   2.00000000e+00   2.00000000e+00   1.50000000e+01
   1.00000000e+00   2.00000000e+00   3.00000000e+00   0.00000000e+00
   1.06060000e+04]
6 15 0 7 4 10 3 14 1 5 9 11 2 8 13 12 
[  3.20000000e+01   2.00000000e+00   2.00000000e+00   1.50000000e+01
   1.00000000e+00   2.00000000e+00   3.00000000e+00   0.00000000e+00
   1.06120000e+04]
3 7 13 9 1 4 11 0 6 12 15 14 5 10 8 2 
[  3.20000000e+01   2.00000000e+00   2.00000000e+00   1.50000000e+01
   1.00000000e+00   2.00000000e+00   3.00000000e+00   0.00000000e+00
   1.06520000e+04]
6 2 15 1 10 12 9 11 0 3 4 14 8 5 13 7 
[  3.20000000e+01   2.00000000e+00   2.00000000e+00   1.50000000e+01
   1.00000000e+00   2.00000000e+00   3.00000000e+00   0.00000000e+00
   1.06830000e+04]
6 10 2 5 4 13 12 15 14 0 11 1 9 8 7 3 
[  3.20000000e+01   2.00000000e+00   2.00000000e+00   1.50000000e+01
   1.00000000e+00   2.00000000e+00   3.00000000e+00   0.00000000e+00
   1.08010000e+04]
1 4 10 6 3 14 11 15 8 13 12 0 9 2 7 5 
[  3.20000000e+01   2.00000000e+00   2.00000000e+00   1.50000000e+01
   1.00000000e+00   2.00000000e+00   3.00000000e+00   0.00000000e+00
   1.08100000e+04]
15 9 5 10 12 14 1 0 2 11 6 3 4 8 7 13 
[  3.20000000e+01   2.00000000e+00   2.00000000e+00   1.50000000e+01
   1.00000000e+00   2.00000000e+00   3.00000000e+00   0.00000000e+00
   1.08290000e+04]
10 15 7 8 2 6 5 4 14 13 12 1 3 0 11 9 
[  3.20000000e+01   2.00000000e+00   2.00000000e+00   1.50000000e+01
   1.00000000e+00   2.00000000e+00   3.00000000e+00   0.00000000e+00
   1.09290000e+04]
12 8 6 7 2 5 0 14 13 15 9 11 4 3 1 10 
[  3.20000000e+01   2.00000000e+00   2.00000000e+00   1.50000000e+01
   1.00000000e+00   2.00000000e+00   3.00000000e+00   0.00000000e+00
   1.10200000e+04]
4 5 9 7 14 6 13 11 10 1 8 2 15 12 3 0 
[  3.20000000e+01   2.00000000e+00   2.00000000e+00   1.50000000e+01
   1.00000000e+00   2.00000000e+00   3.00000000e+00   0.00000000e+00
   1.10240000e+04]
11 9 0 8 15 7 13 2 6 5 10 1 14 12 4 3 
[  3.20000000e+01   2.00000000e+00   2.00000000e+00   1.50000000e+01
   1.00000000e+00   2.00000000e+00   3.00000000e+00   0.00000000e+00
   1.10320000e+04]
1 5 2 3 9 12 11 6 15 8 0 10 14 13 7 4 
[  3.20000000e+01   2.00000000e+00   2.00000000e+00   1.50000000e+01
   1.00000000e+00   2.00000000e+00   3.00000000e+00   0.00000000e+00
   1.11810000e+04]
1 13 11 10 9 2 15 14 4 7 6 5 8 0 3 12 
[  3.20000000e+01   2.00000000e+00   2.00000000e+00   1.50000000e+01
   1.00000000e+00   2.00000000e+00   3.00000000e+00   0.00000000e+00
   1.14020000e+04]
11 1 8 3 5 9 12 2 4 6 10 0 15 13 14 7 
[  3.20000000e+01   2.00000000e+00   2.00000000e+00   1.50000000e+01
   1.00000000e+00   2.00000000e+00   3.00000000e+00   0.00000000e+00
   1.14080000e+04]
9 8 3 14 10 5 15 6 11 7 1 2 12 13 4 0 
[  3.20000000e+01   2.00000000e+00   2.00000000e+00   1.50000000e+01
   1.00000000e+00   2.00000000e+00   3.00000000e+00   0.00000000e+00
   1.14100000e+04]
10 15 11 12 13 1 0 4 7 2 9 8 5 6 3 14 
[  3.20000000e+01   2.00000000e+00   2.00000000e+00   1.50000000e+01
   1.00000000e+00   2.00000000e+00   3.00000000e+00   0.00000000e+00
   1.14260000e+04]
14 5 13 0 10 12 8 1 4 7 9 11 3 15 2 6 
[  3.20000000e+01   2.00000000e+00   2.00000000e+00   1.50000000e+01
   1.00000000e+00   2.00000000e+00   3.00000000e+00   0.00000000e+00
   1.14290000e+04]
5 13 12 9 7 14 8 10 6 11 15 0 1 4 3 2 
[  3.20000000e+01   2.00000000e+00   2.00000000e+00   1.50000000e+01
   1.00000000e+00   2.00000000e+00   3.00000000e+00   0.00000000e+00
   1.14340000e+04]
8 14 13 0 7 5 9 1 3 10 11 12 2 4 15 6 
[  3.20000000e+01   2.00000000e+00   2.00000000e+00   1.50000000e+01
   1.00000000e+00   2.00000000e+00   3.00000000e+00   0.00000000e+00
   1.16180000e+04]
6 14 0 5 15 11 10 13 12 1 2 3 9 7 8 4 
[  3.20000000e+01   2.00000000e+00   2.00000000e+00   1.50000000e+01
   1.00000000e+00   2.00000000e+00   3.00000000e+00   0.00000000e+00
   1.16380000e+04]
7 2 15 14 3 10 8 12 6 9 13 5 11 4 1 0 
[  3.20000000e+01   2.00000000e+00   2.00000000e+00   1.50000000e+01
   1.00000000e+00   2.00000000e+00   3.00000000e+00   0.00000000e+00
   1.16460000e+04]
14 10 0 4 15 13 6 8 3 9 11 12 7 1 5 2 
[  3.20000000e+01   2.00000000e+00   2.00000000e+00   1.50000000e+01
   1.00000000e+00   2.00000000e+00   3.00000000e+00   0.00000000e+00
   1.17650000e+04]
1 3 0 14 13 8 2 10 5 4 7 12 6 9 11 15 
[  3.20000000e+01   2.00000000e+00   2.00000000e+00   1.50000000e+01
   1.00000000e+00   2.00000000e+00   3.00000000e+00   0.00000000e+00
   1.18230000e+04]
12 13 14 9 10 0 6 5 8 11 7 3 2 15 1 4 
[  3.20000000e+01   2.00000000e+00   2.00000000e+00   1.50000000e+01
   1.00000000e+00   2.00000000e+00   3.00000000e+00   0.00000000e+00
   1.18360000e+04]
12 3 7 15 13 0 4 1 6 2 5 9 10 14 8 11 
[  3.20000000e+01   2.00000000e+00   2.00000000e+00   1.50000000e+01
   1.00000000e+00   2.00000000e+00   3.00000000e+00   0.00000000e+00
   1.19290000e+04]
8 11 10 3 5 0 6 7 13 14 1 9 15 4 2 12 
[  3.20000000e+01   2.00000000e+00   2.00000000e+00   1.50000000e+01
   1.00000000e+00   2.00000000e+00   3.00000000e+00   0.00000000e+00
   1.20230000e+04]
9 11 15 0 5 4 3 8 12 14 6 7 13 10 1 2 
[  3.20000000e+01   2.00000000e+00   2.00000000e+00   1.50000000e+01
   1.00000000e+00   2.00000000e+00   3.00000000e+00   0.00000000e+00
   1.22140000e+04]
1 6 9 0 5 11 3 7 13 4 2 8 12 15 14 10 
[  3.20000000e+01   2.00000000e+00   2.00000000e+00   1.50000000e+01
   1.00000000e+00   2.00000000e+00   3.00000000e+00   0.00000000e+00
   1.22400000e+04]
3 1 10 0 14 9 12 4 11 13 8 6 2 7 5 15 
[  3.20000000e+01   2.00000000e+00   2.00000000e+00   1.50000000e+01
   1.00000000e+00   2.00000000e+00   3.00000000e+00   0.00000000e+00
   1.23290000e+04]
10 8 11 7 13 9 1 15 4 6 14 2 12 3 0 5 
[  3.20000000e+01   2.00000000e+00   2.00000000e+00   1.50000000e+01
   1.00000000e+00   2.00000000e+00   3.00000000e+00   0.00000000e+00
   1.24080000e+04]
5 1 7 0 10 2 15 4 8 9 6 11 12 14 3 13 
[  3.20000000e+01   2.00000000e+00   2.00000000e+00   1.50000000e+01
   1.00000000e+00   2.00000000e+00   3.00000000e+00   0.00000000e+00
   1.24360000e+04]
9 8 14 12 3 11 2 4 13 6 7 0 10 1 15 5 
[  3.20000000e+01   2.00000000e+00   2.00000000e+00   1.50000000e+01
   1.00000000e+00   2.00000000e+00   3.00000000e+00   0.00000000e+00
   1.24440000e+04]
9 7 15 6 0 11 5 13 3 10 12 8 2 14 1 4 
[  3.20000000e+01   2.00000000e+00   2.00000000e+00   1.50000000e+01
   1.00000000e+00   2.00000000e+00   3.00000000e+00   0.00000000e+00
   1.24710000e+04]
12 15 8 2 9 13 7 10 6 1 4 0 14 5 11 3 
[  3.20000000e+01   2.00000000e+00   2.00000000e+00   1.50000000e+01
   1.00000000e+00   2.00000000e+00   3.00000000e+00   0.00000000e+00
   1.26120000e+04]
13 11 8 15 9 4 3 2 10 14 1 7 12 6 0 5 
[  3.20000000e+01   2.00000000e+00   2.00000000e+00   1.50000000e+01
   1.00000000e+00   2.00000000e+00   3.00000000e+00   0.00000000e+00
   1.26270000e+04]
13 5 11 14 1 6 3 10 12 7 15 2 8 9 0 4 
[  3.20000000e+01   2.00000000e+00   2.00000000e+00   1.50000000e+01
   1.00000000e+00   2.00000000e+00   3.00000000e+00   0.00000000e+00
   1.26350000e+04]
3 11 15 9 13 0 5 8 12 10 7 4 14 6 1 2 
[  3.20000000e+01   2.00000000e+00   2.00000000e+00   1.50000000e+01
   1.00000000e+00   2.00000000e+00   3.00000000e+00   0.00000000e+00
   1.28250000e+04]
3 0 11 9 5 13 10 1 6 2 7 8 15 12 4 14 
[  3.20000000e+01   2.00000000e+00   2.00000000e+00   1.50000000e+01
   1.00000000e+00   2.00000000e+00   3.00000000e+00   0.00000000e+00
   1.30310000e+04]
5 13 11 14 15 4 7 9 1 8 6 12 3 0 10 2 
[  3.20000000e+01   2.00000000e+00   2.00000000e+00   1.50000000e+01
   1.00000000e+00   2.00000000e+00   3.00000000e+00   0.00000000e+00
   1.31590000e+04]
8 14 0 2 11 6 7 15 9 3 12 5 10 4 13 1 
[  3.20000000e+01   2.00000000e+00   2.00000000e+00   1.50000000e+01
   1.00000000e+00   2.00000000e+00   3.00000000e+00   0.00000000e+00
   1.31600000e+04]
11 5 7 15 8 3 12 13 9 4 14 6 10 0 1 2 
[  3.20000000e+01   2.00000000e+00   2.00000000e+00   1.50000000e+01
   1.00000000e+00   2.00000000e+00   3.00000000e+00   0.00000000e+00
   1.32070000e+04]
5 0 4 1 15 9 10 3 2 11 6 12 7 13 8 14 
[  3.20000000e+01   2.00000000e+00   2.00000000e+00   1.50000000e+01
   1.00000000e+00   2.00000000e+00   3.00000000e+00   0.00000000e+00
   1.34260000e+04]
2 4 10 8 13 9 15 12 7 1 3 6 11 0 5 14 
[  3.20000000e+01   2.00000000e+00   2.00000000e+00   1.50000000e+01
   1.00000000e+00   2.00000000e+00   3.00000000e+00   0.00000000e+00
   1.34430000e+04]
14 7 15 4 1 6 13 0 5 12 11 9 3 2 8 10 
[  3.20000000e+01   2.00000000e+00   2.00000000e+00   1.50000000e+01
   1.00000000e+00   2.00000000e+00   3.00000000e+00   0.00000000e+00
   1.36010000e+04]
2 3 6 15 0 9 10 4 12 8 7 1 11 13 14 5 
[  3.20000000e+01   2.00000000e+00   2.00000000e+00   1.50000000e+01
   1.00000000e+00   2.00000000e+00   3.00000000e+00   0.00000000e+00
   1.38290000e+04]
14 11 10 6 9 13 15 1 0 2 12 7 4 8 5 3 
[  3.20000000e+01   2.00000000e+00   2.00000000e+00   1.50000000e+01
   1.00000000e+00   2.00000000e+00   3.00000000e+00   0.00000000e+00
   1.38400000e+04]
9 5 11 12 1 7 4 0 13 6 14 8 15 10 3 2 
[  3.20000000e+01   2.00000000e+00   2.00000000e+00   1.50000000e+01
   1.00000000e+00   2.00000000e+00   3.00000000e+00   0.00000000e+00
   1.42070000e+04]
7 11 1 8 3 13 2 6 15 12 10 9 4 14 0 5 
[  3.20000000e+01   2.00000000e+00   2.00000000e+00   1.50000000e+01
   1.00000000e+00   2.00000000e+00   3.00000000e+00   0.00000000e+00
   1.42220000e+04]
0 2 3 11 13 6 15 12 4 14 8 1 10 7 9 5 
[  3.20000000e+01   2.00000000e+00   2.00000000e+00   1.50000000e+01
   1.00000000e+00   2.00000000e+00   3.00000000e+00   0.00000000e+00
   1.43830000e+04]
15 10 11 7 1 6 2 4 9 8 14 3 12 0 13 5 
[  3.20000000e+01   2.00000000e+00   2.00000000e+00   1.50000000e+01
   1.00000000e+00   2.00000000e+00   3.00000000e+00   0.00000000e+00
   1.44200000e+04]
3 6 8 1 0 12 9 5 7 4 13 14 2 11 10 15 
[  3.20000000e+01   2.00000000e+00   2.00000000e+00   1.50000000e+01
   1.00000000e+00   2.00000000e+00   3.00000000e+00   0.00000000e+00
   1.46300000e+04]
11 10 1 6 15 9 14 4 3 7 0 5 12 2 8 13 
[  3.20000000e+01   2.00000000e+00   2.00000000e+00   1.50000000e+01
   1.00000000e+00   2.00000000e+00   3.00000000e+00   0.00000000e+00
   1.46500000e+04]
4 5 8 6 2 15 1 7 13 14 9 3 10 11 12 0 
[  3.20000000e+01   2.00000000e+00   2.00000000e+00   1.50000000e+01
   1.00000000e+00   2.00000000e+00   3.00000000e+00   0.00000000e+00
   1.48190000e+04]
0 12 3 7 2 5 15 13 4 6 1 10 11 8 9 14 
[  3.20000000e+01   2.00000000e+00   2.00000000e+00   1.50000000e+01
   1.00000000e+00   2.00000000e+00   3.00000000e+00   0.00000000e+00
   1.48200000e+04]
4 15 13 6 12 5 1 3 7 2 11 10 14 8 0 9 
[  3.20000000e+01   2.00000000e+00   2.00000000e+00   1.50000000e+01
   1.00000000e+00   2.00000000e+00   3.00000000e+00   0.00000000e+00
   1.48360000e+04]
14 9 12 13 3 1 10 6 11 5 4 7 8 15 0 2 
[  3.20000000e+01   2.00000000e+00   2.00000000e+00   1.50000000e+01
   1.00000000e+00   2.00000000e+00   3.00000000e+00   0.00000000e+00
   1.48370000e+04]
2 4 15 5 11 10 3 1 9 14 13 6 7 12 8 0 
[  3.20000000e+01   2.00000000e+00   2.00000000e+00   1.50000000e+01
   1.00000000e+00   2.00000000e+00   3.00000000e+00   0.00000000e+00
   1.50020000e+04]
15 1 6 9 14 2 4 5 3 10 11 7 8 0 12 13 
[  3.20000000e+01   2.00000000e+00   2.00000000e+00   1.50000000e+01
   1.00000000e+00   2.00000000e+00   3.00000000e+00   0.00000000e+00
   1.50120000e+04]
15 14 7 6 1 4 3 11 5 10 8 13 2 12 0 9 
[  3.20000000e+01   2.00000000e+00   2.00000000e+00   1.50000000e+01
   1.00000000e+00   2.00000000e+00   3.00000000e+00   0.00000000e+00
   1.50130000e+04]
7 8 12 0 5 13 1 10 6 3 2 4 14 15 11 9 
[  3.20000000e+01   2.00000000e+00   2.00000000e+00   1.50000000e+01
   1.00000000e+00   2.00000000e+00   3.00000000e+00   0.00000000e+00
   1.50250000e+04]
0 8 9 3 14 2 1 6 5 11 15 10 7 4 13 12 
[  3.20000000e+01   2.00000000e+00   2.00000000e+00   1.50000000e+01
   1.00000000e+00   2.00000000e+00   3.00000000e+00   0.00000000e+00
   1.50310000e+04]
14 13 8 1 10 4 9 11 0 5 12 6 7 2 15 3 
[  3.20000000e+01   2.00000000e+00   2.00000000e+00   1.50000000e+01
   1.00000000e+00   2.00000000e+00   3.00000000e+00   0.00000000e+00
   1.50320000e+04]
4 12 3 8 9 11 15 10 13 7 1 2 5 6 14 0 
[  3.20000000e+01   2.00000000e+00   2.00000000e+00   1.50000000e+01
   1.00000000e+00   2.00000000e+00   3.00000000e+00   0.00000000e+00
   1.52240000e+04]
14 15 5 9 11 2 1 10 7 8 13 12 4 0 3 6 
[  3.20000000e+01   2.00000000e+00   2.00000000e+00   1.50000000e+01
   1.00000000e+00   2.00000000e+00   3.00000000e+00   0.00000000e+00
   1.52390000e+04]
8 12 14 2 15 13 5 4 9 6 0 3 10 7 11 1 
[  3.20000000e+01   2.00000000e+00   2.00000000e+00   1.50000000e+01
   1.00000000e+00   2.00000000e+00   3.00000000e+00   0.00000000e+00
   1.54310000e+04]
3 15 0 14 13 4 8 12 9 11 2 5 6 7 10 1 
[  3.20000000e+01   2.00000000e+00   2.00000000e+00   1.50000000e+01
   1.00000000e+00   2.00000000e+00   3.00000000e+00   0.00000000e+00
   1.55250000e+04]
11 5 10 15 0 7 6 14 12 8 3 9 1 13 2 4 
[  3.20000000e+01   2.00000000e+00   2.00000000e+00   1.50000000e+01
   1.00000000e+00   2.00000000e+00   3.00000000e+00   0.00000000e+00
   1.56360000e+04]
2 11 1 4 15 5 7 0 10 14 6 12 9 8 3 13 
[  3.20000000e+01   2.00000000e+00   2.00000000e+00   1.50000000e+01
   1.00000000e+00   2.00000000e+00   3.00000000e+00   0.00000000e+00
   1.56630000e+04]
8 2 3 0 12 11 1 5 9 15 13 4 14 6 10 7 
[  3.20000000e+01   2.00000000e+00   2.00000000e+00   1.50000000e+01
   1.00000000e+00   2.00000000e+00   3.00000000e+00   0.00000000e+00
   1.58390000e+04]
14 5 12 2 7 15 3 10 4 0 9 1 13 8 11 6 
[  3.20000000e+01   2.00000000e+00   2.00000000e+00   1.50000000e+01
   1.00000000e+00   2.00000000e+00   3.00000000e+00   0.00000000e+00
   1.60070000e+04]
8 9 15 5 2 1 14 11 10 6 12 13 3 4 7 0 
[  3.20000000e+01   2.00000000e+00   2.00000000e+00   1.50000000e+01
   1.00000000e+00   2.00000000e+00   3.00000000e+00   0.00000000e+00
   1.62420000e+04]
3 1 14 7 0 8 2 11 5 9 10 13 4 15 12 6 
[  3.20000000e+01   2.00000000e+00   2.00000000e+00   1.50000000e+01
   1.00000000e+00   2.00000000e+00   3.00000000e+00   0.00000000e+00
   1.62500000e+04]
8 4 14 15 9 0 13 6 2 12 10 3 7 11 5 1 
[  3.20000000e+01   2.00000000e+00   2.00000000e+00   1.50000000e+01
   1.00000000e+00   2.00000000e+00   3.00000000e+00   0.00000000e+00
   1.62510000e+04]
5 13 6 9 14 3 10 11 1 7 2 8 0 4 15 12 
[  3.20000000e+01   2.00000000e+00   2.00000000e+00   1.50000000e+01
   1.00000000e+00   2.00000000e+00   3.00000000e+00   0.00000000e+00
   1.64050000e+04]
2 11 14 9 7 15 1 8 3 5 6 13 0 4 12 10 
[  3.20000000e+01   2.00000000e+00   2.00000000e+00   1.50000000e+01
   1.00000000e+00   2.00000000e+00   3.00000000e+00   0.00000000e+00
   1.64100000e+04]
4 15 14 10 8 5 12 2 6 7 1 3 11 0 13 9 
[  3.20000000e+01   2.00000000e+00   2.00000000e+00   1.50000000e+01
   1.00000000e+00   2.00000000e+00   3.00000000e+00   0.00000000e+00
   1.64200000e+04]
6 11 10 4 5 9 14 15 1 3 0 2 12 7 8 13 
[  3.20000000e+01   2.00000000e+00   2.00000000e+00   1.50000000e+01
   1.00000000e+00   2.00000000e+00   3.00000000e+00   0.00000000e+00
   1.66140000e+04]
12 8 5 0 13 4 15 2 9 3 6 1 14 10 11 7 
[  3.20000000e+01   2.00000000e+00   2.00000000e+00   1.50000000e+01
   1.00000000e+00   2.00000000e+00   3.00000000e+00   0.00000000e+00
   1.66560000e+04]
14 3 10 7 13 6 4 5 11 15 8 0 12 9 2 1 
[  3.20000000e+01   2.00000000e+00   2.00000000e+00   1.50000000e+01
   1.00000000e+00   2.00000000e+00   3.00000000e+00   0.00000000e+00
   1.68020000e+04]
7 3 1 6 15 8 11 2 14 4 0 10 5 12 9 13 
[  3.20000000e+01   2.00000000e+00   2.00000000e+00   1.50000000e+01
   1.00000000e+00   2.00000000e+00   3.00000000e+00   0.00000000e+00
   1.68200000e+04]
12 13 1 9 0 5 7 2 4 15 6 10 3 14 11 8 
[  3.20000000e+01   2.00000000e+00   2.00000000e+00   1.50000000e+01
   1.00000000e+00   2.00000000e+00   3.00000000e+00   0.00000000e+00
   1.69190000e+04]
10 11 12 6 5 3 15 4 1 2 0 8 13 7 9 14 
[  3.20000000e+01   2.00000000e+00   2.00000000e+00   1.50000000e+01
   1.00000000e+00   2.00000000e+00   3.00000000e+00   0.00000000e+00
   1.70320000e+04]
9 10 15 14 0 3 5 13 4 1 6 8 2 7 12 11 
[  3.20000000e+01   2.00000000e+00   2.00000000e+00   1.50000000e+01
   1.00000000e+00   2.00000000e+00   3.00000000e+00   0.00000000e+00
   1.70530000e+04]
7 13 8 11 10 1 12 5 4 0 9 2 14 6 15 3 
[  3.20000000e+01   2.00000000e+00   2.00000000e+00   1.50000000e+01
   1.00000000e+00   2.00000000e+00   3.00000000e+00   0.00000000e+00
   1.72130000e+04]
13 4 15 7 6 12 3 0 9 11 8 5 2 10 14 1 
[  3.20000000e+01   2.00000000e+00   2.00000000e+00   1.50000000e+01
   1.00000000e+00   2.00000000e+00   3.00000000e+00   0.00000000e+00
   1.72290000e+04]
14 6 15 4 11 13 9 10 2 12 1 0 3 8 5 7 
[  3.20000000e+01   2.00000000e+00   2.00000000e+00   1.50000000e+01
   1.00000000e+00   2.00000000e+00   3.00000000e+00   0.00000000e+00
   1.72370000e+04]
1 12 0 9 8 4 7 2 3 11 14 15 10 13 6 5 
[  3.20000000e+01   2.00000000e+00   2.00000000e+00   1.50000000e+01
   1.00000000e+00   2.00000000e+00   3.00000000e+00   0.00000000e+00
   1.74050000e+04]
2 12 5 1 6 15 4 9 0 8 14 13 10 7 11 3 
[  3.20000000e+01   2.00000000e+00   2.00000000e+00   1.50000000e+01
   1.00000000e+00   2.00000000e+00   3.00000000e+00   0.00000000e+00
   1.76070000e+04]
12 0 6 14 2 5 7 4 13 15 3 8 10 1 11 9 
[  3.20000000e+01   2.00000000e+00   2.00000000e+00   1.50000000e+01
   1.00000000e+00   2.00000000e+00   3.00000000e+00   0.00000000e+00
   1.76270000e+04]
0 8 9 14 10 4 2 3 6 13 11 15 7 5 1 12 
[  3.20000000e+01   2.00000000e+00   2.00000000e+00   1.50000000e+01
   1.00000000e+00   2.00000000e+00   3.00000000e+00   0.00000000e+00
   1.76540000e+04]
2 0 10 1 11 4 6 5 8 14 15 7 3 9 12 13 
[  3.20000000e+01   2.00000000e+00   2.00000000e+00   1.50000000e+01
   1.00000000e+00   2.00000000e+00   3.00000000e+00   0.00000000e+00
   1.77370000e+04]
12 14 1 15 10 9 3 2 4 7 0 5 8 6 11 13 
[  3.20000000e+01   2.00000000e+00   2.00000000e+00   1.50000000e+01
   1.00000000e+00   2.00000000e+00   3.00000000e+00   0.00000000e+00
   1.78070000e+04]
8 2 10 11 4 0 14 7 5 15 9 12 6 1 13 3 
[  3.20000000e+01   2.00000000e+00   2.00000000e+00   1.50000000e+01
   1.00000000e+00   2.00000000e+00   3.00000000e+00   0.00000000e+00
   1.78630000e+04]
0 11 10 3 12 4 9 2 5 15 14 6 1 7 8 13 
[  3.20000000e+01   2.00000000e+00   2.00000000e+00   1.50000000e+01
   1.00000000e+00   2.00000000e+00   3.00000000e+00   0.00000000e+00
   1.81630000e+04]
13 12 3 14 11 10 15 0 5 6 8 4 2 7 9 1 
[  3.20000000e+01   2.00000000e+00   2.00000000e+00   1.50000000e+01
   1.00000000e+00   2.00000000e+00   3.00000000e+00   0.00000000e+00
   1.82180000e+04]
9 15 0 8 1 13 7 4 14 10 6 2 3 12 5 11 
[  3.20000000e+01   2.00000000e+00   2.00000000e+00   1.50000000e+01
   1.00000000e+00   2.00000000e+00   3.00000000e+00   0.00000000e+00
   1.83470000e+04]
10 1 9 2 0 4 14 12 8 5 3 7 13 15 11 6 
[  3.20000000e+01   2.00000000e+00   2.00000000e+00   1.50000000e+01
   1.00000000e+00   2.00000000e+00   3.00000000e+00   0.00000000e+00
   1.83920000e+04]
5 8 1 12 4 0 14 15 2 10 9 3 6 13 7 11 
[  3.20000000e+01   2.00000000e+00   2.00000000e+00   1.50000000e+01
   1.00000000e+00   2.00000000e+00   3.00000000e+00   0.00000000e+00
   1.84000000e+04]
0 15 12 2 14 6 7 4 11 13 1 9 10 8 3 5 
[  3.20000000e+01   2.00000000e+00   2.00000000e+00   1.50000000e+01
   1.00000000e+00   2.00000000e+00   3.00000000e+00   0.00000000e+00
   1.84200000e+04]
0 10 9 8 6 13 7 2 3 15 14 12 1 5 11 4 
[  3.20000000e+01   2.00000000e+00   2.00000000e+00   1.50000000e+01
   1.00000000e+00   2.00000000e+00   3.00000000e+00   0.00000000e+00
   1.84210000e+04]
2 0 10 7 9 1 8 14 6 15 12 11 13 3 4 5 
[  3.20000000e+01   2.00000000e+00   2.00000000e+00   1.50000000e+01
   1.00000000e+00   2.00000000e+00   3.00000000e+00   0.00000000e+00
   1.84630000e+04]
15 1 6 4 9 10 2 3 14 7 12 0 11 5 8 13 
[  3.20000000e+01   2.00000000e+00   2.00000000e+00   1.50000000e+01
   1.00000000e+00   2.00000000e+00   3.00000000e+00   0.00000000e+00
   1.87560000e+04]
15 12 5 8 7 9 2 1 11 3 13 4 14 10 0 6 
[  3.20000000e+01   2.00000000e+00   2.00000000e+00   1.50000000e+01
   1.00000000e+00   2.00000000e+00   3.00000000e+00   0.00000000e+00
   1.88080000e+04]
14 3 0 4 7 15 6 10 13 12 1 8 5 11 9 2 
[  3.20000000e+01   2.00000000e+00   2.00000000e+00   1.50000000e+01
   1.00000000e+00   2.00000000e+00   3.00000000e+00   0.00000000e+00
   1.88270000e+04]
9 11 0 2 6 3 12 7 13 1 5 14 15 10 4 8 
[  3.20000000e+01   2.00000000e+00   2.00000000e+00   1.50000000e+01
   1.00000000e+00   2.00000000e+00   3.00000000e+00   0.00000000e+00
   1.88320000e+04]
9 4 8 15 1 3 12 13 6 7 2 5 0 11 14 10 
[  3.20000000e+01   2.00000000e+00   2.00000000e+00   1.50000000e+01
   1.00000000e+00   2.00000000e+00   3.00000000e+00   0.00000000e+00
   1.89380000e+04]
2 4 6 13 12 10 15 11 9 1 14 0 8 3 7 5 
[  3.20000000e+01   2.00000000e+00   2.00000000e+00   1.50000000e+01
   1.00000000e+00   2.00000000e+00   3.00000000e+00   0.00000000e+00
   1.90040000e+04]
13 0 10 2 7 5 14 4 3 8 6 15 11 1 9 12 
[  3.20000000e+01   2.00000000e+00   2.00000000e+00   1.50000000e+01
   1.00000000e+00   2.00000000e+00   3.00000000e+00   0.00000000e+00
   1.90200000e+04]
11 9 12 13 0 6 8 10 7 4 1 15 5 2 3 14 
[  3.20000000e+01   2.00000000e+00   2.00000000e+00   1.50000000e+01
   1.00000000e+00   2.00000000e+00   3.00000000e+00   0.00000000e+00
   1.92090000e+04]
3 14 7 11 10 15 13 5 9 12 6 8 1 2 0 4 
[  3.20000000e+01   2.00000000e+00   2.00000000e+00   1.50000000e+01
   1.00000000e+00   2.00000000e+00   3.00000000e+00   0.00000000e+00
   1.92140000e+04]
1 7 8 6 4 5 15 3 13 14 10 11 12 2 9 0 
[  3.20000000e+01   2.00000000e+00   2.00000000e+00   1.50000000e+01
   1.00000000e+00   2.00000000e+00   3.00000000e+00   0.00000000e+00
   1.92500000e+04]
11 13 12 6 0 8 2 14 5 9 1 10 4 15 3 7 
[  3.20000000e+01   2.00000000e+00   2.00000000e+00   1.50000000e+01
   1.00000000e+00   2.00000000e+00   3.00000000e+00   0.00000000e+00
   1.92670000e+04]
14 7 5 1 12 9 8 2 13 15 4 10 0 3 6 11 
[  3.20000000e+01   2.00000000e+00   2.00000000e+00   1.50000000e+01
   1.00000000e+00   2.00000000e+00   3.00000000e+00   0.00000000e+00
   1.93670000e+04]
2 0 6 7 1 11 13 5 14 3 8 15 4 9 12 10 
[  3.20000000e+01   2.00000000e+00   2.00000000e+00   1.50000000e+01
   1.00000000e+00   2.00000000e+00   3.00000000e+00   0.00000000e+00
   1.94010000e+04]
10 12 8 4 13 0 7 6 14 11 9 5 2 3 1 15 
[  3.20000000e+01   2.00000000e+00   2.00000000e+00   1.50000000e+01
   1.00000000e+00   2.00000000e+00   3.00000000e+00   0.00000000e+00
   1.94030000e+04]
15 3 11 10 7 9 13 2 14 12 6 0 5 1 8 4 
[  3.20000000e+01   2.00000000e+00   2.00000000e+00   1.50000000e+01
   1.00000000e+00   2.00000000e+00   3.00000000e+00   0.00000000e+00
   1.94150000e+04]
7 14 13 12 3 6 11 9 15 8 1 10 4 2 0 5 
[  3.20000000e+01   2.00000000e+00   2.00000000e+00   1.50000000e+01
   1.00000000e+00   2.00000000e+00   3.00000000e+00   0.00000000e+00
   1.97080000e+04]
8 1 7 12 6 4 15 5 10 3 9 11 2 14 0 13 
[  3.20000000e+01   2.00000000e+00   2.00000000e+00   1.50000000e+01
   1.00000000e+00   2.00000000e+00   3.00000000e+00   0.00000000e+00
   1.98270000e+04]
4 10 13 15 8 1 12 9 6 0 11 14 7 3 2 5 
[  3.20000000e+01   2.00000000e+00   2.00000000e+00   1.50000000e+01
   1.00000000e+00   2.00000000e+00   3.00000000e+00   0.00000000e+00
   1.98350000e+04]
5 6 4 12 13 0 3 11 1 10 8 14 2 7 9 15 

Vega searching with population size: 200 and generation count: 200
genome: SOFTWARE_IMPL (1,)
probability of mutation: 0.010000 probability of crossover: 0.900000
criterions: [BENT_AND_MOSAC, LP_MAX, DP_MAX, SAC, BF, POLYNOMIAL_DEGREE]
[ 32.   2.   1.  12.   0.   1.   2.   0.   0.]
{XOR r0, r4 ; XOR r2, r1 ; XOR r3, r4} , {OR r1, r0 ; OR r3, r2 ; NOT r4} , {OR r0, r4 ; OR r2, r0 ; XOR r4, r1} , {XOR r2, r0 ; XOR r0, r1 ; XOR r1, r3} , {NOT r1 ; OR r3, r3 ; XOR r0, r3} , {OR r2, r2 ; AND r3, r3 ; XOR r1, r2}
[ 32.   2.   1.  12.   0.   1.   2.   0.   0.]
{XOR r0, r4 ; XOR r2, r1 ; XOR r3, r4} , {OR r1, r0 ; OR r3, r2 ; NOT r4} , {OR r0, r4 ; OR r2, r0 ; XOR r4, r1} , {XOR r2, r0 ; XOR r0, r1 ; XOR r1, r3} , {NOT r1 ; OR r3, r3 ; XOR r0, r3} , {OR r2, r2 ; AND r3, r3 ; XOR r1, r2}
[ 32.   2.   1.  12.   0.   1.   2.   0.   0.]
{XOR r0, r4 ; XOR r2, r1 ; XOR r3, r4} , {OR r1, r0 ; OR r3, r2 ; NOT r4} , {OR r0, r4 ; OR r2, r0 ; XOR r4, r1} , {XOR r2, r0 ; XOR r0, r1 ; XOR r1, r3} , {NOT r1 ; OR r3, r3 ; XOR r0, r3} , {OR r2, r2 ; AND r3, r3 ; XOR r1, r2}
[ 32.   2.   1.  12.   0.   1.   2.   0.   0.]
{XOR r0, r4 ; XOR r2, r1 ; XOR r3, r4} , {OR r1, r0 ; OR r3, r2 ; NOT r4} , {OR r0, r4 ; OR r2, r0 ; XOR r4, r1} , {XOR r2, r0 ; XOR r0, r1 ; XOR r1, r3} , {NOT r1 ; OR r3, r3 ; XOR r0, r3} , {OR r2, r2 ; AND r3, r3 ; XOR r1, r2}
[ 32.   2.   1.  12.   0.   1.   2.   0.   0.]
{XOR r0, r4 ; XOR r2, r1 ; XOR r3, r4} , {OR r1, r0 ; OR r3, r2 ; NOT r4} , {OR r0, r4 ; OR r2, r0 ; XOR r4, r1} , {XOR r2, r0 ; XOR r0, r1 ; XOR r1, r3} , {NOT r1 ; OR r3, r3 ; XOR r0, r3} , {OR r2, r2 ; AND r3, r3 ; XOR r1, r2}
[ 32.   2.   1.  12.   0.   1.   2.   0.   0.]
{XOR r0, r4 ; XOR r2, r1 ; XOR r3, r4} , {OR r1, r0 ; OR r3, r2 ; NOT r4} , {OR r0, r4 ; OR r2, r0 ; XOR r4, r1} , {XOR r2, r0 ; XOR r0, r1 ; XOR r1, r3} , {NOT r1 ; OR r3, r3 ; XOR r0, r3} , {OR r2, r2 ; AND r3, r3 ; XOR r1, r2}
[ 32.   2.   1.  12.   0.   1.   2.   0.   0.]
{XOR r0, r4 ; XOR r2, r1 ; XOR r3, r4} , {OR r1, r0 ; OR r3, r2 ; NOT r4} , {OR r0, r4 ; OR r2, r0 ; XOR r4, r1} , {XOR r2, r0 ; XOR r0, r1 ; XOR r1, r3} , {NOT r1 ; OR r3, r3 ; XOR r0, r3} , {OR r2, r2 ; AND r3, r3 ; XOR r1, r2}
[ 32.   2.   1.  12.   0.   1.   2.   0.   0.]
{XOR r0, r4 ; XOR r2, r1 ; XOR r3, r4} , {OR r1, r0 ; OR r3, r2 ; NOT r4} , {OR r0, r4 ; OR r2, r0 ; XOR r4, r1} , {XOR r2, r0 ; XOR r0, r1 ; XOR r1, r3} , {NOT r1 ; OR r3, r3 ; XOR r0, r3} , {OR r2, r2 ; AND r3, r3 ; XOR r1, r2}
[ 32.   2.   1.  12.   0.   1.   2.   0.   0.]
{XOR r0, r4 ; XOR r2, r1 ; XOR r3, r4} , {OR r1, r0 ; OR r3, r2 ; NOT r4} , {OR r0, r4 ; OR r2, r0 ; XOR r4, r1} , {XOR r2, r0 ; XOR r0, r1 ; XOR r1, r3} , {NOT r1 ; OR r3, r3 ; XOR r0, r3} , {OR r2, r2 ; AND r3, r3 ; XOR r1, r2}
[ 32.   2.   1.  12.   0.   1.   2.   0.   0.]
{XOR r0, r4 ; XOR r2, r1 ; XOR r3, r4} , {OR r1, r0 ; OR r3, r2 ; NOT r4} , {OR r0, r4 ; OR r2, r0 ; XOR r4, r1} , {XOR r2, r0 ; XOR r0, r1 ; XOR r1, r3} , {NOT r1 ; OR r3, r3 ; XOR r0, r3} , {OR r2, r2 ; AND r3, r3 ; XOR r1, r2}
[ 32.   2.   1.  12.   0.   1.   2.   0.   0.]
{XOR r0, r4 ; XOR r2, r1 ; XOR r3, r4} , {OR r1, r0 ; OR r3, r2 ; NOT r4} , {OR r0, r4 ; OR r2, r0 ; XOR r4, r1} , {XOR r2, r0 ; XOR r0, r1 ; XOR r1, r3} , {NOT r1 ; OR r3, r3 ; XOR r0, r3} , {OR r2, r2 ; AND r3, r3 ; XOR r1, r2}
[  6.40000000e+01  -0.00000000e+00   1.00000000e+00   1.00000000e+01
   1.00000000e+00   1.00000000e+00   2.00000000e+00   0.00000000e+00
   1.20200000e+03]
{MOV r4, r4 ; NOT r0 ; OR r1, r0} , {XOR r3, r2 ; NOT r4 ; OR r0, r2} , {OR r2, r3 ; XOR r0, r3 ; NOT r3} , {XOR r0, r1 ; OR r1, r2 ; XOR r3, r1} , {NOT r4 ; XOR r2, r4 ; NOT r1} , {AND r4, r0 ; OR r1, r3 ; NOP}
[  6.40000000e+01  -0.00000000e+00   1.00000000e+00   6.00000000e+00
   1.00000000e+00   1.00000000e+00   2.00000000e+00   0.00000000e+00
   2.60500000e+03]
{OR r1, r0 ; OR r2, r1 ; AND r3, r2} , {OR r0, r2 ; XOR r2, r2 ; XOR r1, r3} , {NOT r0 ; AND r4, r4 ; NOT r2} , {OR r3, r2 ; NOT r0 ; NOT r4} , {OR r4, r2 ; OR r2, r0 ; OR r3, r3} , {XOR r2, r0 ; NOT r4 ; OR r1, r1}
[  6.40000000e+01  -0.00000000e+00   1.00000000e+00   6.00000000e+00
   1.00000000e+00   1.00000000e+00   2.00000000e+00   0.00000000e+00
   2.60600000e+03]
{OR r1, r0 ; NOT r2 ; AND r3, r2} , {AND r0, r2 ; XOR r3, r2 ; XOR r1, r3} , {OR r3, r0 ; NOT r0 ; AND r2, r3} , {OR r3, r2 ; NOT r0 ; NOT r4} , {XOR r4, r1 ; NOT r2 ; XOR r3, r0} , {OR r4, r1 ; NOT r2 ; NOT r3}
[  6.40000000e+01  -0.00000000e+00   1.00000000e+00   6.00000000e+00
   1.00000000e+00   1.00000000e+00   2.00000000e+00   0.00000000e+00
   2.77100000e+03]
{OR r1, r0 ; OR r2, r1 ; AND r3, r2} , {OR r0, r2 ; XOR r2, r2 ; XOR r1, r3} , {NOT r0 ; AND r4, r4 ; NOT r2} , {OR r3, r2 ; NOT r0 ; NOT r4} , {XOR r4, r1 ; NOT r2 ; XOR r3, r0} , {OR r4, r1 ; NOT r2 ; XOR r3, r3}
[  6.40000000e+01  -0.00000000e+00   1.00000000e+00   1.00000000e+01
   1.00000000e+00   1.00000000e+00   2.00000000e+00   0.00000000e+00
   2.80000000e+03]
{AND r1, r0 ; OR r3, r2 ; MOV r4, r4} , {NOT r0 ; OR r1, r4 ; NOT r2} , {XOR r1, r3 ; OR r3, r2 ; OR r0, r2} , {XOR r2, r1 ; NOT r0 ; NOT r4} , {AND r3, r3 ; OR r0, r0 ; XOR r4, r0} , {AND r3, r2 ; NOP ; NOT r2}
[ 32.   2.   1.  12.   0.   1.   2.   0.   0.]
{XOR r0, r4 ; XOR r2, r1 ; XOR r3, r4} , {OR r1, r0 ; OR r3, r2 ; NOT r4} , {OR r0, r4 ; OR r2, r0 ; XOR r4, r1} , {XOR r2, r0 ; XOR r0, r1 ; XOR r1, r3} , {NOT r1 ; OR r3, r3 ; XOR r0, r3} , {OR r2, r2 ; AND r3, r3 ; XOR r1, r2}
[ 32.   2.   1.  12.   0.   1.   2.   0.   0.]
{XOR r0, r4 ; XOR r2, r1 ; XOR r3, r4} , {OR r1, r0 ; OR r3, r2 ; NOT r4} , {OR r0, r4 ; OR r2, r0 ; XOR r4, r1} , {XOR r2, r0 ; XOR r0, r1 ; XOR r1, r3} , {NOT r1 ; OR r3, r3 ; XOR r0, r3} , {OR r2, r2 ; AND r3, r3 ; XOR r1, r2}
[  2.80000000e+01   8.30075026e-01   4.15037513e-01   1.10000000e+01
   1.00000000e+00   1.00000000e+00   3.00000000e+00   0.00000000e+00
   3.60300000e+03]
{XOR r1, r4 ; XOR r3, r1 ; AND r4, r2} , {OR r3, r2 ; AND r4, r1 ; XOR r2, r3} , {OR r1, r0 ; AND r2, r2 ; NOT r4} , {AND r1, r2 ; XOR r2, r4 ; XOR r3, r0} , {AND r1, r1 ; OR r0, r1 ; XOR r2, r0} , {AND r4, r0 ; OR r2, r4 ; NOP}
[  6.40000000e+01  -0.00000000e+00   1.00000000e+00   1.00000000e+01
   1.00000000e+00   1.00000000e+00   2.00000000e+00   0.00000000e+00
   4.25500000e+03]
{MOV r4, r3 ; NOT r1 ; XOR r2, r3} , {NOT r4 ; AND r2, r3 ; AND r0, r1} , {OR r0, r1 ; AND r1, r0 ; XOR r2, r0} , {NOT r4 ; XOR r0, r2 ; NOT r1} , {OR r4, r3 ; XOR r1, r2 ; AND r3, r2} , {NOT r2 ; XOR r4, r3 ; NOT r1}
[  1.40000000e+01  -0.00000000e+00  -0.00000000e+00   1.10000000e+01
   3.00000000e+00   2.00000000e+00   2.00000000e+00   0.00000000e+00
   4.40000000e+03]
{AND r2, r2 ; XOR r1, r3 ; AND r4, r1} , {NOT r2 ; XOR r0, r2 ; XOR r1, r2} , {NOT r0 ; OR r1, r2 ; XOR r2, r1} , {NOT r4 ; AND r1, r3 ; XOR r2, r3} , {XOR r4, r2 ; XOR r0, r4 ; OR r2, r2} , {NOP ; XOR r2, r1 ; XOR r1, r3}
[  0.00000000e+00   8.30075026e-01   1.00000000e+00   7.00000000e+00
   0.00000000e+00   1.00000000e+00   4.00000000e+00   0.00000000e+00
   4.45300000e+03]
{OR r2, r4 ; AND r3, r0 ; XOR r0, r2} , {AND r1, r3 ; AND r0, r1 ; XOR r2, r4} , {NOT r3 ; OR r1, r0 ; NOT r0} , {XOR r4, r1 ; AND r1, r3 ; XOR r2, r3} , {OR r4, r4 ; AND r1, r0 ; XOR r3, r4} , {OR r2, r3 ; NOT r0 ; XOR r3, r4}
[  4.80000000e+01   8.30075026e-01   1.00000000e+00   1.05000000e+01
   0.00000000e+00   1.00000000e+00   2.00000000e+00   0.00000000e+00
   5.93000000e+03]
{AND r0, r1 ; OR r2, r0 ; MOV r4, r0} , {OR r2, r2 ; XOR r1, r4 ; XOR r4, r2} , {AND r2, r4 ; OR r1, r3 ; XOR r0, r3} , {NOT r1 ; XOR r4, r0 ; XOR r2, r1} , {XOR r1, r2 ; OR r4, r3 ; XOR r2, r0} , {NOP ; XOR r0, r2 ; OR r1, r3}
[  6.40000000e+01  -0.00000000e+00   1.00000000e+00   8.00000000e+00
   1.00000000e+00   1.00000000e+00   2.00000000e+00   0.00000000e+00
   6.00100000e+03]
{OR r3, r0 ; OR r4, r1 ; MOV r1, r0} , {AND r2, r4 ; OR r0, r0 ; OR r1, r3} , {NOT r3 ; XOR r4, r1 ; AND r1, r3} , {XOR r2, r1 ; OR r0, r4 ; XOR r4, r0} , {XOR r0, r3 ; AND r1, r1 ; OR r4, r1} , {NOT r3 ; AND r4, r2 ; XOR r1, r3}
[  0.00000000e+00   8.30075026e-01   1.00000000e+00   1.05000000e+01
   0.00000000e+00   1.00000000e+00   4.00000000e+00   0.00000000e+00
   6.06400000e+03]
{XOR r4, r0 ; AND r1, r3 ; AND r0, r1} , {XOR r0, r3 ; AND r2, r2 ; OR r3, r0} , {OR r3, r2 ; AND r4, r4 ; AND r2, r2} , {XOR r3, r1 ; OR r2, r2 ; NOT r0} , {AND r0, r3 ; AND r4, r3 ; OR r2, r3} , {OR r1, r0 ; NOT r2 ; NOP}
[  6.40000000e+01  -0.00000000e+00   1.00000000e+00   6.00000000e+00
   1.00000000e+00   1.00000000e+00   2.00000000e+00   0.00000000e+00
   6.20000000e+03]
{MOV r0, r3 ; AND r4, r0 ; AND r2, r0} , {XOR r3, r4 ; AND r4, r3 ; OR r0, r1} , {OR r0, r3 ; OR r4, r4 ; XOR r2, r0} , {AND r3, r3 ; AND r4, r4 ; NOT r0} , {NOT r1 ; NOT r4 ; NOT r0} , {NOT r2 ; OR r3, r2 ; NOT r1}
[  6.40000000e+01  -0.00000000e+00   1.00000000e+00   6.00000000e+00
   1.00000000e+00   1.00000000e+00   2.00000000e+00   0.00000000e+00
   6.20200000e+03]
{AND r1, r1 ; OR r2, r0 ; NOT r4} , {NOT r2 ; NOT r1 ; NOT r0} , {OR r0, r3 ; XOR r2, r1 ; AND r4, r0} , {AND r2, r3 ; XOR r1, r3 ; XOR r0, r2} , {NOT r1 ; NOT r4 ; NOT r0} , {NOT r2 ; OR r3, r2 ; NOT r1}
[  6.40000000e+01  -0.00000000e+00   1.00000000e+00   6.00000000e+00
   1.00000000e+00   1.00000000e+00   2.00000000e+00   0.00000000e+00
   6.22300000e+03]
{OR r0, r1 ; MOV r1, r3 ; OR r2, r2} , {XOR r4, r1 ; NOT r3 ; NOT r1} , {AND r4, r2 ; OR r1, r0 ; NOT r0} , {XOR r2, r4 ; NOT r0 ; XOR r4, r0} , {NOT r1 ; NOT r3 ; NOT r2} , {NOT r2 ; NOP ; NOT r0}
[  6.40000000e+01  -0.00000000e+00   1.00000000e+00   6.00000000e+00
   1.00000000e+00   1.00000000e+00   2.00000000e+00   0.00000000e+00
   6.32200000e+03]
{AND r1, r3 ; AND r4, r2 ; OR r2, r0} , {XOR r1, r4 ; XOR r2, r1 ; AND r3, r2} , {XOR r3, r2 ; OR r4, r2 ; OR r0, r4} , {AND r3, r3 ; AND r4, r4 ; NOT r0} , {NOT r1 ; NOT r4 ; NOT r0} , {NOT r2 ; OR r3, r2 ; NOT r1}
[  6.40000000e+01  -0.00000000e+00   1.00000000e+00   6.00000000e+00
   1.00000000e+00   1.00000000e+00   2.00000000e+00   0.00000000e+00
   6.39100000e+03]
{MOV r0, r3 ; AND r4, r0 ; AND r2, r0} , {XOR r3, r4 ; AND r4, r3 ; OR r0, r1} , {OR r0, r3 ; OR r4, r4 ; XOR r2, r0} , {AND r3, r3 ; AND r4, r4 ; NOT r0} , {NOT r1 ; NOT r4 ; NOT r0} , {NOT r2 ; XOR r3, r2 ; NOT r1}
[ 32.   2.   1.  12.   0.   1.   2.   0.   0.]
{XOR r0, r4 ; XOR r2, r1 ; XOR r3, r4} , {OR r1, r0 ; OR r3, r2 ; NOT r4} , {OR r0, r4 ; OR r2, r0 ; XOR r4, r1} , {XOR r2, r0 ; XOR r0, r1 ; XOR r1, r3} , {NOT r1 ; OR r3, r3 ; XOR r0, r3} , {OR r2, r2 ; AND r3, r3 ; XOR r1, r2}
[  2.40000000e+01   8.30075026e-01   1.41503751e+00   1.10000000e+01
   0.00000000e+00   2.00000000e+00   2.00000000e+00   0.00000000e+00
   6.63300000e+03]
{MOV r1, r1 ; MOV r4, r0 ; AND r0, r1} , {AND r3, r2 ; XOR r0, r3 ; XOR r2, r1} , {XOR r2, r4 ; OR r1, r2 ; OR r4, r3} , {XOR r0, r1 ; AND r1, r0 ; XOR r4, r1} , {OR r0, r4 ; XOR r1, r2 ; AND r2, r0} , {NOT r0 ; OR r3, r4 ; OR r2, r2}
[  3.20000000e+01   8.30075026e-01   2.00000000e+00   1.10000000e+01
   0.00000000e+00   1.00000000e+00   3.00000000e+00   0.00000000e+00
   6.73800000e+03]
{MOV r1, r1 ; MOV r4, r0 ; AND r0, r1} , {AND r3, r2 ; XOR r0, r3 ; XOR r2, r4} , {NOT r2 ; OR r1, r2 ; OR r4, r3} , {XOR r0, r1 ; AND r1, r0 ; XOR r4, r1} , {OR r0, r4 ; XOR r1, r2 ; AND r2, r0} , {NOT r0 ; OR r3, r4 ; OR r2, r2}
[  6.40000000e+01  -0.00000000e+00   1.00000000e+00   8.00000000e+00
   1.00000000e+00   1.00000000e+00   2.00000000e+00   0.00000000e+00
   6.87100000e+03]
{OR r1, r2 ; XOR r2, r1 ; AND r0, r3} , {AND r3, r2 ; AND r0, r3 ; XOR r1, r0} , {OR r0, r1 ; OR r2, r3 ; OR r3, r4} , {OR r4, r3 ; AND r0, r0 ; XOR r3, r1} , {AND r0, r4 ; NOT r2 ; XOR r4, r1} , {AND r3, r1 ; AND r4, r3 ; XOR r0, r4}
[  6.40000000e+01  -0.00000000e+00   1.00000000e+00   1.00000000e+01
   1.00000000e+00   1.00000000e+00   2.00000000e+00   0.00000000e+00
   7.00300000e+03]
{NOT r3 ; XOR r2, r3 ; OR r1, r3} , {NOT r3 ; XOR r4, r0 ; NOT r0} , {XOR r0, r0 ; XOR r1, r0 ; AND r2, r0} , {XOR r1, r2 ; XOR r0, r0 ; XOR r2, r1} , {XOR r2, r4 ; XOR r3, r3 ; XOR r4, r1} , {NOT r3 ; NOT r2 ; OR r0, r2}
[  1.60000000e+01   2.00000000e+00   1.00000000e+00   1.15000000e+01
   1.00000000e+00   1.00000000e+00   2.00000000e+00   0.00000000e+00
   7.60000000e+03]
{XOR r3, r2 ; OR r4, r1 ; AND r1, r1} , {AND r1, r0 ; AND r3, r1 ; OR r0, r3} , {OR r2, r4 ; AND r4, r2 ; XOR r1, r3} , {XOR r0, r1 ; AND r4, r3 ; XOR r3, r0} , {XOR r2, r0 ; NOT r0 ; NOT r4} , {XOR r4, r2 ; NOP ; NOT r3}
[  2.40000000e+01   2.00000000e+00   2.00000000e+00   1.20000000e+01
   0.00000000e+00   1.00000000e+00   2.00000000e+00   0.00000000e+00
   7.86000000e+03]
{OR r0, r3 ; MOV r4, r0 ; OR r1, r1} , {OR r4, r2 ; AND r2, r1 ; AND r1, r4} , {XOR r0, r1 ; OR r4, r1 ; OR r3, r1} , {NOT r2 ; AND r3, r4 ; XOR r0, r2} , {AND r2, r3 ; OR r3, r0 ; OR r0, r0} , {XOR r2, r1 ; AND r1, r1 ; NOP}
[  2.40000000e+01   1.35614383e+00   1.41503751e+00   1.05000000e+01
   0.00000000e+00   1.00000000e+00   3.00000000e+00   0.00000000e+00
   7.86200000e+03]
{OR r0, r3 ; MOV r4, r0 ; AND r1, r1} , {OR r1, r2 ; AND r0, r1 ; AND r2, r4} , {XOR r4, r2 ; XOR r1, r2 ; OR r3, r2} , {XOR r1, r0 ; XOR r0, r3 ; XOR r4, r3} , {AND r2, r3 ; OR r3, r4 ; OR r4, r0} , {XOR r2, r1 ; NOP ; NOP}
[  6.40000000e+01  -0.00000000e+00   1.00000000e+00   8.00000000e+00
   1.00000000e+00   1.00000000e+00   2.00000000e+00   0.00000000e+00
   8.20200000e+03]
{AND r1, r0 ; OR r3, r2 ; OR r2, r1} , {XOR r2, r0 ; NOT r4 ; XOR r3, r1} , {OR r2, r1 ; XOR r0, r2 ; AND r1, r1} , {NOT r2 ; XOR r0, r3 ; OR r3, r4} , {AND r3, r4 ; OR r1, r4 ; AND r4, r2} , {XOR r1, r2 ; AND r0, r0 ; XOR r3, r2}
[  6.40000000e+01  -0.00000000e+00   1.00000000e+00   6.00000000e+00
   1.00000000e+00   1.00000000e+00   2.00000000e+00   0.00000000e+00
   9.60100000e+03]
{OR r2, r1 ; XOR r0, r3 ; NOT r1} , {XOR r2, r1 ; OR r3, r0 ; XOR r0, r0} , {AND r0, r0 ; AND r4, r2 ; XOR r2, r3} , {OR r1, r3 ; NOT r3 ; OR r0, r2} , {AND r2, r1 ; XOR r0, r3 ; OR r4, r2} , {NOT r0 ; NOP ; NOT r1}
[  6.40000000e+01  -0.00000000e+00   1.00000000e+00   1.00000000e+01
   1.00000000e+00   1.00000000e+00   2.00000000e+00   0.00000000e+00
   9.60200000e+03]
{OR r4, r1 ; XOR r3, r0 ; OR r2, r0} , {OR r1, r3 ; NOT r3 ; NOT r0} , {XOR r4, r4 ; OR r2, r3 ; XOR r3, r1} , {OR r3, r1 ; XOR r0, r4 ; XOR r4, r3} , {AND r2, r2 ; XOR r0, r4 ; XOR r3, r0} , {AND r2, r0 ; NOP ; NOT r1}
[  6.40000000e+01  -0.00000000e+00   1.00000000e+00   6.00000000e+00
   1.00000000e+00   1.00000000e+00   2.00000000e+00   0.00000000e+00
   9.63500000e+03]
{OR r2, r1 ; XOR r0, r3 ; NOT r1} , {XOR r2, r1 ; OR r3, r0 ; XOR r0, r0} , {AND r0, r0 ; AND r4, r2 ; XOR r2, r3} , {OR r1, r3 ; NOT r3 ; OR r0, r2} , {AND r2, r1 ; XOR r0, r3 ; OR r4, r2} , {NOT r0 ; NOP ; NOT r1}
[  1.60000000e+01  -0.00000000e+00   4.15037513e-01   1.10000000e+01
   3.00000000e+00   2.00000000e+00   1.00000000e+00   0.00000000e+00
   1.00000000e+04]
{MOV r3, r3 ; NOT r4 ; XOR r2, r2} , {AND r4, r3 ; XOR r3, r4 ; OR r2, r1} , {XOR r2, r3 ; XOR r1, r4 ; AND r4, r3} , {OR r2, r2 ; AND r1, r0 ; OR r3, r4} , {XOR r0, r2 ; XOR r4, r1 ; AND r3, r4} , {XOR r0, r2 ; XOR r1, r0 ; XOR r3, r3}
[  3.00000000e+01   8.30075026e-01   1.00000000e+00   1.15000000e+01
   0.00000000e+00   2.00000000e+00   2.00000000e+00   0.00000000e+00
   1.01130000e+04]
{MOV r0, r3 ; NOT r4 ; XOR r2, r0} , {AND r3, r0 ; OR r4, r2 ; XOR r2, r1} , {OR r1, r3 ; OR r0, r4 ; AND r4, r3} , {OR r3, r4 ; OR r2, r3 ; XOR r0, r2} , {OR r1, r2 ; XOR r4, r0 ; AND r3, r4} , {XOR r4, r2 ; NOT r0 ; XOR r3, r3}
[  4.00000000e+01  -0.00000000e+00   2.00000000e+00   1.15000000e+01
   0.00000000e+00   1.00000000e+00   1.00000000e+00   0.00000000e+00
   1.01790000e+04]
{MOV r3, r3 ; NOT r4 ; XOR r2, r0} , {OR r0, r1 ; AND r3, r3 ; XOR r4, r3} , {XOR r1, r3 ; XOR r0, r4 ; AND r4, r3} , {NOT r1 ; NOT r3 ; AND r2, r1} , {XOR r0, r2 ; XOR r4, r3 ; AND r3, r4} , {XOR r4, r2 ; AND r0, r0 ; XOR r2, r3}
[  6.40000000e+01  -0.00000000e+00   1.00000000e+00   1.20000000e+01
   1.00000000e+00   1.00000000e+00   2.00000000e+00   0.00000000e+00
   1.02140000e+04]
{OR r2, r3 ; NOT r3 ; XOR r4, r1} , {NOT r3 ; OR r4, r1 ; AND r0, r1} , {XOR r2, r0 ; OR r4, r2 ; NOT r0} , {XOR r3, r4 ; AND r0, r1 ; NOT r4} , {XOR r4, r2 ; XOR r1, r2 ; XOR r0, r0} , {AND r3, r2 ; NOP ; XOR r0, r4}
[  6.40000000e+01  -0.00000000e+00   1.00000000e+00   1.00000000e+01
   1.00000000e+00   1.00000000e+00   2.00000000e+00   0.00000000e+00
   1.02160000e+04]
{OR r2, r3 ; NOT r3 ; XOR r1, r3} , {OR r3, r3 ; OR r4, r1 ; AND r0, r1} , {XOR r3, r4 ; OR r1, r4 ; OR r4, r3} , {XOR r2, r0 ; AND r0, r1 ; OR r4, r2} , {XOR r4, r2 ; XOR r1, r2 ; XOR r0, r0} , {AND r3, r2 ; NOP ; XOR r0, r4}
[  6.40000000e+01  -0.00000000e+00   1.00000000e+00   1.00000000e+01
   1.00000000e+00   1.00000000e+00   2.00000000e+00   0.00000000e+00
   1.03870000e+04]
{OR r2, r3 ; NOT r3 ; XOR r4, r4} , {NOT r3 ; OR r4, r1 ; AND r0, r1} , {XOR r2, r0 ; OR r3, r2 ; NOT r0} , {XOR r2, r4 ; AND r0, r4 ; NOT r3} , {XOR r4, r2 ; XOR r1, r2 ; XOR r0, r0} , {AND r3, r2 ; NOP ; XOR r0, r4}
[  0.00000000e+00   8.30075026e-01   1.00000000e+00   9.50000000e+00
   0.00000000e+00   1.00000000e+00   4.00000000e+00   0.00000000e+00
   1.10320000e+04]
{XOR r4, r1 ; OR r3, r4 ; NOT r2} , {AND r1, r0 ; OR r2, r3 ; NOT r3} , {OR r3, r4 ; AND r1, r2 ; XOR r0, r2} , {AND r1, r2 ; AND r4, r3 ; AND r3, r0} , {AND r3, r2 ; AND r2, r1 ; XOR r1, r2} , {AND r3, r2 ; AND r4, r3 ; OR r0, r1}
[  0.00000000e+00  -0.00000000e+00  -0.00000000e+00   1.40000000e+01
   3.00000000e+00   3.00000000e+00   1.00000000e+00   0.00000000e+00
   1.14000000e+04]
{OR r2, r2 ; NOT r3 ; XOR r4, r3} , {XOR r4, r1 ; AND r1, r1 ; XOR r0, r1} , {XOR r1, r1 ; OR r3, r0 ; OR r4, r4} , {XOR r2, r4 ; XOR r0, r3 ; OR r1, r2} , {XOR r4, r0 ; OR r3, r1 ; NOT r2} , {XOR r3, r3 ; NOP ; NOP}
[  6.40000000e+01  -0.00000000e+00   1.00000000e+00   6.00000000e+00
   1.00000000e+00   1.00000000e+00   2.00000000e+00   0.00000000e+00
   1.14080000e+04]
{OR r2, r2 ; NOT r3 ; XOR r4, r3} , {OR r4, r3 ; OR r2, r1 ; AND r0, r4} , {XOR r0, r2 ; OR r3, r0 ; OR r1, r4} , {AND r3, r0 ; OR r4, r3 ; XOR r1, r0} , {XOR r4, r0 ; OR r3, r1 ; NOT r2} , {XOR r3, r3 ; NOP ; NOP}
[  2.90000000e+01   8.30075026e-01   1.00000000e+00   1.15000000e+01
   0.00000000e+00   2.00000000e+00   3.00000000e+00   0.00000000e+00
   1.16030000e+04]
{XOR r0, r3 ; MOV r4, r1 ; MOV r3, r0} , {OR r3, r1 ; OR r4, r3 ; XOR r1, r2} , {AND r4, r1 ; OR r1, r2 ; XOR r3, r0} , {OR r0, r1 ; OR r2, r1 ; AND r1, r2} , {AND r2, r4 ; XOR r4, r3 ; OR r0, r0} , {AND r1, r3 ; NOP ; NOT r3}
[  0.00000000e+00  -0.00000000e+00  -0.00000000e+00   1.40000000e+01
   3.00000000e+00   3.00000000e+00   1.00000000e+00   0.00000000e+00
   1.34000000e+04]
{XOR r1, r0 ; OR r0, r4 ; MOV r2, r2} , {AND r1, r1 ; AND r0, r0 ; XOR r4, r1} , {XOR r0, r0 ; XOR r1, r1 ; XOR r3, r0} , {XOR r0, r2 ; XOR r4, r2 ; NOT r1} , {XOR r3, r2 ; XOR r2, r0 ; OR r0, r0} , {XOR r4, r3 ; AND r3, r4 ; XOR r2, r3}
[  0.00000000e+00  -0.00000000e+00   1.00000000e+00   1.10000000e+01
   2.00000000e+00   2.00000000e+00   2.00000000e+00   0.00000000e+00
   1.38040000e+04]
{XOR r1, r2 ; OR r4, r3 ; NOT r2} , {OR r2, r0 ; XOR r3, r2 ; XOR r4, r0} , {NOT r3 ; XOR r1, r4 ; XOR r0, r1} , {AND r2, r2 ; OR r0, r0 ; OR r4, r3} , {OR r1, r3 ; XOR r4, r1 ; AND r0, r3} , {XOR r4, r2 ; AND r3, r3 ; NOP}
[  6.40000000e+01  -0.00000000e+00   1.00000000e+00   6.00000000e+00
   1.00000000e+00   1.00000000e+00   2.00000000e+00   0.00000000e+00
   1.58070000e+04]
{XOR r2, r4 ; AND r1, r0 ; OR r4, r1} , {NOT r0 ; OR r3, r2 ; OR r2, r4} , {NOT r2 ; XOR r4, r0 ; AND r3, r3} , {OR r1, r1 ; XOR r2, r0 ; XOR r3, r1} , {XOR r2, r3 ; AND r4, r2 ; NOT r1} , {NOP ; NOT r4 ; NOT r0}
[  6.40000000e+01  -0.00000000e+00   1.00000000e+00   6.00000000e+00
   1.00000000e+00   1.00000000e+00   2.00000000e+00   0.00000000e+00
   1.68910000e+04]
{OR r1, r4 ; XOR r3, r4 ; XOR r2, r1} , {XOR r4, r1 ; XOR r1, r0 ; OR r3, r2} , {NOT r3 ; AND r4, r1 ; OR r0, r4} , {AND r2, r3 ; XOR r0, r3 ; AND r4, r1} , {XOR r2, r0 ; NOT r1 ; OR r4, r0} , {OR r0, r0 ; AND r4, r2 ; AND r1, r0}
[  6.40000000e+01  -0.00000000e+00   1.00000000e+00   6.00000000e+00
   1.00000000e+00   1.00000000e+00   2.00000000e+00   0.00000000e+00
   1.69270000e+04]
{XOR r4, r1 ; XOR r1, r3 ; XOR r2, r1} , {XOR r4, r1 ; XOR r1, r0 ; OR r3, r2} , {NOT r3 ; AND r0, r1 ; OR r2, r4} , {AND r2, r3 ; XOR r0, r3 ; AND r4, r1} , {XOR r2, r0 ; NOT r1 ; OR r4, r0} , {OR r0, r0 ; AND r4, r0 ; AND r1, r0}
[  2.40000000e+01   1.35614383e+00   1.41503751e+00   1.02500000e+01
   0.00000000e+00   1.00000000e+00   3.00000000e+00   0.00000000e+00
   1.70350000e+04]
{OR r2, r3 ; OR r4, r2 ; OR r3, r0} , {XOR r1, r3 ; XOR r3, r2 ; XOR r0, r3} , {AND r1, r2 ; XOR r2, r1 ; AND r4, r2} , {OR r3, r1 ; AND r2, r0 ; AND r4, r2} , {XOR r0, r3 ; XOR r1, r2 ; XOR r3, r4} , {OR r2, r3 ; NOP ; NOP}
[  6.40000000e+01  -0.00000000e+00   1.00000000e+00   6.00000000e+00
   1.00000000e+00   1.00000000e+00   2.00000000e+00   0.00000000e+00
   1.72410000e+04]
{AND r1, r2 ; NOT r2 ; AND r3, r0} , {XOR r3, r1 ; OR r0, r3 ; AND r1, r2} , {XOR r0, r3 ; NOT r1 ; AND r2, r4} , {NOT r3 ; NOT r2 ; XOR r1, r3} , {OR r3, r0 ; XOR r4, r2 ; NOT r1} , {NOT r2 ; NOT r3 ; NOT r1}
[  6.40000000e+01  -0.00000000e+00   1.00000000e+00   6.00000000e+00
   1.00000000e+00   1.00000000e+00   2.00000000e+00   0.00000000e+00
   1.73640000e+04]
{XOR r1, r2 ; OR r2, r3 ; AND r4, r1} , {AND r3, r1 ; AND r0, r1 ; XOR r1, r1} , {XOR r2, r0 ; AND r0, r1 ; AND r3, r3} , {AND r1, r2 ; XOR r2, r1 ; AND r3, r2} , {XOR r2, r0 ; XOR r4, r4 ; OR r0, r2} , {NOT r1 ; OR r4, r2 ; XOR r0, r4}
[  1.40000000e+01   8.30075026e-01  -0.00000000e+00   1.15000000e+01
   1.00000000e+00   2.00000000e+00   2.00000000e+00   0.00000000e+00
   1.74090000e+04]
{XOR r1, r4 ; XOR r0, r2 ; XOR r4, r3} , {XOR r3, r1 ; XOR r1, r0 ; NOT r2} , {AND r0, r2 ; XOR r2, r1 ; AND r1, r3} , {XOR r1, r3 ; NOT r4 ; OR r0, r2} , {OR r4, r2 ; NOT r1 ; XOR r2, r1} , {AND r2, r2 ; NOP ; AND r0, r3}
[  6.40000000e+01  -0.00000000e+00   1.00000000e+00   6.00000000e+00
   1.00000000e+00   1.00000000e+00   2.00000000e+00   0.00000000e+00
   1.76020000e+04]
{MOV r1, r1 ; OR r2, r0 ; MOV r4, r2} , {AND r4, r3 ; NOT r0 ; AND r3, r3} , {AND r0, r3 ; OR r3, r3 ; XOR r1, r2} , {OR r0, r1 ; AND r4, r2 ; XOR r1, r0} , {NOT r2 ; OR r0, r0 ; NOT r4} , {NOP ; AND r3, r1 ; NOT r0}
[  0.00000000e+00   8.30075026e-01   1.00000000e+00   1.05000000e+01
   0.00000000e+00   1.00000000e+00   4.00000000e+00   0.00000000e+00
   1.76170000e+04]
{XOR r0, r1 ; NOT r4 ; XOR r1, r4} , {XOR r1, r2 ; OR r3, r1 ; AND r2, r1} , {OR r0, r1 ; AND r2, r3 ; AND r4, r3} , {OR r2, r1 ; AND r4, r1 ; XOR r1, r0} , {AND r3, r0 ; XOR r2, r3 ; OR r0, r3} , {OR r2, r1 ; XOR r1, r4 ; NOT r0}
[  3.90000000e+01   8.30075026e-01   1.41503751e+00   1.10000000e+01
   0.00000000e+00   1.00000000e+00   2.00000000e+00   0.00000000e+00
   1.78050000e+04]
{NOT r4 ; AND r2, r2 ; OR r0, r3} , {OR r4, r2 ; NOT r2 ; AND r0, r2} , {NOT r3 ; NOT r2 ; AND r1, r4} , {OR r3, r0 ; AND r2, r3 ; OR r4, r1} , {AND r1, r3 ; XOR r4, r2 ; OR r2, r3} , {NOP ; XOR r0, r1 ; NOP}
[  3.20000000e+01  -0.00000000e+00   1.00000000e+00   1.00000000e+01
   1.00000000e+00   1.00000000e+00   3.00000000e+00   0.00000000e+00
   1.86000000e+04]
{OR r3, r2 ; OR r4, r3 ; NOT r1} , {XOR r0, r2 ; XOR r1, r3 ; XOR r2, r0} , {OR r1, r2 ; XOR r3, r3 ; XOR r0, r1} , {OR r1, r1 ; XOR r0, r1 ; XOR r4, r1} , {NOT r3 ; XOR r2, r4 ; AND r1, r3} , {XOR r1, r3 ; OR r2, r4 ; AND r3, r2}

Spea searching with population size: 200 and generation count: 200
genome: SOFTWARE_IMPL (1,)
probability of mutation: 0.050000 probability of crossover: 0.700000
criterions: [BENT_AND_MOSAC, LP_MAX, DP_MAX, SAC, BF, POLYNOMIAL_DEGREE]
[  32.   -0.    1.   11.    3.    2.    3.    0.  102.]
{OR r3, r4 ; AND r0, r1 ; OR r1, r0} , {XOR r3, r0 ; XOR r0, r2 ; XOR r2, r1} , {NOT r4 ; XOR r1, r3 ; XOR r2, r1} , {XOR r3, r3 ; XOR r2, r1 ; OR r1, r4} , {XOR r2, r1 ; AND r1, r1 ; XOR r3, r3} , {XOR r3, r2 ; XOR r4, r2 ; AND r0, r1}
[  32.   -0.    1.   10.    3.    2.    3.    0.  148.]
{XOR r3, r2 ; AND r2, r3 ; XOR r4, r2} , {NOT r4 ; XOR r3, r1 ; OR r1, r2} , {OR r1, r0 ; XOR r4, r3 ; XOR r0, r2} , {NOT r1 ; XOR r3, r0 ; OR r4, r4} , {OR r0, r3 ; OR r3, r3 ; OR r1, r3} , {XOR r4, r1 ; NOP ; XOR r2, r1}
[  32.   -0.    1.   10.    3.    2.    3.    0.  149.]
{XOR r0, r2 ; OR r2, r1 ; AND r4, r1} , {NOT r4 ; XOR r3, r1 ; OR r1, r2} , {OR r1, r0 ; XOR r4, r3 ; XOR r0, r2} , {NOT r1 ; XOR r3, r0 ; OR r4, r4} , {OR r0, r3 ; AND r3, r0 ; OR r1, r3} , {XOR r4, r1 ; NOP ; XOR r2, r1}
[  32.   -0.    1.   10.    3.    2.    3.    0.  150.]
{XOR r3, r2 ; AND r2, r3 ; XOR r4, r3} , {NOT r4 ; XOR r3, r1 ; OR r1, r2} , {XOR r1, r0 ; XOR r4, r3 ; XOR r0, r2} , {NOT r1 ; XOR r3, r0 ; OR r4, r4} , {OR r0, r3 ; OR r3, r1 ; OR r1, r3} , {XOR r4, r1 ; NOP ; XOR r2, r3}
[  32.   -0.    1.   10.    3.    2.    3.    0.  151.]
{XOR r3, r2 ; AND r2, r1 ; AND r4, r3} , {NOT r4 ; XOR r3, r1 ; OR r1, r2} , {OR r1, r0 ; XOR r4, r3 ; XOR r0, r2} , {NOT r1 ; XOR r3, r0 ; NOT r4} , {OR r0, r3 ; AND r3, r0 ; OR r1, r3} , {XOR r4, r1 ; NOP ; XOR r2, r1}
[  32.   -0.    1.   10.    3.    2.    3.    0.  152.]
{XOR r0, r2 ; OR r2, r1 ; OR r4, r4} , {NOT r4 ; XOR r3, r1 ; OR r1, r2} , {NOT r2 ; XOR r4, r3 ; XOR r0, r1} , {NOT r1 ; XOR r3, r0 ; NOT r4} , {OR r0, r3 ; AND r3, r0 ; OR r1, r3} , {XOR r4, r1 ; NOP ; XOR r2, r1}
[  32.   -0.    1.   10.    3.    2.    3.    0.  153.]
{XOR r0, r2 ; OR r2, r1 ; OR r1, r4} , {NOT r4 ; XOR r3, r1 ; OR r1, r2} , {OR r1, r0 ; XOR r4, r3 ; XOR r0, r2} , {NOT r1 ; XOR r3, r0 ; NOT r4} , {OR r0, r3 ; OR r3, r2 ; OR r1, r3} , {XOR r4, r1 ; NOP ; XOR r2, r1}
[  32.   -0.    1.   10.    3.    2.    3.    0.  154.]
{XOR r0, r2 ; OR r2, r1 ; OR r1, r4} , {XOR r4, r0 ; XOR r3, r1 ; OR r1, r2} , {OR r1, r0 ; XOR r4, r3 ; XOR r0, r2} , {NOT r1 ; XOR r3, r0 ; NOT r4} , {OR r0, r3 ; OR r3, r3 ; OR r1, r3} , {XOR r4, r1 ; NOP ; XOR r2, r1}
[  32.   -0.    1.   10.    3.    2.    3.    0.  157.]
{XOR r1, r2 ; OR r2, r1 ; MOV r4, r4} , {NOT r4 ; XOR r3, r1 ; OR r1, r2} , {AND r1, r2 ; XOR r4, r3 ; XOR r0, r1} , {NOT r1 ; XOR r3, r0 ; NOT r4} , {OR r0, r3 ; AND r3, r0 ; OR r1, r3} , {XOR r4, r1 ; NOP ; XOR r2, r1}
[  32.   -0.    1.   10.    3.    2.    3.    0.  158.]
{XOR r0, r2 ; OR r2, r1 ; OR r1, r4} , {NOT r4 ; XOR r3, r1 ; OR r1, r2} , {NOT r1 ; XOR r4, r3 ; XOR r0, r1} , {NOT r1 ; XOR r3, r0 ; OR r4, r4} , {OR r0, r3 ; XOR r3, r1 ; OR r1, r3} , {XOR r4, r1 ; NOP ; XOR r2, r1}
[  32.   -0.    1.   10.    3.    2.    3.    0.  159.]
{XOR r3, r2 ; AND r2, r3 ; MOV r4, r3} , {NOT r4 ; XOR r3, r1 ; OR r1, r2} , {OR r1, r0 ; XOR r4, r3 ; XOR r0, r2} , {NOT r1 ; XOR r3, r0 ; NOT r4} , {OR r0, r3 ; OR r3, r2 ; OR r1, r3} , {XOR r4, r1 ; NOP ; XOR r2, r1}
[  32.   -0.    1.   10.    3.    2.    3.    0.  160.]
{XOR r3, r2 ; AND r2, r1 ; MOV r4, r3} , {NOT r4 ; XOR r3, r1 ; OR r2, r2} , {OR r1, r0 ; XOR r4, r3 ; XOR r0, r2} , {NOT r1 ; XOR r3, r0 ; NOT r4} , {OR r0, r3 ; OR r3, r2 ; OR r1, r3} , {XOR r4, r1 ; NOP ; XOR r2, r1}
[  32.   -0.    1.   10.    3.    2.    3.    0.  161.]
{XOR r3, r2 ; OR r2, r1 ; AND r4, r1} , {NOT r4 ; XOR r3, r1 ; OR r1, r2} , {OR r1, r0 ; XOR r4, r3 ; XOR r0, r2} , {NOT r1 ; XOR r3, r0 ; AND r4, r4} , {OR r0, r3 ; NOT r3 ; OR r1, r3} , {XOR r4, r1 ; NOP ; XOR r2, r1}
[  32.   -0.    1.   10.    3.    2.    3.    0.  162.]
{XOR r3, r2 ; AND r2, r1 ; MOV r4, r3} , {NOT r4 ; XOR r3, r1 ; OR r1, r2} , {OR r1, r0 ; XOR r4, r3 ; XOR r0, r2} , {NOT r1 ; XOR r3, r0 ; NOT r4} , {OR r0, r3 ; OR r3, r2 ; OR r1, r3} , {XOR r4, r1 ; NOP ; XOR r2, r1}
[  32.   -0.    1.   10.    3.    2.    3.    0.  163.]
{XOR r0, r2 ; OR r2, r1 ; AND r4, r1} , {NOT r4 ; XOR r3, r1 ; OR r1, r2} , {OR r1, r0 ; XOR r4, r3 ; XOR r0, r2} , {NOT r1 ; XOR r3, r0 ; NOT r4} , {OR r0, r3 ; AND r3, r0 ; OR r1, r3} , {XOR r4, r1 ; NOP ; XOR r2, r1}
[  32.   -0.    1.   10.    3.    2.    3.    0.  164.]
{XOR r0, r2 ; OR r2, r1 ; AND r4, r1} , {NOT r4 ; XOR r3, r1 ; OR r1, r2} , {OR r1, r0 ; XOR r4, r3 ; XOR r0, r2} , {NOT r1 ; XOR r3, r0 ; NOT r4} , {OR r0, r3 ; AND r3, r0 ; OR r1, r3} , {XOR r4, r1 ; NOP ; XOR r2, r1}
[  32.   -0.    1.   10.    3.    2.    3.    0.  165.]
{XOR r1, r2 ; OR r2, r1 ; MOV r4, r4} , {NOT r4 ; XOR r3, r1 ; OR r1, r2} , {AND r1, r2 ; XOR r4, r3 ; XOR r0, r1} , {NOT r1 ; XOR r3, r0 ; NOT r4} , {OR r0, r3 ; OR r3, r2 ; OR r1, r3} , {XOR r4, r1 ; NOP ; XOR r2, r1}
[  32.   -0.    1.   10.    3.    2.    3.    0.  166.]
{XOR r0, r2 ; OR r2, r1 ; OR r4, r4} , {NOT r4 ; XOR r3, r1 ; OR r1, r2} , {NOT r2 ; XOR r4, r3 ; XOR r0, r1} , {NOT r1 ; XOR r3, r0 ; NOT r4} , {OR r0, r3 ; OR r3, r2 ; OR r1, r3} , {XOR r4, r1 ; NOP ; XOR r2, r1}
[  32.   -0.    1.   10.    3.    2.    3.    0.  167.]
{XOR r1, r2 ; OR r2, r1 ; MOV r4, r4} , {NOT r4 ; XOR r3, r1 ; OR r1, r2} , {OR r1, r0 ; XOR r4, r3 ; XOR r0, r2} , {NOT r1 ; XOR r3, r0 ; OR r4, r4} , {OR r0, r3 ; NOT r3 ; OR r1, r3} , {XOR r4, r1 ; NOP ; XOR r2, r1}
[  32.   -0.    1.   10.    3.    2.    3.    0.  168.]
{XOR r1, r2 ; OR r2, r1 ; MOV r4, r4} , {NOT r4 ; XOR r3, r1 ; OR r1, r2} , {OR r1, r0 ; XOR r4, r3 ; XOR r0, r2} , {NOT r1 ; XOR r3, r0 ; NOT r4} , {OR r0, r3 ; AND r3, r2 ; OR r1, r3} , {XOR r4, r1 ; NOP ; XOR r2, r1}
[  32.   -0.    1.   10.    3.    2.    3.    0.  169.]
{XOR r1, r2 ; OR r2, r1 ; MOV r4, r4} , {NOT r4 ; XOR r3, r1 ; OR r1, r2} , {OR r1, r0 ; XOR r4, r3 ; XOR r0, r2} , {NOT r1 ; XOR r3, r0 ; OR r4, r4} , {OR r0, r3 ; OR r2, r2 ; OR r1, r3} , {XOR r4, r1 ; NOP ; XOR r2, r1}
[  32.   -0.    1.   10.    3.    2.    3.    0.  170.]
{XOR r3, r2 ; AND r2, r1 ; NOT r4} , {NOT r4 ; XOR r3, r1 ; OR r1, r2} , {OR r1, r0 ; XOR r4, r3 ; XOR r0, r2} , {NOT r1 ; XOR r3, r0 ; NOT r4} , {OR r0, r3 ; OR r3, r2 ; OR r1, r3} , {XOR r4, r1 ; NOP ; XOR r2, r1}
[  32.   -0.    1.   10.    3.    2.    3.    0.  171.]
{XOR r3, r2 ; AND r2, r1 ; NOT r4} , {NOT r4 ; XOR r3, r1 ; OR r1, r2} , {OR r1, r0 ; XOR r4, r3 ; XOR r3, r2} , {NOT r1 ; XOR r3, r0 ; NOT r4} , {OR r0, r3 ; AND r3, r0 ; OR r1, r3} , {XOR r4, r1 ; NOP ; XOR r2, r1}
[  32.   -0.    1.   10.    3.    2.    3.    0.  173.]
{XOR r3, r2 ; AND r2, r1 ; OR r4, r3} , {NOT r4 ; XOR r3, r1 ; OR r1, r2} , {OR r1, r0 ; XOR r4, r3 ; XOR r0, r2} , {NOT r1 ; XOR r3, r0 ; NOT r4} , {OR r0, r3 ; AND r3, r0 ; OR r1, r3} , {XOR r4, r1 ; NOP ; XOR r2, r1}
[  32.   -0.    1.   10.    3.    2.    3.    0.  174.]
{XOR r1, r2 ; OR r2, r1 ; MOV r4, r4} , {NOT r4 ; XOR r3, r1 ; NOT r1} , {AND r1, r2 ; XOR r4, r3 ; XOR r0, r1} , {NOT r1 ; XOR r3, r0 ; NOT r4} , {OR r0, r3 ; OR r2, r2 ; OR r1, r3} , {XOR r4, r1 ; NOP ; XOR r2, r1}
[  32.   -0.    1.   10.    3.    2.    3.    0.  177.]
{XOR r3, r2 ; AND r2, r1 ; MOV r4, r3} , {NOT r4 ; XOR r3, r1 ; OR r2, r2} , {OR r1, r0 ; XOR r4, r3 ; XOR r0, r2} , {NOT r1 ; XOR r3, r0 ; NOT r4} , {OR r0, r3 ; NOT r3 ; OR r1, r3} , {XOR r4, r1 ; NOP ; XOR r2, r1}
[  32.   -0.    1.   10.    3.    2.    3.    0.  178.]
{XOR r1, r2 ; OR r2, r1 ; MOV r4, r4} , {NOT r4 ; XOR r3, r1 ; OR r1, r2} , {AND r1, r2 ; XOR r4, r3 ; XOR r3, r1} , {NOT r1 ; XOR r3, r0 ; OR r4, r4} , {OR r0, r3 ; OR r3, r1 ; OR r1, r3} , {XOR r4, r1 ; NOP ; XOR r2, r3}
[  32.   -0.    1.   10.    3.    2.    3.    0.  179.]
{XOR r0, r2 ; OR r2, r1 ; OR r4, r4} , {NOT r4 ; XOR r3, r1 ; OR r1, r2} , {NOT r1 ; XOR r4, r3 ; XOR r0, r1} , {NOT r1 ; XOR r3, r0 ; OR r4, r4} , {OR r0, r3 ; XOR r3, r1 ; OR r1, r3} , {XOR r4, r1 ; NOP ; XOR r2, r1}
[  32.   -0.    1.   10.    3.    2.    3.    0.  180.]
{XOR r3, r2 ; AND r2, r1 ; XOR r4, r3} , {NOT r4 ; XOR r3, r1 ; OR r1, r2} , {OR r1, r0 ; XOR r4, r3 ; XOR r0, r2} , {NOT r1 ; XOR r3, r0 ; AND r4, r4} , {OR r0, r3 ; OR r3, r4 ; OR r1, r3} , {XOR r4, r1 ; NOP ; XOR r2, r1}
[  32.   -0.    1.   10.    3.    2.    3.    0.  181.]
{XOR r3, r2 ; AND r2, r1 ; MOV r4, r3} , {NOT r4 ; XOR r3, r1 ; OR r1, r2} , {OR r1, r0 ; XOR r4, r3 ; XOR r0, r2} , {NOT r1 ; XOR r3, r0 ; NOT r4} , {OR r0, r3 ; OR r3, r3 ; OR r1, r3} , {XOR r4, r1 ; NOP ; XOR r2, r1}
[  32.   -0.    1.   10.    3.    2.    3.    0.  182.]
{XOR r3, r2 ; AND r2, r1 ; MOV r4, r3} , {NOT r4 ; XOR r3, r1 ; OR r1, r2} , {OR r1, r0 ; XOR r4, r3 ; XOR r0, r2} , {NOT r1 ; XOR r3, r0 ; NOT r4} , {OR r0, r3 ; AND r3, r0 ; OR r1, r3} , {XOR r4, r1 ; NOP ; XOR r2, r1}
[  32.   -0.    1.   10.    3.    2.    3.    0.  183.]
{XOR r0, r2 ; OR r2, r1 ; OR r1, r4} , {NOT r4 ; XOR r3, r1 ; OR r1, r2} , {OR r1, r0 ; XOR r4, r3 ; XOR r0, r2} , {NOT r1 ; XOR r3, r0 ; NOT r4} , {OR r0, r3 ; OR r3, r2 ; OR r1, r3} , {XOR r4, r1 ; NOP ; XOR r2, r1}
[  32.   -0.    1.   10.    3.    2.    3.    0.  186.]
{XOR r0, r2 ; OR r2, r1 ; AND r4, r1} , {NOT r4 ; XOR r3, r1 ; OR r2, r2} , {OR r1, r0 ; XOR r4, r3 ; XOR r0, r2} , {NOT r1 ; XOR r3, r0 ; NOT r4} , {OR r0, r3 ; OR r3, r2 ; OR r1, r3} , {XOR r4, r1 ; NOP ; XOR r2, r1}
[  32.   -0.    1.   10.    3.    2.    3.    0.  187.]
{XOR r0, r2 ; OR r2, r1 ; OR r4, r4} , {NOT r4 ; XOR r3, r1 ; OR r1, r2} , {NOT r2 ; XOR r4, r3 ; XOR r0, r1} , {NOT r1 ; XOR r3, r0 ; NOT r4} , {OR r0, r3 ; OR r2, r2 ; OR r1, r3} , {XOR r4, r1 ; NOP ; XOR r2, r1}
[  32.   -0.    1.   10.    3.    2.    3.    0.  188.]
{XOR r3, r2 ; AND r2, r3 ; MOV r4, r4} , {NOT r4 ; XOR r3, r1 ; OR r1, r2} , {OR r1, r0 ; XOR r4, r3 ; XOR r0, r2} , {NOT r1 ; XOR r3, r0 ; NOT r4} , {OR r0, r3 ; OR r3, r2 ; OR r1, r3} , {XOR r4, r1 ; NOP ; XOR r2, r1}
[  32.   -0.    1.   10.    3.    2.    3.    0.  189.]
{XOR r0, r2 ; OR r2, r1 ; OR r4, r4} , {NOT r4 ; XOR r3, r1 ; OR r1, r2} , {NOT r2 ; XOR r4, r3 ; XOR r0, r1} , {NOT r1 ; XOR r3, r0 ; NOT r4} , {OR r0, r3 ; NOT r3 ; OR r1, r3} , {XOR r4, r1 ; NOP ; XOR r2, r1}
[  32.   -0.    1.   13.    3.    2.    3.    0.  343.]
{XOR r1, r3 ; NOT r4 ; OR r3, r2} , {OR r4, r1 ; OR r0, r1 ; XOR r3, r0} , {AND r4, r2 ; OR r0, r1 ; XOR r1, r3} , {XOR r0, r4 ; XOR r3, r0 ; XOR r2, r1} , {NOT r3 ; AND r1, r4 ; XOR r4, r3} , {XOR r2, r0 ; NOT r1 ; XOR r4, r2}
[   0.            1.35614383    2.           12.25          0.            2.
    4.            0.          346.        ]
{XOR r2, r3 ; NOT r4 ; OR r3, r2} , {OR r4, r1 ; OR r0, r1 ; XOR r3, r0} , {AND r4, r2 ; OR r0, r1 ; XOR r1, r3} , {XOR r0, r4 ; AND r3, r0 ; XOR r2, r1} , {NOT r4 ; XOR r3, r4 ; XOR r0, r3} , {XOR r3, r2 ; XOR r2, r0 ; OR r1, r3}
[  32.   -0.    1.   10.    3.    2.    3.    0.  406.]
{XOR r3, r0 ; OR r0, r3 ; XOR r4, r0} , {XOR r0, r4 ; XOR r2, r3 ; XOR r3, r0} , {XOR r1, r1 ; XOR r3, r1 ; XOR r4, r1} , {OR r2, r3 ; XOR r4, r0 ; NOT r0} , {AND r3, r3 ; XOR r4, r1 ; NOT r1} , {AND r1, r4 ; OR r4, r0 ; AND r0, r2}
[  32.   -0.    1.   12.    3.    2.    3.    0.  527.]
{OR r2, r3 ; XOR r1, r0 ; XOR r4, r2} , {XOR r3, r0 ; XOR r1, r2 ; XOR r0, r3} , {NOT r2 ; OR r0, r1 ; AND r3, r0} , {OR r0, r3 ; XOR r4, r0 ; XOR r2, r0} , {AND r3, r3 ; XOR r2, r1 ; XOR r0, r3} , {XOR r1, r4 ; NOP ; XOR r3, r3}
[  32.   -0.    1.   13.    3.    2.    3.    0.  548.]
{XOR r4, r1 ; XOR r0, r2 ; OR r1, r1} , {OR r1, r0 ; OR r2, r3 ; XOR r3, r0} , {XOR r4, r2 ; OR r3, r1 ; XOR r1, r3} , {XOR r2, r0 ; AND r1, r1 ; XOR r4, r3} , {XOR r2, r3 ; OR r3, r3 ; NOT r0} , {XOR r0, r2 ; XOR r1, r4 ; NOP}
[   0.   -0.   -0.   14.    3.    3.    2.    0.  551.]
{XOR r0, r4 ; XOR r3, r2 ; MOV r1, r1} , {XOR r1, r0 ; XOR r4, r3 ; XOR r3, r1} , {XOR r4, r2 ; OR r3, r1 ; NOT r1} , {XOR r2, r0 ; OR r0, r2 ; XOR r4, r3} , {XOR r2, r3 ; AND r3, r3 ; NOT r0} , {XOR r0, r2 ; XOR r1, r4 ; NOP}
[  32.   -0.    1.   13.    3.    2.    3.    0.  553.]
{XOR r4, r1 ; XOR r0, r2 ; OR r1, r1} , {OR r1, r0 ; OR r2, r3 ; XOR r3, r0} , {XOR r4, r2 ; OR r3, r1 ; XOR r1, r3} , {XOR r2, r0 ; OR r1, r1 ; XOR r4, r3} , {XOR r2, r3 ; XOR r3, r1 ; NOT r0} , {XOR r0, r2 ; XOR r1, r4 ; NOT r3}
[  32.   -0.    1.   11.    3.    2.    3.    0.  554.]
{NOT r2 ; XOR r1, r2 ; XOR r4, r0} , {OR r1, r0 ; OR r2, r3 ; XOR r3, r1} , {NOT r4 ; OR r3, r1 ; XOR r0, r3} , {XOR r2, r0 ; AND r1, r1 ; XOR r4, r3} , {XOR r2, r3 ; AND r3, r3 ; NOT r0} , {XOR r0, r2 ; XOR r1, r4 ; NOT r3}
[  32.   -0.    1.   11.    3.    2.    3.    0.  563.]
{OR r4, r2 ; XOR r3, r2 ; MOV r1, r1} , {OR r1, r0 ; OR r2, r3 ; XOR r3, r1} , {NOT r4 ; OR r3, r1 ; XOR r0, r3} , {XOR r2, r0 ; OR r0, r4 ; XOR r4, r3} , {XOR r2, r3 ; AND r3, r3 ; NOT r0} , {XOR r0, r2 ; XOR r1, r4 ; NOT r3}
[  32.   -0.    1.   11.    3.    2.    3.    0.  569.]
{XOR r4, r2 ; XOR r3, r2 ; OR r1, r1} , {OR r1, r0 ; OR r2, r3 ; XOR r3, r1} , {NOT r4 ; OR r3, r1 ; XOR r0, r3} , {XOR r2, r0 ; OR r0, r4 ; XOR r4, r3} , {XOR r2, r3 ; NOT r3 ; NOT r0} , {XOR r0, r2 ; XOR r1, r4 ; NOT r3}
[   0.   -0.   -0.   14.    3.    3.    2.    0.  577.]
{NOT r2 ; XOR r3, r2 ; OR r0, r0} , {XOR r1, r0 ; OR r4, r3 ; XOR r3, r1} , {XOR r4, r2 ; OR r3, r1 ; NOT r1} , {XOR r2, r0 ; OR r0, r1 ; XOR r4, r3} , {XOR r2, r3 ; AND r3, r3 ; NOT r0} , {XOR r0, r2 ; XOR r1, r4 ; NOT r3}
[  32.   -0.    1.   10.    3.    2.    3.    0.  641.]
{OR r1, r0 ; XOR r2, r1 ; XOR r0, r3} , {XOR r2, r1 ; XOR r0, r2 ; OR r4, r4} , {NOT r1 ; XOR r4, r0 ; XOR r2, r0} , {XOR r1, r2 ; AND r2, r0 ; AND r0, r0} , {OR r3, r4 ; XOR r4, r2 ; XOR r0, r1} , {XOR r1, r4 ; NOP ; OR r0, r4}
[  32.   -0.    1.   10.    3.    2.    3.    0.  643.]
{OR r1, r0 ; XOR r2, r1 ; XOR r0, r3} , {XOR r2, r1 ; XOR r0, r2 ; XOR r4, r4} , {NOT r1 ; OR r4, r0 ; XOR r3, r0} , {XOR r1, r2 ; OR r2, r0 ; OR r4, r0} , {XOR r3, r3 ; XOR r4, r2 ; XOR r0, r1} , {OR r1, r4 ; AND r3, r1 ; XOR r0, r4}
[  32.   -0.    1.   10.    3.    2.    3.    0.  645.]
{AND r1, r3 ; XOR r2, r1 ; XOR r0, r3} , {XOR r2, r1 ; XOR r0, r2 ; OR r3, r4} , {NOT r1 ; OR r4, r0 ; XOR r3, r0} , {XOR r1, r2 ; OR r2, r0 ; AND r3, r0} , {XOR r3, r3 ; XOR r4, r2 ; AND r2, r1} , {OR r1, r4 ; AND r3, r1 ; OR r0, r4}
[  32.   -0.    1.   10.    3.    2.    3.    0.  647.]
{AND r1, r3 ; XOR r2, r1 ; XOR r0, r3} , {XOR r2, r1 ; XOR r0, r2 ; OR r1, r4} , {NOT r1 ; OR r4, r0 ; XOR r3, r0} , {XOR r1, r2 ; OR r2, r0 ; AND r0, r0} , {XOR r3, r3 ; XOR r4, r2 ; XOR r0, r1} , {XOR r1, r4 ; OR r3, r1 ; OR r0, r4}
[  32.   -0.    1.   10.    3.    2.    3.    0.  648.]
{AND r1, r0 ; XOR r2, r1 ; XOR r0, r3} , {XOR r2, r1 ; XOR r0, r2 ; OR r4, r4} , {NOT r1 ; OR r4, r0 ; AND r3, r0} , {XOR r1, r2 ; OR r2, r4 ; AND r3, r1} , {XOR r3, r1 ; XOR r4, r2 ; XOR r2, r1} , {OR r1, r4 ; OR r3, r4 ; OR r0, r4}
[   0.            0.83007503    1.41503751   12.25          1.            2.
    4.            0.          649.        ]
{AND r1, r0 ; XOR r4, r1 ; XOR r0, r3} , {AND r2, r3 ; XOR r1, r2 ; AND r3, r4} , {OR r0, r2 ; NOT r2 ; XOR r1, r0} , {XOR r4, r0 ; NOT r1 ; XOR r0, r3} , {AND r3, r0 ; OR r2, r4 ; AND r4, r2} , {XOR r0, r2 ; XOR r1, r2 ; NOP}
[  32.   -0.    1.   10.    3.    2.    3.    0.  652.]
{OR r1, r3 ; XOR r2, r1 ; XOR r0, r3} , {XOR r2, r1 ; XOR r0, r1 ; OR r4, r4} , {NOT r1 ; OR r4, r0 ; XOR r3, r0} , {XOR r1, r2 ; OR r2, r0 ; AND r3, r1} , {NOT r3 ; XOR r4, r2 ; XOR r0, r1} , {XOR r1, r4 ; NOP ; OR r0, r4}
[  32.   -0.    1.   10.    3.    2.    3.    0.  653.]
{OR r1, r0 ; XOR r2, r1 ; XOR r0, r3} , {XOR r2, r1 ; XOR r0, r2 ; OR r4, r4} , {NOT r1 ; XOR r4, r0 ; XOR r2, r0} , {XOR r1, r2 ; OR r2, r0 ; AND r0, r0} , {OR r3, r4 ; XOR r4, r2 ; XOR r0, r1} , {XOR r1, r4 ; NOP ; OR r0, r4}
[  32.   -0.    1.   10.    3.    2.    3.    0.  655.]
{AND r1, r3 ; XOR r2, r1 ; XOR r0, r3} , {XOR r2, r1 ; XOR r0, r2 ; XOR r3, r0} , {NOT r1 ; OR r4, r0 ; XOR r3, r0} , {XOR r1, r2 ; OR r2, r0 ; AND r3, r0} , {OR r3, r3 ; XOR r4, r2 ; XOR r0, r1} , {XOR r1, r4 ; NOP ; OR r0, r4}
[  32.   -0.    1.   10.    3.    2.    3.    0.  657.]
{OR r1, r0 ; XOR r2, r1 ; XOR r0, r3} , {XOR r2, r1 ; XOR r0, r2 ; OR r3, r4} , {NOT r1 ; OR r4, r0 ; AND r3, r0} , {XOR r1, r2 ; OR r2, r4 ; AND r3, r1} , {XOR r3, r1 ; XOR r4, r2 ; XOR r2, r1} , {OR r1, r4 ; OR r3, r4 ; OR r0, r4}
[  32.   -0.    1.   10.    3.    2.    3.    0.  658.]
{AND r1, r3 ; XOR r2, r1 ; XOR r0, r3} , {XOR r2, r1 ; XOR r0, r2 ; OR r1, r4} , {NOT r1 ; OR r4, r0 ; XOR r3, r3} , {XOR r1, r2 ; OR r2, r4 ; AND r4, r0} , {OR r3, r3 ; XOR r4, r2 ; XOR r2, r1} , {XOR r1, r4 ; AND r4, r4 ; OR r0, r4}
[  32.   -0.    1.   10.    3.    2.    3.    0.  659.]
{AND r1, r3 ; XOR r2, r1 ; XOR r0, r3} , {XOR r2, r1 ; XOR r0, r2 ; OR r3, r4} , {NOT r1 ; OR r4, r0 ; AND r3, r0} , {XOR r1, r2 ; OR r2, r4 ; AND r3, r1} , {XOR r3, r1 ; XOR r4, r2 ; XOR r2, r1} , {OR r1, r4 ; OR r3, r4 ; OR r0, r4}
[  32.   -0.    1.   10.    3.    2.    3.    0.  660.]
{OR r1, r0 ; XOR r2, r1 ; XOR r0, r3} , {XOR r2, r1 ; XOR r0, r2 ; XOR r4, r4} , {NOT r1 ; OR r4, r0 ; XOR r3, r0} , {XOR r1, r2 ; OR r2, r0 ; AND r0, r0} , {XOR r3, r3 ; XOR r4, r2 ; XOR r2, r1} , {XOR r1, r4 ; AND r3, r0 ; OR r0, r4}
[  32.   -0.    1.   10.    3.    2.    3.    0.  661.]
{OR r1, r0 ; XOR r2, r1 ; XOR r0, r3} , {XOR r2, r1 ; XOR r0, r2 ; OR r3, r4} , {NOT r1 ; OR r4, r0 ; XOR r3, r3} , {XOR r1, r2 ; OR r2, r0 ; AND r3, r1} , {NOT r3 ; XOR r4, r2 ; XOR r0, r1} , {XOR r1, r4 ; NOP ; OR r0, r4}
[  32.   -0.    1.   10.    3.    2.    3.    0.  663.]
{OR r1, r0 ; XOR r2, r1 ; XOR r0, r3} , {XOR r2, r1 ; XOR r0, r2 ; OR r3, r4} , {NOT r1 ; OR r4, r0 ; XOR r3, r0} , {XOR r1, r2 ; OR r2, r0 ; AND r3, r0} , {XOR r3, r3 ; XOR r4, r2 ; XOR r2, r1} , {OR r1, r4 ; AND r3, r1 ; OR r0, r4}
[  32.   -0.    1.   10.    3.    2.    3.    0.  664.]
{AND r1, r3 ; XOR r2, r1 ; XOR r0, r3} , {XOR r2, r1 ; XOR r0, r2 ; XOR r3, r4} , {NOT r1 ; OR r4, r0 ; AND r3, r0} , {XOR r1, r2 ; OR r2, r4 ; AND r3, r1} , {XOR r3, r1 ; XOR r4, r2 ; XOR r2, r1} , {OR r1, r4 ; OR r3, r4 ; OR r0, r4}
[  32.   -0.    1.   10.    3.    2.    3.    0.  667.]
{AND r1, r3 ; XOR r2, r1 ; XOR r0, r3} , {XOR r2, r1 ; XOR r0, r2 ; OR r4, r4} , {NOT r1 ; XOR r4, r0 ; XOR r2, r0} , {XOR r1, r2 ; OR r2, r0 ; AND r0, r0} , {OR r3, r4 ; XOR r4, r2 ; XOR r0, r1} , {XOR r1, r4 ; NOP ; OR r0, r4}
[  32.   -0.    1.   10.    3.    2.    3.    0.  668.]
{AND r1, r3 ; XOR r2, r1 ; XOR r0, r3} , {XOR r2, r1 ; XOR r0, r2 ; OR r4, r4} , {NOT r1 ; XOR r4, r0 ; XOR r2, r0} , {XOR r1, r2 ; OR r2, r0 ; AND r0, r0} , {OR r3, r3 ; XOR r4, r2 ; XOR r0, r1} , {XOR r1, r4 ; NOP ; OR r0, r4}
[  32.   -0.    1.   10.    3.    2.    3.    0.  669.]
{OR r1, r0 ; XOR r2, r1 ; XOR r0, r3} , {XOR r2, r1 ; XOR r0, r2 ; OR r3, r4} , {NOT r1 ; OR r4, r0 ; NOT r3} , {XOR r1, r2 ; OR r2, r0 ; NOT r3} , {XOR r3, r1 ; XOR r4, r2 ; XOR r2, r1} , {OR r1, r4 ; AND r3, r1 ; OR r0, r4}
[  32.   -0.    1.   10.    3.    2.    3.    0.  671.]
{AND r1, r3 ; XOR r2, r1 ; XOR r0, r3} , {XOR r2, r1 ; XOR r0, r2 ; OR r3, r4} , {NOT r1 ; OR r4, r0 ; XOR r3, r0} , {XOR r1, r2 ; OR r2, r0 ; AND r4, r0} , {XOR r3, r3 ; XOR r4, r2 ; XOR r2, r1} , {OR r1, r4 ; AND r3, r1 ; XOR r0, r4}
[  32.   -0.    1.   10.    3.    2.    3.    0.  672.]
{OR r1, r0 ; XOR r2, r1 ; XOR r0, r3} , {XOR r2, r1 ; XOR r0, r2 ; OR r4, r4} , {NOT r1 ; OR r4, r0 ; XOR r3, r0} , {XOR r1, r2 ; OR r2, r0 ; NOT r3} , {XOR r3, r1 ; XOR r4, r2 ; XOR r2, r1} , {OR r1, r4 ; AND r3, r1 ; OR r0, r4}
[  32.   -0.    1.   10.    3.    2.    3.    0.  674.]
{AND r1, r0 ; XOR r2, r1 ; XOR r0, r3} , {XOR r2, r1 ; XOR r0, r2 ; XOR r3, r3} , {NOT r1 ; OR r4, r0 ; XOR r3, r3} , {XOR r1, r2 ; OR r2, r0 ; AND r0, r0} , {XOR r3, r3 ; XOR r4, r2 ; XOR r0, r1} , {XOR r1, r4 ; NOP ; OR r0, r4}
[  32.   -0.    1.   10.    3.    2.    3.    0.  676.]
{AND r1, r3 ; XOR r2, r1 ; XOR r0, r3} , {XOR r2, r1 ; XOR r0, r2 ; XOR r3, r0} , {NOT r1 ; OR r4, r0 ; XOR r3, r0} , {XOR r1, r2 ; OR r2, r0 ; AND r4, r0} , {XOR r3, r3 ; XOR r4, r2 ; XOR r0, r1} , {OR r1, r4 ; AND r3, r1 ; XOR r0, r4}
[  32.   -0.    1.   10.    3.    2.    3.    0.  679.]
{AND r1, r3 ; XOR r2, r1 ; XOR r0, r3} , {XOR r2, r1 ; XOR r0, r2 ; OR r1, r4} , {NOT r1 ; OR r4, r0 ; XOR r3, r0} , {XOR r1, r2 ; OR r2, r0 ; AND r0, r0} , {XOR r3, r3 ; XOR r4, r2 ; XOR r0, r1} , {XOR r1, r4 ; NOP ; OR r0, r4}
[  32.   -0.    1.   10.    3.    2.    3.    0.  680.]
{OR r1, r0 ; XOR r2, r1 ; XOR r0, r3} , {XOR r2, r1 ; XOR r0, r2 ; XOR r4, r4} , {NOT r1 ; OR r4, r0 ; XOR r3, r0} , {XOR r1, r2 ; OR r2, r0 ; AND r0, r0} , {XOR r3, r3 ; XOR r4, r2 ; XOR r2, r1} , {OR r1, r4 ; AND r3, r1 ; XOR r0, r4}
[  32.   -0.    1.   10.    3.    2.    3.    0.  682.]
{AND r1, r3 ; XOR r2, r1 ; XOR r0, r3} , {XOR r2, r1 ; XOR r0, r2 ; AND r4, r4} , {NOT r1 ; OR r4, r0 ; XOR r3, r0} , {XOR r1, r2 ; OR r2, r0 ; AND r3, r0} , {OR r3, r3 ; XOR r4, r2 ; XOR r0, r1} , {XOR r1, r4 ; NOP ; OR r0, r4}
[  32.   -0.    1.   10.    3.    2.    3.    0.  683.]
{AND r1, r0 ; XOR r2, r1 ; XOR r0, r3} , {XOR r2, r1 ; XOR r0, r2 ; XOR r3, r2} , {NOT r1 ; OR r4, r0 ; XOR r3, r0} , {XOR r1, r2 ; OR r2, r0 ; AND r4, r0} , {XOR r3, r3 ; XOR r4, r2 ; XOR r2, r1} , {OR r1, r4 ; AND r3, r1 ; XOR r0, r4}
[  32.   -0.    1.   10.    3.    2.    3.    0.  685.]
{OR r1, r0 ; XOR r2, r1 ; XOR r0, r3} , {XOR r2, r1 ; XOR r0, r2 ; XOR r3, r2} , {NOT r1 ; OR r4, r0 ; XOR r3, r0} , {XOR r1, r2 ; OR r2, r0 ; AND r4, r0} , {XOR r3, r3 ; XOR r4, r2 ; XOR r2, r1} , {OR r1, r4 ; AND r3, r1 ; XOR r0, r4}
[  32.   -0.    1.   10.    3.    2.    3.    0.  687.]
{AND r1, r3 ; XOR r2, r1 ; XOR r0, r3} , {XOR r2, r1 ; XOR r0, r2 ; OR r1, r4} , {NOT r1 ; OR r4, r0 ; XOR r3, r0} , {XOR r1, r2 ; OR r2, r4 ; AND r4, r0} , {OR r3, r3 ; XOR r4, r2 ; XOR r2, r1} , {XOR r1, r4 ; AND r4, r4 ; OR r0, r4}
[  32.   -0.    1.   10.    3.    2.    3.    0.  688.]
{AND r1, r3 ; XOR r2, r1 ; XOR r0, r3} , {XOR r2, r1 ; XOR r0, r2 ; XOR r1, r0} , {NOT r1 ; OR r4, r0 ; XOR r3, r0} , {XOR r1, r2 ; OR r2, r0 ; AND r0, r0} , {XOR r3, r0 ; XOR r4, r2 ; XOR r2, r1} , {XOR r1, r4 ; AND r3, r1 ; OR r0, r4}
[  32.   -0.    1.   10.    3.    2.    3.    0.  689.]
{AND r1, r3 ; XOR r2, r1 ; XOR r0, r3} , {XOR r2, r1 ; XOR r0, r2 ; OR r3, r4} , {NOT r1 ; OR r4, r0 ; XOR r3, r0} , {XOR r1, r2 ; OR r2, r0 ; NOT r3} , {XOR r3, r1 ; XOR r4, r2 ; XOR r2, r1} , {OR r1, r4 ; OR r3, r1 ; OR r0, r4}
[   0.    -0.     1.    10.5    3.     2.     4.     0.   830. ]
{OR r2, r0 ; OR r4, r1 ; XOR r1, r2} , {OR r1, r3 ; NOT r4 ; XOR r3, r1} , {XOR r1, r4 ; XOR r0, r3 ; AND r2, r1} , {AND r3, r2 ; AND r1, r2 ; NOT r4} , {XOR r1, r0 ; OR r4, r1 ; XOR r3, r0} , {XOR r0, r4 ; NOT r3 ; NOP}
[   0.   -0.    1.   10.    3.    2.    4.    0.  873.]
{AND r2, r0 ; OR r4, r1 ; XOR r1, r2} , {OR r1, r3 ; NOT r4 ; XOR r3, r1} , {XOR r1, r4 ; XOR r0, r3 ; AND r2, r1} , {AND r3, r2 ; AND r1, r2 ; NOT r4} , {XOR r1, r0 ; OR r4, r1 ; XOR r3, r0} , {XOR r0, r4 ; NOT r3 ; NOP}
[  64.    2.    2.   12.    1.    2.    2.    0.  908.]
{XOR r2, r1 ; NOT r4 ; NOT r3} , {AND r1, r0 ; AND r3, r4 ; XOR r4, r0} , {OR r0, r1 ; AND r2, r2 ; XOR r1, r3} , {AND r4, r2 ; OR r2, r4 ; AND r0, r2} , {XOR r4, r3 ; XOR r2, r1 ; XOR r0, r3} , {AND r2, r2 ; OR r4, r4 ; NOP}
[  32.   -0.    1.   11.    3.    2.    3.    0.  956.]
{XOR r3, r1 ; AND r1, r3 ; XOR r2, r0} , {XOR r3, r4 ; XOR r0, r3 ; XOR r2, r1} , {NOT r4 ; NOT r3 ; AND r0, r2} , {AND r3, r4 ; OR r4, r0 ; XOR r1, r3} , {XOR r0, r1 ; NOT r4 ; AND r3, r2} , {XOR r2, r0 ; AND r3, r3 ; XOR r1, r0}
[  32.   -0.    1.   11.    3.    2.    3.    0.  962.]
{XOR r0, r1 ; OR r1, r3 ; NOT r4} , {OR r3, r4 ; XOR r1, r3 ; XOR r2, r1} , {NOT r4 ; NOT r3 ; AND r0, r2} , {NOT r3 ; OR r4, r0 ; XOR r1, r3} , {XOR r0, r1 ; NOT r4 ; XOR r3, r4} , {XOR r2, r0 ; AND r4, r4 ; XOR r1, r0}
[  32.   -0.    1.   11.    3.    2.    3.    0.  968.]
{XOR r0, r1 ; AND r1, r3 ; OR r4, r0} , {AND r4, r4 ; XOR r0, r3 ; XOR r2, r1} , {NOT r4 ; NOT r3 ; AND r0, r2} , {AND r3, r1 ; OR r4, r0 ; XOR r1, r3} , {XOR r2, r1 ; NOT r4 ; OR r3, r3} , {XOR r2, r0 ; XOR r3, r2 ; XOR r1, r0}
[  32.   -0.    1.   11.    3.    2.    3.    0.  970.]
{XOR r0, r1 ; AND r1, r3 ; XOR r4, r0} , {XOR r3, r4 ; XOR r0, r3 ; XOR r2, r1} , {NOT r4 ; NOT r3 ; AND r0, r2} , {NOT r3 ; OR r4, r0 ; XOR r1, r3} , {XOR r0, r1 ; NOT r4 ; XOR r3, r4} , {XOR r2, r0 ; AND r4, r4 ; XOR r1, r0}
[  32.   -0.    1.   11.    3.    2.    3.    0.  971.]
{XOR r0, r1 ; OR r1, r3 ; MOV r4, r2} , {OR r3, r4 ; XOR r1, r3 ; XOR r2, r1} , {NOT r4 ; NOT r3 ; AND r0, r2} , {XOR r3, r1 ; XOR r4, r0 ; XOR r1, r3} , {XOR r2, r1 ; NOT r4 ; XOR r3, r3} , {XOR r2, r0 ; XOR r3, r2 ; XOR r1, r0}
[  32.   -0.    1.   10.    3.    2.    3.    0.  972.]
{XOR r0, r1 ; AND r1, r3 ; OR r4, r4} , {AND r1, r4 ; XOR r0, r3 ; XOR r2, r1} , {NOT r4 ; NOT r3 ; AND r0, r2} , {NOT r3 ; OR r4, r0 ; XOR r1, r3} , {XOR r0, r1 ; NOT r4 ; XOR r3, r4} , {XOR r2, r0 ; AND r4, r4 ; XOR r1, r0}
[  32.   -0.    1.   11.    3.    2.    3.    0.  974.]
{XOR r3, r1 ; AND r1, r3 ; XOR r2, r0} , {XOR r3, r4 ; XOR r0, r3 ; XOR r2, r1} , {NOT r4 ; NOT r3 ; AND r0, r2} , {AND r3, r0 ; XOR r4, r0 ; XOR r1, r3} , {XOR r0, r1 ; NOT r4 ; AND r3, r2} , {XOR r2, r0 ; AND r3, r3 ; XOR r1, r0}
[  32.   -0.    1.   11.    3.    2.    3.    0.  977.]
{XOR r0, r1 ; OR r1, r3 ; MOV r4, r2} , {OR r3, r4 ; XOR r0, r3 ; XOR r2, r1} , {NOT r4 ; NOT r3 ; AND r0, r2} , {AND r3, r4 ; XOR r4, r0 ; XOR r1, r3} , {XOR r0, r1 ; NOT r4 ; AND r3, r0} , {XOR r2, r0 ; AND r3, r3 ; XOR r1, r0}
[  32.   -0.    1.   11.    3.    2.    3.    0.  978.]
{XOR r2, r1 ; AND r1, r3 ; MOV r4, r0} , {XOR r3, r4 ; XOR r1, r3 ; XOR r2, r1} , {NOT r4 ; NOT r3 ; AND r0, r2} , {AND r3, r1 ; OR r4, r0 ; XOR r1, r3} , {XOR r2, r1 ; NOT r4 ; XOR r3, r4} , {XOR r2, r0 ; XOR r3, r2 ; XOR r1, r0}
[  32.   -0.    1.   11.    3.    2.    3.    0.  979.]
{XOR r0, r1 ; AND r1, r3 ; OR r4, r0} , {NOT r4 ; XOR r0, r3 ; XOR r2, r1} , {NOT r4 ; NOT r3 ; AND r0, r2} , {AND r3, r4 ; XOR r4, r0 ; XOR r1, r3} , {XOR r2, r1 ; NOT r4 ; XOR r3, r3} , {XOR r2, r0 ; XOR r3, r2 ; XOR r1, r0}
[  32.   -0.    1.   11.    3.    2.    3.    0.  980.]
{XOR r0, r1 ; AND r1, r3 ; XOR r4, r3} , {XOR r3, r4 ; XOR r1, r3 ; XOR r2, r1} , {NOT r4 ; NOT r3 ; AND r0, r2} , {AND r3, r1 ; OR r4, r0 ; XOR r1, r3} , {XOR r0, r1 ; NOT r4 ; XOR r3, r3} , {XOR r2, r0 ; AND r4, r4 ; XOR r1, r0}
[  32.   -0.    1.   11.    3.    2.    3.    0.  981.]
{XOR r0, r1 ; OR r1, r3 ; MOV r4, r2} , {OR r3, r4 ; XOR r1, r3 ; XOR r2, r1} , {NOT r4 ; NOT r3 ; AND r0, r2} , {AND r3, r4 ; XOR r4, r0 ; XOR r1, r3} , {XOR r0, r1 ; NOT r4 ; AND r3, r0} , {XOR r2, r0 ; AND r3, r3 ; XOR r1, r0}
[  32.   -0.    1.   11.    3.    2.    3.    0.  982.]
{XOR r3, r1 ; AND r1, r3 ; XOR r4, r0} , {XOR r3, r4 ; XOR r0, r3 ; XOR r2, r1} , {NOT r4 ; NOT r3 ; AND r0, r2} , {AND r3, r1 ; OR r4, r0 ; XOR r1, r3} , {XOR r0, r1 ; NOT r4 ; XOR r3, r4} , {XOR r2, r0 ; AND r4, r4 ; XOR r1, r0}
[  32.   -0.    1.   11.    3.    2.    3.    0.  983.]
{XOR r0, r1 ; AND r1, r3 ; XOR r4, r3} , {AND r3, r4 ; XOR r0, r3 ; XOR r2, r1} , {NOT r4 ; NOT r3 ; AND r0, r2} , {AND r3, r1 ; OR r4, r0 ; XOR r1, r3} , {XOR r2, r1 ; NOT r4 ; XOR r3, r3} , {XOR r2, r0 ; XOR r3, r2 ; XOR r1, r0}
[  32.   -0.    1.   11.    3.    2.    3.    0.  984.]
{XOR r3, r1 ; AND r1, r3 ; XOR r2, r0} , {XOR r3, r4 ; XOR r1, r3 ; XOR r2, r1} , {NOT r4 ; NOT r3 ; AND r0, r2} , {AND r3, r1 ; OR r4, r0 ; XOR r1, r3} , {XOR r2, r1 ; NOT r4 ; XOR r3, r3} , {XOR r2, r0 ; XOR r3, r2 ; XOR r1, r0}
[  32.   -0.    1.   11.    3.    2.    3.    0.  985.]
{XOR r0, r1 ; AND r1, r3 ; OR r4, r0} , {AND r4, r4 ; XOR r0, r3 ; XOR r2, r1} , {NOT r4 ; NOT r3 ; AND r0, r2} , {AND r3, r1 ; OR r4, r0 ; XOR r1, r3} , {XOR r2, r1 ; NOT r4 ; XOR r3, r3} , {XOR r2, r0 ; XOR r3, r2 ; XOR r1, r0}
[  32.   -0.    1.   11.    3.    2.    3.    0.  986.]
{XOR r0, r1 ; AND r1, r3 ; XOR r4, r0} , {XOR r3, r4 ; XOR r0, r3 ; XOR r2, r1} , {NOT r4 ; NOT r3 ; AND r0, r2} , {AND r3, r1 ; OR r4, r0 ; XOR r1, r3} , {XOR r2, r1 ; NOT r4 ; XOR r3, r3} , {XOR r2, r0 ; XOR r3, r2 ; XOR r1, r0}
[  32.   -0.    1.   11.    3.    2.    3.    0.  994.]
{XOR r2, r1 ; AND r1, r3 ; MOV r4, r0} , {XOR r3, r4 ; XOR r1, r3 ; XOR r2, r1} , {NOT r4 ; NOT r3 ; AND r0, r2} , {AND r3, r1 ; OR r4, r0 ; XOR r1, r3} , {XOR r2, r1 ; NOT r4 ; XOR r3, r3} , {XOR r2, r0 ; XOR r3, r2 ; XOR r1, r0}
[  32.   -0.    1.   11.    3.    2.    3.    0.  995.]
{XOR r3, r1 ; AND r1, r3 ; MOV r4, r0} , {XOR r4, r4 ; XOR r0, r3 ; XOR r2, r1} , {NOT r4 ; NOT r3 ; AND r0, r2} , {AND r3, r4 ; XOR r4, r0 ; XOR r1, r3} , {XOR r0, r1 ; NOT r4 ; AND r3, r0} , {XOR r2, r0 ; AND r3, r3 ; XOR r1, r0}
[  32.   -0.    1.   11.    3.    2.    3.    0.  996.]
{XOR r0, r1 ; AND r1, r3 ; XOR r4, r2} , {XOR r3, r4 ; XOR r1, r3 ; XOR r2, r1} , {NOT r4 ; NOT r3 ; AND r0, r2} , {AND r3, r4 ; XOR r4, r0 ; XOR r1, r3} , {XOR r0, r1 ; NOT r4 ; AND r3, r3} , {XOR r2, r0 ; AND r3, r4 ; XOR r1, r0}
[  32.   -0.    1.   11.    3.    2.    3.    0.  997.]
{XOR r0, r1 ; AND r1, r3 ; NOT r4} , {AND r3, r4 ; XOR r0, r3 ; XOR r2, r1} , {NOT r4 ; NOT r3 ; AND r0, r2} , {AND r3, r1 ; OR r4, r0 ; XOR r1, r3} , {XOR r2, r1 ; NOT r4 ; XOR r3, r3} , {XOR r2, r0 ; XOR r3, r2 ; XOR r1, r0}
[  32.   -0.    1.   11.    3.    2.    3.    0.  998.]
{XOR r0, r1 ; AND r1, r3 ; XOR r4, r0} , {XOR r4, r4 ; XOR r0, r3 ; XOR r2, r1} , {NOT r4 ; NOT r3 ; AND r0, r2} , {XOR r3, r1 ; XOR r4, r0 ; XOR r1, r3} , {XOR r0, r1 ; NOT r4 ; AND r3, r3} , {XOR r2, r0 ; AND r3, r3 ; XOR r1, r0}
[  3.20000000e+01  -0.00000000e+00   1.00000000e+00   1.10000000e+01
   3.00000000e+00   2.00000000e+00   3.00000000e+00   0.00000000e+00
   1.00200000e+03]
{XOR r0, r1 ; OR r1, r3 ; OR r4, r0} , {OR r3, r4 ; XOR r1, r3 ; XOR r2, r1} , {NOT r4 ; NOT r3 ; AND r0, r2} , {XOR r3, r1 ; XOR r4, r0 ; XOR r1, r3} , {XOR r2, r1 ; NOT r4 ; AND r3, r3} , {XOR r2, r0 ; XOR r3, r2 ; XOR r1, r0}
[  3.20000000e+01  -0.00000000e+00   1.00000000e+00   1.00000000e+01
   3.00000000e+00   2.00000000e+00   3.00000000e+00   0.00000000e+00
   1.29600000e+03]
{NOT r4 ; XOR r3, r2 ; OR r1, r3} , {XOR r3, r4 ; XOR r1, r0 ; XOR r0, r1} , {OR r1, r1 ; NOT r2 ; NOT r4} , {AND r3, r1 ; OR r2, r0 ; OR r1, r3} , {NOT r2 ; NOT r0 ; NOT r4} , {AND r1, r4 ; NOT r0 ; XOR r4, r2}
[  3.20000000e+01  -0.00000000e+00   1.00000000e+00   1.00000000e+01
   3.00000000e+00   2.00000000e+00   3.00000000e+00   0.00000000e+00
   1.30000000e+03]
{NOT r4 ; XOR r3, r2 ; OR r0, r3} , {XOR r3, r4 ; XOR r1, r0 ; XOR r0, r1} , {OR r1, r1 ; NOT r2 ; NOT r4} , {AND r3, r1 ; OR r4, r0 ; OR r1, r3} , {NOT r2 ; NOT r0 ; NOT r4} , {AND r1, r4 ; NOT r0 ; XOR r4, r2}
[  3.20000000e+01  -0.00000000e+00   1.00000000e+00   1.00000000e+01
   3.00000000e+00   2.00000000e+00   3.00000000e+00   0.00000000e+00
   1.30100000e+03]
{OR r4, r0 ; XOR r3, r2 ; OR r0, r3} , {XOR r3, r4 ; XOR r1, r0 ; XOR r0, r1} , {OR r1, r0 ; OR r2, r1 ; XOR r4, r3} , {AND r3, r1 ; AND r4, r0 ; OR r1, r3} , {NOT r2 ; OR r0, r1 ; NOT r4} , {AND r1, r4 ; NOP ; XOR r4, r2}
[  3.20000000e+01  -0.00000000e+00   1.00000000e+00   1.00000000e+01
   3.00000000e+00   2.00000000e+00   3.00000000e+00   0.00000000e+00
   1.30200000e+03]
{OR r4, r0 ; XOR r3, r2 ; OR r0, r3} , {XOR r3, r4 ; XOR r1, r0 ; XOR r0, r1} , {OR r1, r1 ; OR r2, r0 ; NOT r4} , {AND r3, r1 ; AND r4, r0 ; OR r1, r3} , {NOT r2 ; OR r0, r1 ; NOT r4} , {AND r1, r4 ; NOP ; XOR r4, r2}
[  3.20000000e+01  -0.00000000e+00   1.00000000e+00   1.00000000e+01
   3.00000000e+00   2.00000000e+00   3.00000000e+00   0.00000000e+00
   1.30500000e+03]
{NOT r4 ; XOR r3, r2 ; OR r1, r3} , {XOR r3, r4 ; XOR r1, r0 ; XOR r0, r1} , {OR r1, r1 ; OR r2, r1 ; NOT r4} , {AND r3, r1 ; AND r4, r0 ; OR r1, r3} , {NOT r2 ; NOT r3 ; NOT r4} , {AND r1, r4 ; NOT r0 ; XOR r4, r2}
[  3.20000000e+01  -0.00000000e+00   1.00000000e+00   1.00000000e+01
   3.00000000e+00   2.00000000e+00   3.00000000e+00   0.00000000e+00
   1.30600000e+03]
{MOV r4, r1 ; XOR r3, r2 ; OR r1, r3} , {XOR r3, r4 ; XOR r1, r0 ; XOR r0, r1} , {OR r1, r0 ; OR r2, r1 ; XOR r4, r3} , {AND r3, r1 ; AND r4, r0 ; OR r1, r3} , {NOT r2 ; OR r0, r1 ; NOT r4} , {AND r1, r4 ; NOP ; XOR r4, r2}
[  3.20000000e+01  -0.00000000e+00   1.00000000e+00   1.00000000e+01
   3.00000000e+00   2.00000000e+00   3.00000000e+00   0.00000000e+00
   1.30800000e+03]
{MOV r4, r1 ; XOR r3, r2 ; OR r1, r3} , {XOR r3, r4 ; XOR r1, r0 ; XOR r0, r1} , {OR r1, r0 ; OR r0, r1 ; XOR r4, r3} , {AND r3, r1 ; AND r0, r0 ; OR r1, r3} , {NOT r2 ; NOT r0 ; NOT r4} , {AND r1, r4 ; NOT r0 ; XOR r4, r2}
[  3.20000000e+01  -0.00000000e+00   1.00000000e+00   1.00000000e+01
   3.00000000e+00   2.00000000e+00   3.00000000e+00   0.00000000e+00
   1.31000000e+03]
{OR r4, r1 ; XOR r3, r2 ; OR r1, r3} , {XOR r3, r4 ; XOR r1, r0 ; XOR r0, r1} , {OR r1, r0 ; OR r2, r1 ; XOR r4, r3} , {AND r3, r1 ; AND r4, r0 ; OR r1, r3} , {NOT r2 ; OR r0, r1 ; NOT r4} , {AND r1, r4 ; NOP ; XOR r4, r2}
[  3.20000000e+01  -0.00000000e+00   1.00000000e+00   1.00000000e+01
   3.00000000e+00   2.00000000e+00   3.00000000e+00   0.00000000e+00
   1.31200000e+03]
{NOT r4 ; XOR r3, r2 ; OR r1, r3} , {XOR r3, r4 ; XOR r1, r0 ; XOR r0, r1} , {OR r1, r1 ; OR r2, r1 ; NOT r4} , {AND r3, r1 ; OR r4, r0 ; OR r1, r3} , {NOT r2 ; NOT r0 ; NOT r4} , {AND r1, r4 ; NOT r0 ; XOR r4, r2}
[  3.20000000e+01  -0.00000000e+00   1.00000000e+00   1.00000000e+01
   3.00000000e+00   2.00000000e+00   3.00000000e+00   0.00000000e+00
   1.31400000e+03]
{XOR r4, r0 ; XOR r3, r2 ; AND r0, r3} , {XOR r3, r4 ; XOR r1, r0 ; XOR r0, r1} , {OR r1, r0 ; OR r0, r1 ; XOR r4, r4} , {AND r3, r1 ; AND r4, r0 ; OR r1, r3} , {NOT r2 ; NOT r0 ; NOT r4} , {AND r1, r4 ; NOT r0 ; XOR r4, r2}
[  3.20000000e+01  -0.00000000e+00   1.00000000e+00   1.00000000e+01
   3.00000000e+00   2.00000000e+00   3.00000000e+00   0.00000000e+00
   1.31600000e+03]
{OR r4, r0 ; XOR r3, r2 ; OR r0, r3} , {XOR r3, r4 ; XOR r1, r0 ; XOR r0, r1} , {OR r1, r0 ; NOT r2 ; NOT r4} , {AND r3, r1 ; AND r4, r0 ; OR r1, r3} , {NOT r2 ; NOT r3 ; NOT r4} , {AND r1, r4 ; NOT r0 ; XOR r4, r2}
[  3.20000000e+01  -0.00000000e+00   1.00000000e+00   1.00000000e+01
   3.00000000e+00   2.00000000e+00   3.00000000e+00   0.00000000e+00
   1.31700000e+03]
{NOT r4 ; XOR r3, r2 ; AND r1, r3} , {XOR r3, r4 ; XOR r1, r0 ; XOR r0, r1} , {OR r1, r0 ; OR r0, r1 ; XOR r4, r4} , {AND r3, r1 ; AND r4, r0 ; OR r1, r3} , {NOT r2 ; NOT r0 ; NOT r4} , {AND r1, r4 ; NOT r0 ; XOR r4, r2}
[  3.20000000e+01  -0.00000000e+00   1.00000000e+00   1.00000000e+01
   3.00000000e+00   2.00000000e+00   3.00000000e+00   0.00000000e+00
   1.31800000e+03]
{NOT r4 ; XOR r3, r2 ; OR r1, r3} , {XOR r3, r4 ; XOR r1, r0 ; XOR r0, r1} , {OR r1, r0 ; OR r0, r1 ; XOR r4, r3} , {AND r3, r1 ; AND r4, r0 ; OR r1, r3} , {NOT r2 ; OR r0, r1 ; NOT r4} , {AND r0, r4 ; NOP ; XOR r4, r2}
[  3.20000000e+01  -0.00000000e+00   1.00000000e+00   1.00000000e+01
   3.00000000e+00   2.00000000e+00   3.00000000e+00   0.00000000e+00
   1.31900000e+03]
{XOR r4, r0 ; XOR r3, r2 ; OR r0, r3} , {XOR r3, r4 ; XOR r1, r0 ; XOR r0, r1} , {OR r1, r0 ; OR r2, r1 ; XOR r4, r3} , {AND r3, r1 ; AND r4, r0 ; OR r1, r3} , {NOT r2 ; OR r0, r1 ; NOT r4} , {AND r1, r4 ; NOP ; XOR r4, r2}
[  3.20000000e+01  -0.00000000e+00   1.00000000e+00   1.00000000e+01
   3.00000000e+00   2.00000000e+00   3.00000000e+00   0.00000000e+00
   1.32000000e+03]
{XOR r4, r0 ; XOR r3, r2 ; OR r0, r3} , {XOR r3, r4 ; XOR r1, r0 ; XOR r0, r1} , {OR r1, r0 ; OR r2, r1 ; XOR r4, r3} , {AND r3, r1 ; AND r4, r0 ; OR r1, r3} , {NOT r2 ; NOT r0 ; NOT r4} , {AND r1, r4 ; NOT r0 ; XOR r4, r2}
[  3.20000000e+01  -0.00000000e+00   1.00000000e+00   1.00000000e+01
   3.00000000e+00   2.00000000e+00   3.00000000e+00   0.00000000e+00
   1.32400000e+03]
{NOT r4 ; XOR r3, r2 ; OR r0, r3} , {XOR r3, r4 ; XOR r1, r0 ; XOR r0, r1} , {OR r1, r0 ; OR r0, r1 ; XOR r4, r3} , {AND r3, r1 ; OR r0, r0 ; OR r1, r3} , {NOT r2 ; NOT r0 ; NOT r4} , {AND r1, r4 ; NOT r0 ; XOR r4, r2}
[  3.20000000e+01  -0.00000000e+00   1.00000000e+00   1.00000000e+01
   3.00000000e+00   2.00000000e+00   3.00000000e+00   0.00000000e+00
   1.32500000e+03]
{NOT r4 ; XOR r3, r2 ; OR r1, r3} , {XOR r3, r4 ; XOR r1, r0 ; XOR r0, r1} , {OR r2, r0 ; OR r0, r1 ; XOR r4, r3} , {AND r3, r1 ; AND r4, r0 ; OR r1, r3} , {NOT r2 ; NOT r0 ; NOT r4} , {AND r1, r4 ; NOT r0 ; XOR r4, r2}
[  3.20000000e+01  -0.00000000e+00   1.00000000e+00   1.00000000e+01
   3.00000000e+00   2.00000000e+00   3.00000000e+00   0.00000000e+00
   1.32700000e+03]
{MOV r4, r0 ; XOR r3, r2 ; AND r0, r3} , {XOR r3, r4 ; XOR r1, r0 ; XOR r0, r1} , {OR r1, r0 ; OR r0, r1 ; XOR r4, r3} , {AND r3, r1 ; AND r0, r0 ; OR r1, r3} , {NOT r2 ; NOT r0 ; NOT r4} , {AND r1, r4 ; NOT r0 ; XOR r4, r2}
[  3.20000000e+01  -0.00000000e+00   1.00000000e+00   1.00000000e+01
   3.00000000e+00   2.00000000e+00   3.00000000e+00   0.00000000e+00
   1.32900000e+03]
{XOR r4, r0 ; XOR r3, r2 ; OR r0, r3} , {XOR r3, r4 ; XOR r1, r0 ; XOR r0, r1} , {OR r1, r0 ; OR r2, r1 ; XOR r4, r3} , {AND r3, r1 ; AND r4, r0 ; OR r1, r3} , {NOT r2 ; OR r0, r1 ; NOT r4} , {AND r1, r4 ; NOP ; XOR r4, r2}
[  3.20000000e+01  -0.00000000e+00   1.00000000e+00   1.00000000e+01
   3.00000000e+00   2.00000000e+00   3.00000000e+00   0.00000000e+00
   1.33000000e+03]
{OR r4, r0 ; XOR r3, r2 ; OR r0, r3} , {XOR r3, r4 ; XOR r1, r0 ; XOR r0, r1} , {OR r1, r0 ; NOT r2 ; NOT r4} , {AND r3, r1 ; OR r2, r0 ; OR r1, r3} , {NOT r2 ; OR r0, r1 ; NOT r4} , {AND r1, r4 ; NOP ; XOR r4, r2}
[  3.20000000e+01  -0.00000000e+00   1.00000000e+00   1.00000000e+01
   3.00000000e+00   2.00000000e+00   3.00000000e+00   0.00000000e+00
   1.33300000e+03]
{NOT r4 ; XOR r3, r2 ; OR r1, r3} , {XOR r3, r4 ; XOR r1, r0 ; XOR r0, r1} , {OR r1, r1 ; OR r2, r1 ; NOT r4} , {AND r3, r1 ; AND r4, r2 ; OR r1, r3} , {NOT r2 ; OR r0, r1 ; NOT r4} , {AND r1, r4 ; NOP ; XOR r4, r2}
[  3.20000000e+01  -0.00000000e+00   1.00000000e+00   1.00000000e+01
   3.00000000e+00   2.00000000e+00   3.00000000e+00   0.00000000e+00
   1.33400000e+03]
{OR r4, r0 ; XOR r3, r2 ; OR r0, r3} , {XOR r3, r4 ; XOR r1, r0 ; XOR r0, r1} , {OR r1, r1 ; OR r2, r1 ; NOT r4} , {AND r3, r1 ; NOT r4 ; OR r1, r3} , {NOT r2 ; NOT r0 ; NOT r4} , {AND r1, r4 ; NOT r0 ; XOR r4, r2}
[  3.20000000e+01  -0.00000000e+00   1.00000000e+00   1.00000000e+01
   3.00000000e+00   2.00000000e+00   3.00000000e+00   0.00000000e+00
   1.33500000e+03]
{NOT r4 ; XOR r3, r2 ; OR r1, r3} , {XOR r3, r4 ; XOR r1, r0 ; XOR r0, r1} , {OR r1, r0 ; OR r0, r1 ; XOR r4, r3} , {AND r3, r1 ; AND r4, r0 ; OR r1, r3} , {NOT r2 ; NOT r0 ; NOT r4} , {AND r1, r4 ; NOT r0 ; XOR r4, r2}
[  3.20000000e+01  -0.00000000e+00   1.00000000e+00   1.00000000e+01
   3.00000000e+00   2.00000000e+00   3.00000000e+00   0.00000000e+00
   1.33600000e+03]
{XOR r4, r0 ; XOR r3, r2 ; OR r0, r3} , {XOR r3, r4 ; XOR r1, r0 ; XOR r0, r1} , {OR r1, r1 ; NOT r2 ; NOT r4} , {AND r3, r1 ; NOT r4 ; OR r1, r3} , {NOT r2 ; NOT r0 ; NOT r4} , {AND r1, r4 ; NOT r0 ; XOR r4, r2}
[  3.20000000e+01  -0.00000000e+00   1.00000000e+00   1.00000000e+01
   3.00000000e+00   2.00000000e+00   3.00000000e+00   0.00000000e+00
   1.33700000e+03]
{NOT r4 ; XOR r3, r2 ; OR r1, r3} , {XOR r3, r4 ; XOR r1, r0 ; XOR r0, r1} , {OR r1, r0 ; OR r0, r1 ; XOR r4, r3} , {AND r3, r1 ; OR r2, r0 ; OR r1, r3} , {NOT r2 ; NOT r0 ; NOT r4} , {AND r1, r4 ; OR r3, r4 ; XOR r4, r2}
[  3.20000000e+01  -0.00000000e+00   1.00000000e+00   1.00000000e+01
   3.00000000e+00   2.00000000e+00   3.00000000e+00   0.00000000e+00
   1.33800000e+03]
{XOR r4, r0 ; XOR r3, r2 ; OR r0, r3} , {XOR r3, r4 ; XOR r1, r0 ; XOR r0, r1} , {OR r1, r0 ; OR r0, r1 ; XOR r4, r3} , {AND r3, r1 ; AND r4, r0 ; OR r1, r3} , {NOT r2 ; OR r0, r1 ; NOT r4} , {AND r0, r4 ; NOP ; XOR r4, r2}
[  3.20000000e+01  -0.00000000e+00   1.00000000e+00   1.00000000e+01
   3.00000000e+00   2.00000000e+00   3.00000000e+00   0.00000000e+00
   1.33900000e+03]
{NOT r4 ; XOR r3, r2 ; OR r1, r3} , {XOR r3, r4 ; XOR r1, r0 ; XOR r0, r1} , {OR r1, r0 ; OR r0, r1 ; XOR r4, r3} , {AND r3, r1 ; AND r4, r0 ; OR r1, r3} , {NOT r2 ; OR r0, r1 ; NOT r4} , {AND r1, r4 ; NOP ; XOR r4, r2}
[  3.20000000e+01  -0.00000000e+00   1.00000000e+00   1.00000000e+01
   3.00000000e+00   2.00000000e+00   3.00000000e+00   0.00000000e+00
   1.34200000e+03]
{XOR r4, r0 ; XOR r3, r2 ; OR r0, r3} , {XOR r3, r4 ; XOR r1, r0 ; XOR r0, r1} , {OR r1, r0 ; OR r2, r3 ; XOR r4, r3} , {AND r3, r1 ; AND r4, r0 ; OR r1, r3} , {NOT r2 ; OR r0, r1 ; NOT r4} , {AND r0, r4 ; NOP ; XOR r4, r2}
[  3.20000000e+01  -0.00000000e+00   1.00000000e+00   1.00000000e+01
   3.00000000e+00   2.00000000e+00   3.00000000e+00   0.00000000e+00
   1.34300000e+03]
{NOT r4 ; XOR r3, r2 ; OR r1, r3} , {XOR r3, r4 ; XOR r1, r0 ; XOR r0, r1} , {OR r1, r0 ; OR r2, r1 ; XOR r4, r3} , {AND r3, r1 ; AND r4, r2 ; OR r1, r3} , {NOT r2 ; OR r0, r1 ; NOT r4} , {XOR r0, r4 ; NOP ; XOR r4, r2}
[  3.20000000e+01  -0.00000000e+00   1.00000000e+00   1.00000000e+01
   3.00000000e+00   2.00000000e+00   3.00000000e+00   0.00000000e+00
   1.34400000e+03]
{XOR r4, r0 ; XOR r3, r2 ; OR r0, r3} , {XOR r3, r4 ; XOR r1, r0 ; XOR r0, r1} , {OR r1, r0 ; OR r2, r1 ; XOR r4, r3} , {AND r3, r1 ; AND r4, r0 ; OR r1, r3} , {NOT r2 ; OR r0, r1 ; NOT r4} , {AND r0, r4 ; NOP ; XOR r4, r2}
[   64.    -0.     2.    11.     3.     2.     2.     0.  1347.]
{OR r4, r3 ; XOR r0, r3 ; XOR r3, r2} , {OR r4, r1 ; XOR r2, r0 ; AND r3, r3} , {XOR r2, r0 ; XOR r1, r2 ; NOT r4} , {OR r2, r1 ; XOR r4, r3 ; OR r3, r0} , {XOR r1, r3 ; NOT r0 ; XOR r4, r2} , {XOR r0, r4 ; XOR r1, r2 ; XOR r2, r3}
[  3.20000000e+01  -0.00000000e+00   1.00000000e+00   1.20000000e+01
   3.00000000e+00   2.00000000e+00   3.00000000e+00   0.00000000e+00
   1.34900000e+03]
{XOR r4, r2 ; XOR r0, r3 ; XOR r3, r2} , {AND r4, r4 ; XOR r2, r0 ; AND r0, r3} , {XOR r2, r0 ; XOR r1, r2 ; AND r4, r3} , {OR r2, r1 ; XOR r0, r3 ; OR r3, r2} , {XOR r1, r3 ; NOT r0 ; XOR r4, r2} , {XOR r0, r4 ; XOR r1, r2 ; XOR r2, r3}
[  3.20000000e+01  -0.00000000e+00   1.00000000e+00   1.20000000e+01
   3.00000000e+00   2.00000000e+00   3.00000000e+00   0.00000000e+00
   1.35000000e+03]
{OR r4, r3 ; XOR r0, r3 ; XOR r3, r2} , {AND r4, r4 ; XOR r2, r0 ; AND r0, r3} , {XOR r2, r0 ; XOR r1, r2 ; AND r4, r3} , {OR r2, r1 ; XOR r0, r3 ; OR r3, r2} , {XOR r1, r3 ; NOT r0 ; XOR r4, r2} , {XOR r0, r4 ; XOR r1, r2 ; XOR r2, r3}
[   64.    -0.     2.    11.     3.     2.     2.     0.  1352.]
{OR r4, r3 ; XOR r0, r3 ; XOR r3, r2} , {OR r4, r1 ; XOR r2, r0 ; AND r3, r3} , {XOR r2, r0 ; XOR r1, r2 ; NOT r4} , {OR r2, r1 ; XOR r0, r1 ; OR r3, r0} , {XOR r1, r3 ; NOT r0 ; XOR r4, r2} , {XOR r0, r4 ; XOR r1, r2 ; XOR r2, r3}
[  3.20000000e+01  -0.00000000e+00   1.00000000e+00   1.10000000e+01
   3.00000000e+00   2.00000000e+00   3.00000000e+00   0.00000000e+00
   1.35500000e+03]
{XOR r4, r3 ; XOR r0, r3 ; XOR r3, r2} , {AND r3, r4 ; XOR r2, r0 ; AND r0, r3} , {XOR r2, r0 ; XOR r1, r2 ; NOT r4} , {OR r2, r1 ; XOR r1, r3 ; OR r3, r0} , {XOR r1, r3 ; NOT r0 ; NOT r4} , {XOR r0, r4 ; XOR r1, r2 ; XOR r2, r3}
[   64.    -0.     2.    11.     3.     2.     2.     0.  1361.]
{OR r4, r3 ; XOR r0, r3 ; XOR r3, r2} , {OR r4, r1 ; XOR r2, r0 ; AND r3, r3} , {XOR r2, r0 ; XOR r1, r2 ; NOT r4} , {OR r2, r1 ; XOR r4, r1 ; OR r3, r0} , {XOR r1, r3 ; NOT r0 ; XOR r4, r2} , {XOR r0, r4 ; XOR r1, r2 ; XOR r2, r3}
[  3.20000000e+01  -0.00000000e+00   1.00000000e+00   1.20000000e+01
   3.00000000e+00   2.00000000e+00   3.00000000e+00   0.00000000e+00
   1.36300000e+03]
{MOV r4, r2 ; XOR r0, r3 ; XOR r1, r2} , {AND r4, r4 ; XOR r2, r0 ; AND r0, r3} , {XOR r2, r0 ; XOR r1, r2 ; AND r4, r3} , {OR r2, r1 ; XOR r4, r3 ; OR r3, r2} , {XOR r1, r3 ; NOT r0 ; XOR r4, r2} , {XOR r0, r4 ; XOR r1, r2 ; XOR r2, r3}
[   64.    -0.     2.    11.     3.     2.     2.     0.  1369.]
{NOT r4 ; XOR r1, r3 ; XOR r3, r2} , {OR r4, r1 ; XOR r2, r0 ; AND r3, r3} , {XOR r2, r0 ; XOR r1, r2 ; NOT r4} , {OR r2, r1 ; XOR r4, r1 ; OR r3, r0} , {XOR r1, r3 ; NOT r0 ; XOR r4, r2} , {XOR r0, r4 ; XOR r1, r2 ; XOR r2, r3}
[  3.20000000e+01  -0.00000000e+00   1.00000000e+00   1.20000000e+01
   3.00000000e+00   2.00000000e+00   3.00000000e+00   0.00000000e+00
   1.37000000e+03]
{XOR r4, r3 ; XOR r0, r3 ; XOR r3, r2} , {OR r4, r4 ; XOR r2, r0 ; AND r0, r3} , {XOR r2, r0 ; XOR r1, r2 ; AND r4, r3} , {OR r2, r1 ; XOR r0, r3 ; OR r3, r2} , {XOR r1, r3 ; NOT r0 ; XOR r4, r2} , {XOR r0, r4 ; XOR r1, r2 ; XOR r2, r3}
[   64.    -0.     2.    11.     3.     2.     2.     0.  1373.]
{NOT r4 ; XOR r0, r3 ; XOR r3, r2} , {OR r4, r1 ; XOR r2, r0 ; AND r3, r3} , {XOR r2, r0 ; XOR r1, r2 ; NOT r4} , {OR r2, r1 ; XOR r4, r3 ; OR r3, r0} , {XOR r1, r3 ; NOT r0 ; XOR r4, r2} , {XOR r0, r4 ; XOR r1, r2 ; XOR r2, r3}
[   64.    -0.     2.    11.     3.     2.     2.     0.  1375.]
{OR r4, r0 ; XOR r0, r3 ; XOR r3, r2} , {OR r4, r1 ; XOR r2, r0 ; AND r3, r3} , {XOR r2, r0 ; XOR r1, r2 ; NOT r4} , {OR r2, r1 ; XOR r0, r1 ; OR r3, r0} , {XOR r1, r3 ; NOT r0 ; XOR r4, r2} , {XOR r0, r4 ; XOR r1, r2 ; XOR r2, r3}
[  3.20000000e+01  -0.00000000e+00   1.00000000e+00   1.00000000e+01
   3.00000000e+00   2.00000000e+00   3.00000000e+00   0.00000000e+00
   1.38100000e+03]
{XOR r3, r1 ; AND r4, r0 ; OR r1, r4} , {XOR r3, r3 ; XOR r2, r3 ; AND r1, r2} , {XOR r4, r4 ; OR r3, r2 ; XOR r1, r0} , {NOT r0 ; OR r3, r2 ; AND r2, r1} , {XOR r1, r4 ; AND r3, r3 ; NOT r4} , {XOR r1, r2 ; OR r4, r2 ; AND r0, r4}
[  3.20000000e+01  -0.00000000e+00   1.00000000e+00   1.00000000e+01
   3.00000000e+00   2.00000000e+00   3.00000000e+00   0.00000000e+00
   1.38300000e+03]
{XOR r3, r1 ; AND r4, r4 ; OR r1, r2} , {XOR r3, r3 ; XOR r2, r3 ; OR r1, r2} , {AND r4, r2 ; OR r3, r2 ; XOR r1, r0} , {NOT r0 ; OR r3, r2 ; AND r2, r1} , {XOR r0, r4 ; AND r3, r1 ; NOT r4} , {XOR r1, r2 ; OR r4, r1 ; AND r0, r4}
[  3.20000000e+01  -0.00000000e+00   1.00000000e+00   1.00000000e+01
   3.00000000e+00   2.00000000e+00   3.00000000e+00   0.00000000e+00
   1.38400000e+03]
{XOR r3, r1 ; AND r4, r0 ; OR r1, r4} , {XOR r3, r3 ; XOR r2, r3 ; OR r1, r2} , {XOR r4, r2 ; OR r3, r2 ; XOR r1, r0} , {NOT r0 ; AND r3, r3 ; AND r2, r1} , {XOR r0, r4 ; AND r3, r1 ; NOT r4} , {XOR r1, r2 ; OR r4, r1 ; AND r0, r4}
[  3.20000000e+01  -0.00000000e+00   1.00000000e+00   1.00000000e+01
   3.00000000e+00   2.00000000e+00   3.00000000e+00   0.00000000e+00
   1.38500000e+03]
{XOR r2, r1 ; AND r4, r0 ; OR r1, r2} , {XOR r3, r3 ; XOR r2, r3 ; OR r1, r2} , {XOR r4, r4 ; OR r3, r2 ; XOR r1, r0} , {NOT r0 ; OR r3, r2 ; AND r2, r1} , {XOR r2, r4 ; AND r3, r0 ; NOT r4} , {XOR r1, r2 ; OR r4, r1 ; AND r0, r4}
[  3.20000000e+01  -0.00000000e+00   1.00000000e+00   1.00000000e+01
   3.00000000e+00   2.00000000e+00   3.00000000e+00   0.00000000e+00
   1.38600000e+03]
{XOR r3, r1 ; AND r4, r4 ; OR r1, r2} , {XOR r3, r3 ; XOR r2, r3 ; OR r1, r2} , {AND r4, r2 ; AND r3, r2 ; XOR r1, r0} , {NOT r0 ; OR r3, r2 ; AND r2, r1} , {XOR r0, r4 ; AND r2, r2 ; NOT r4} , {XOR r1, r2 ; OR r4, r1 ; AND r0, r4}
[  3.20000000e+01  -0.00000000e+00   1.00000000e+00   1.00000000e+01
   3.00000000e+00   2.00000000e+00   3.00000000e+00   0.00000000e+00
   1.38700000e+03]
{XOR r2, r1 ; AND r4, r1 ; OR r1, r4} , {XOR r3, r3 ; XOR r2, r3 ; OR r1, r2} , {XOR r4, r4 ; OR r3, r2 ; XOR r1, r0} , {NOT r0 ; OR r3, r2 ; AND r2, r1} , {OR r0, r4 ; AND r3, r1 ; NOT r4} , {XOR r1, r3 ; OR r4, r1 ; AND r0, r4}
[  3.20000000e+01  -0.00000000e+00   1.00000000e+00   1.00000000e+01
   3.00000000e+00   2.00000000e+00   3.00000000e+00   0.00000000e+00
   1.38800000e+03]
{XOR r3, r1 ; AND r4, r0 ; OR r2, r4} , {XOR r3, r3 ; XOR r2, r3 ; OR r1, r2} , {XOR r4, r4 ; OR r2, r2 ; XOR r1, r0} , {NOT r0 ; OR r3, r2 ; AND r2, r1} , {XOR r0, r4 ; AND r3, r1 ; NOT r4} , {XOR r1, r2 ; OR r4, r1 ; AND r0, r4}
[  3.20000000e+01  -0.00000000e+00   1.00000000e+00   1.00000000e+01
   3.00000000e+00   2.00000000e+00   3.00000000e+00   0.00000000e+00
   1.39100000e+03]
{XOR r3, r1 ; AND r4, r0 ; OR r1, r2} , {XOR r3, r3 ; XOR r2, r3 ; OR r1, r2} , {AND r4, r2 ; OR r3, r2 ; XOR r1, r0} , {NOT r0 ; OR r3, r2 ; AND r2, r1} , {XOR r2, r4 ; AND r3, r0 ; XOR r4, r3} , {XOR r1, r2 ; OR r4, r1 ; AND r0, r4}
[  3.20000000e+01  -0.00000000e+00   1.00000000e+00   1.00000000e+01
   3.00000000e+00   2.00000000e+00   3.00000000e+00   0.00000000e+00
   1.39200000e+03]
{XOR r3, r1 ; AND r4, r4 ; OR r1, r2} , {XOR r3, r3 ; XOR r2, r3 ; OR r1, r2} , {XOR r4, r4 ; OR r2, r2 ; XOR r1, r0} , {NOT r0 ; OR r3, r2 ; AND r2, r1} , {XOR r0, r4 ; AND r3, r1 ; NOT r4} , {XOR r1, r2 ; OR r4, r1 ; AND r0, r4}
[  3.20000000e+01  -0.00000000e+00   1.00000000e+00   1.00000000e+01
   3.00000000e+00   2.00000000e+00   3.00000000e+00   0.00000000e+00
   1.39300000e+03]
{XOR r3, r1 ; AND r4, r0 ; OR r1, r2} , {XOR r3, r3 ; XOR r2, r3 ; OR r1, r2} , {XOR r4, r4 ; OR r3, r2 ; XOR r1, r0} , {NOT r0 ; OR r3, r2 ; AND r2, r1} , {XOR r0, r4 ; AND r3, r1 ; NOT r4} , {XOR r1, r2 ; OR r4, r1 ; AND r0, r4}
[  3.20000000e+01  -0.00000000e+00   1.00000000e+00   1.00000000e+01
   3.00000000e+00   2.00000000e+00   3.00000000e+00   0.00000000e+00
   1.39400000e+03]
{XOR r3, r1 ; AND r4, r0 ; OR r1, r2} , {XOR r3, r3 ; XOR r2, r3 ; OR r1, r1} , {AND r4, r2 ; OR r3, r2 ; XOR r1, r0} , {NOT r0 ; OR r3, r2 ; AND r2, r1} , {XOR r0, r4 ; AND r3, r1 ; NOT r4} , {XOR r1, r2 ; OR r4, r1 ; AND r0, r4}
[  3.20000000e+01  -0.00000000e+00   1.00000000e+00   1.00000000e+01
   3.00000000e+00   2.00000000e+00   3.00000000e+00   0.00000000e+00
   1.39500000e+03]
{XOR r3, r1 ; AND r4, r4 ; OR r1, r2} , {XOR r3, r3 ; XOR r2, r3 ; OR r4, r2} , {AND r4, r0 ; OR r3, r2 ; XOR r1, r0} , {NOT r0 ; OR r3, r3 ; AND r2, r1} , {XOR r0, r3 ; AND r3, r1 ; NOT r4} , {XOR r1, r2 ; OR r4, r1 ; AND r0, r4}
[  3.20000000e+01  -0.00000000e+00   1.00000000e+00   1.00000000e+01
   3.00000000e+00   2.00000000e+00   3.00000000e+00   0.00000000e+00
   1.39600000e+03]
{XOR r3, r1 ; AND r4, r0 ; OR r1, r4} , {XOR r3, r3 ; XOR r2, r3 ; OR r1, r2} , {XOR r4, r2 ; OR r3, r2 ; XOR r1, r0} , {NOT r0 ; OR r3, r4 ; AND r2, r1} , {OR r0, r4 ; AND r3, r1 ; NOT r4} , {XOR r1, r3 ; OR r4, r1 ; AND r0, r4}
[  3.20000000e+01  -0.00000000e+00   1.00000000e+00   1.00000000e+01
   3.00000000e+00   2.00000000e+00   3.00000000e+00   0.00000000e+00
   1.39800000e+03]
{XOR r2, r1 ; AND r4, r0 ; OR r1, r2} , {XOR r3, r3 ; XOR r2, r3 ; OR r1, r2} , {XOR r4, r4 ; OR r2, r2 ; XOR r1, r0} , {NOT r0 ; OR r3, r2 ; AND r2, r1} , {XOR r0, r4 ; AND r3, r1 ; NOT r4} , {XOR r1, r2 ; OR r4, r1 ; AND r0, r4}
[  3.20000000e+01  -0.00000000e+00   1.00000000e+00   1.00000000e+01
   3.00000000e+00   2.00000000e+00   3.00000000e+00   0.00000000e+00
   1.40100000e+03]
{XOR r2, r1 ; AND r4, r1 ; OR r1, r4} , {XOR r3, r3 ; XOR r2, r3 ; OR r1, r2} , {XOR r4, r4 ; OR r2, r2 ; XOR r1, r0} , {NOT r0 ; OR r3, r2 ; AND r2, r1} , {XOR r0, r4 ; AND r3, r2 ; NOT r4} , {XOR r1, r2 ; OR r4, r1 ; AND r0, r4}
[  3.20000000e+01  -0.00000000e+00   1.00000000e+00   1.00000000e+01
   3.00000000e+00   2.00000000e+00   3.00000000e+00   0.00000000e+00
   1.40200000e+03]
{XOR r3, r1 ; AND r4, r1 ; OR r2, r4} , {XOR r3, r3 ; XOR r2, r3 ; OR r1, r2} , {XOR r4, r4 ; OR r2, r2 ; XOR r1, r0} , {NOT r0 ; OR r3, r2 ; AND r2, r1} , {XOR r0, r4 ; AND r3, r1 ; NOT r4} , {XOR r1, r2 ; OR r4, r1 ; AND r0, r4}
[  3.20000000e+01  -0.00000000e+00   1.00000000e+00   1.00000000e+01
   3.00000000e+00   2.00000000e+00   3.00000000e+00   0.00000000e+00
   1.40400000e+03]
{XOR r3, r1 ; AND r4, r0 ; OR r1, r2} , {XOR r3, r3 ; XOR r2, r3 ; OR r1, r2} , {XOR r4, r4 ; OR r3, r2 ; XOR r1, r0} , {NOT r0 ; OR r3, r3 ; AND r2, r1} , {XOR r0, r4 ; AND r3, r1 ; NOT r4} , {XOR r1, r2 ; OR r4, r1 ; AND r0, r4}
[  3.20000000e+01  -0.00000000e+00   1.00000000e+00   1.00000000e+01
   3.00000000e+00   2.00000000e+00   3.00000000e+00   0.00000000e+00
   1.40500000e+03]
{XOR r3, r1 ; AND r4, r0 ; OR r1, r2} , {XOR r3, r3 ; XOR r2, r3 ; OR r4, r2} , {XOR r4, r4 ; OR r0, r2 ; XOR r1, r0} , {NOT r0 ; NOT r3 ; AND r2, r1} , {XOR r2, r4 ; AND r3, r0 ; NOT r4} , {XOR r1, r2 ; OR r4, r1 ; AND r0, r4}
[  3.20000000e+01  -0.00000000e+00   1.00000000e+00   1.00000000e+01
   3.00000000e+00   2.00000000e+00   3.00000000e+00   0.00000000e+00
   1.40600000e+03]
{XOR r2, r1 ; AND r4, r0 ; OR r1, r2} , {XOR r3, r3 ; XOR r2, r3 ; OR r1, r2} , {XOR r4, r4 ; OR r3, r2 ; XOR r1, r0} , {NOT r0 ; NOT r3 ; AND r2, r1} , {XOR r2, r4 ; AND r3, r0 ; NOT r4} , {XOR r1, r2 ; OR r4, r1 ; AND r0, r4}
[  3.20000000e+01  -0.00000000e+00   1.00000000e+00   1.00000000e+01
   3.00000000e+00   2.00000000e+00   3.00000000e+00   0.00000000e+00
   1.40800000e+03]
{XOR r3, r1 ; AND r4, r0 ; OR r2, r4} , {XOR r3, r3 ; XOR r2, r3 ; OR r1, r2} , {XOR r4, r4 ; OR r3, r2 ; XOR r1, r0} , {NOT r0 ; OR r3, r3 ; AND r2, r1} , {XOR r0, r4 ; AND r3, r1 ; NOT r4} , {XOR r1, r2 ; OR r4, r1 ; AND r0, r4}
[  3.20000000e+01  -0.00000000e+00   1.00000000e+00   1.00000000e+01
   3.00000000e+00   2.00000000e+00   3.00000000e+00   0.00000000e+00
   1.40900000e+03]
{XOR r2, r1 ; AND r4, r1 ; OR r1, r4} , {XOR r3, r3 ; XOR r2, r3 ; OR r1, r2} , {XOR r4, r4 ; OR r2, r2 ; XOR r1, r0} , {NOT r0 ; OR r3, r2 ; AND r2, r1} , {OR r0, r4 ; AND r3, r1 ; NOT r4} , {XOR r1, r2 ; OR r4, r1 ; AND r0, r4}
[  3.20000000e+01  -0.00000000e+00   1.00000000e+00   1.00000000e+01
   3.00000000e+00   2.00000000e+00   3.00000000e+00   0.00000000e+00
   1.41000000e+03]
{XOR r3, r1 ; AND r4, r4 ; OR r1, r2} , {XOR r3, r3 ; XOR r2, r3 ; OR r4, r2} , {XOR r4, r4 ; OR r0, r2 ; XOR r1, r0} , {NOT r0 ; NOT r3 ; AND r2, r1} , {XOR r2, r4 ; AND r3, r0 ; NOT r4} , {XOR r1, r2 ; OR r4, r1 ; AND r0, r4}
[  3.20000000e+01  -0.00000000e+00   1.00000000e+00   1.00000000e+01
   3.00000000e+00   2.00000000e+00   3.00000000e+00   0.00000000e+00
   1.41100000e+03]
{XOR r3, r1 ; AND r4, r4 ; OR r1, r2} , {XOR r3, r3 ; XOR r2, r3 ; OR r1, r2} , {OR r4, r4 ; OR r3, r2 ; XOR r1, r0} , {NOT r0 ; OR r3, r4 ; AND r2, r1} , {XOR r0, r4 ; AND r2, r1 ; NOT r4} , {XOR r1, r2 ; OR r4, r1 ; AND r0, r4}
[  3.20000000e+01  -0.00000000e+00   1.00000000e+00   1.00000000e+01
   3.00000000e+00   2.00000000e+00   3.00000000e+00   0.00000000e+00
   1.41200000e+03]
{XOR r3, r1 ; AND r4, r0 ; OR r1, r4} , {XOR r3, r2 ; XOR r2, r3 ; OR r1, r2} , {XOR r2, r4 ; OR r3, r2 ; XOR r1, r0} , {NOT r0 ; OR r3, r4 ; AND r2, r1} , {XOR r0, r4 ; AND r3, r0 ; NOT r4} , {XOR r1, r2 ; OR r4, r1 ; AND r0, r4}
[  3.20000000e+01  -0.00000000e+00   1.00000000e+00   1.00000000e+01
   3.00000000e+00   2.00000000e+00   3.00000000e+00   0.00000000e+00
   1.41400000e+03]
{XOR r3, r1 ; AND r0, r0 ; OR r2, r4} , {XOR r3, r3 ; XOR r2, r3 ; OR r1, r2} , {XOR r4, r4 ; OR r3, r2 ; XOR r1, r0} , {NOT r0 ; OR r3, r4 ; AND r2, r1} , {XOR r2, r4 ; NOT r3 ; NOT r4} , {XOR r1, r2 ; OR r4, r1 ; AND r0, r4}
[  3.20000000e+01  -0.00000000e+00   1.00000000e+00   1.00000000e+01
   3.00000000e+00   2.00000000e+00   3.00000000e+00   0.00000000e+00
   1.41500000e+03]
{XOR r3, r1 ; AND r4, r1 ; OR r1, r2} , {XOR r3, r3 ; XOR r2, r3 ; OR r1, r2} , {XOR r4, r4 ; OR r2, r2 ; XOR r1, r0} , {NOT r0 ; OR r3, r2 ; AND r2, r1} , {XOR r0, r4 ; AND r2, r2 ; NOT r4} , {XOR r1, r2 ; OR r4, r1 ; AND r0, r4}
[  3.20000000e+01  -0.00000000e+00   1.00000000e+00   1.00000000e+01
   3.00000000e+00   2.00000000e+00   3.00000000e+00   0.00000000e+00
   1.41600000e+03]
{XOR r3, r1 ; AND r4, r3 ; XOR r1, r2} , {XOR r3, r3 ; XOR r2, r3 ; OR r1, r2} , {XOR r4, r4 ; OR r3, r2 ; XOR r1, r0} , {NOT r0 ; OR r3, r2 ; AND r2, r1} , {XOR r0, r4 ; AND r3, r1 ; NOT r4} , {XOR r1, r2 ; OR r4, r1 ; AND r0, r4}
[  3.20000000e+01  -0.00000000e+00   1.00000000e+00   1.00000000e+01
   3.00000000e+00   2.00000000e+00   3.00000000e+00   0.00000000e+00
   1.41700000e+03]
{XOR r3, r1 ; AND r4, r1 ; OR r2, r4} , {XOR r3, r3 ; XOR r2, r3 ; OR r1, r2} , {XOR r0, r4 ; OR r3, r2 ; XOR r1, r0} , {NOT r0 ; OR r3, r2 ; AND r2, r1} , {XOR r0, r4 ; OR r3, r1 ; NOT r4} , {XOR r1, r2 ; OR r4, r2 ; AND r0, r4}
[  3.20000000e+01  -0.00000000e+00   1.00000000e+00   1.00000000e+01
   3.00000000e+00   2.00000000e+00   3.00000000e+00   0.00000000e+00
   1.41800000e+03]
{XOR r3, r1 ; AND r4, r0 ; OR r1, r2} , {XOR r3, r3 ; XOR r2, r3 ; OR r1, r1} , {OR r4, r4 ; OR r3, r2 ; XOR r1, r0} , {NOT r0 ; OR r3, r2 ; AND r2, r1} , {XOR r0, r4 ; AND r2, r1 ; NOT r4} , {XOR r1, r2 ; OR r4, r1 ; AND r0, r4}
[  3.20000000e+01  -0.00000000e+00   1.00000000e+00   1.00000000e+01
   3.00000000e+00   2.00000000e+00   3.00000000e+00   0.00000000e+00
   1.42200000e+03]
{XOR r3, r1 ; AND r4, r0 ; OR r1, r4} , {XOR r3, r3 ; XOR r2, r3 ; OR r1, r2} , {AND r4, r0 ; OR r3, r2 ; XOR r1, r0} , {NOT r0 ; OR r3, r3 ; AND r2, r1} , {XOR r0, r4 ; AND r3, r1 ; NOT r4} , {XOR r1, r2 ; OR r4, r1 ; AND r0, r4}
[  3.20000000e+01  -0.00000000e+00   1.00000000e+00   1.00000000e+01
   3.00000000e+00   2.00000000e+00   3.00000000e+00   0.00000000e+00
   1.42300000e+03]
{XOR r2, r1 ; AND r4, r0 ; OR r1, r2} , {XOR r3, r3 ; XOR r2, r3 ; OR r1, r2} , {XOR r4, r4 ; OR r3, r2 ; XOR r1, r0} , {NOT r0 ; OR r3, r3 ; AND r2, r1} , {XOR r0, r4 ; AND r3, r1 ; XOR r4, r3} , {XOR r1, r2 ; OR r4, r1 ; AND r0, r4}
[  3.20000000e+01  -0.00000000e+00   1.00000000e+00   1.00000000e+01
   3.00000000e+00   2.00000000e+00   3.00000000e+00   0.00000000e+00
   1.42600000e+03]
{XOR r3, r1 ; AND r4, r0 ; OR r1, r4} , {XOR r3, r3 ; XOR r2, r3 ; OR r1, r2} , {XOR r4, r4 ; OR r2, r2 ; XOR r1, r0} , {NOT r0 ; OR r3, r2 ; AND r2, r1} , {XOR r1, r4 ; AND r3, r2 ; NOT r4} , {XOR r1, r2 ; OR r4, r1 ; AND r0, r4}
[  3.20000000e+01  -0.00000000e+00   1.00000000e+00   1.00000000e+01
   3.00000000e+00   2.00000000e+00   3.00000000e+00   0.00000000e+00
   1.42700000e+03]
{XOR r3, r1 ; AND r4, r0 ; OR r1, r2} , {XOR r3, r3 ; XOR r2, r3 ; OR r1, r2} , {XOR r4, r4 ; OR r3, r2 ; XOR r1, r0} , {NOT r0 ; OR r3, r2 ; AND r2, r1} , {XOR r0, r4 ; AND r3, r1 ; NOT r4} , {XOR r1, r3 ; OR r4, r1 ; AND r0, r4}
[  3.20000000e+01  -0.00000000e+00   1.00000000e+00   1.00000000e+01
   3.00000000e+00   2.00000000e+00   3.00000000e+00   0.00000000e+00
   1.42800000e+03]
{XOR r3, r1 ; AND r4, r1 ; OR r1, r2} , {XOR r3, r3 ; XOR r2, r3 ; NOT r4} , {XOR r4, r4 ; OR r2, r2 ; XOR r1, r0} , {NOT r0 ; OR r3, r2 ; AND r2, r1} , {XOR r2, r4 ; AND r3, r0 ; NOT r4} , {XOR r1, r2 ; OR r4, r1 ; AND r0, r4}
[  3.20000000e+01  -0.00000000e+00   1.00000000e+00   1.00000000e+01
   3.00000000e+00   2.00000000e+00   3.00000000e+00   0.00000000e+00
   1.42900000e+03]
{XOR r2, r1 ; AND r4, r1 ; OR r1, r4} , {XOR r3, r3 ; XOR r2, r3 ; OR r1, r2} , {XOR r4, r4 ; OR r2, r2 ; XOR r1, r0} , {NOT r0 ; OR r3, r2 ; AND r2, r1} , {XOR r0, r4 ; AND r3, r1 ; NOT r4} , {XOR r1, r2 ; OR r4, r1 ; AND r0, r4}
[  3.20000000e+01  -0.00000000e+00   1.00000000e+00   1.00000000e+01
   3.00000000e+00   2.00000000e+00   3.00000000e+00   0.00000000e+00
   1.43000000e+03]
{XOR r2, r1 ; AND r4, r0 ; OR r1, r2} , {XOR r3, r3 ; XOR r2, r3 ; OR r1, r2} , {XOR r4, r4 ; OR r2, r2 ; XOR r1, r0} , {NOT r0 ; OR r3, r2 ; AND r2, r1} , {XOR r0, r4 ; AND r2, r2 ; NOT r4} , {XOR r1, r2 ; OR r4, r1 ; AND r0, r4}
[  3.20000000e+01  -0.00000000e+00   1.00000000e+00   1.00000000e+01
   3.00000000e+00   2.00000000e+00   3.00000000e+00   0.00000000e+00
   1.43200000e+03]
{XOR r3, r1 ; MOV r4, r0 ; XOR r0, r2} , {XOR r4, r0 ; XOR r0, r3 ; OR r3, r1} , {NOT r1 ; XOR r2, r3 ; XOR r3, r1} , {NOT r1 ; OR r2, r0 ; AND r3, r2} , {XOR r1, r2 ; NOT r4 ; NOT r0} , {XOR r0, r4 ; XOR r4, r1 ; OR r3, r1}
[  3.20000000e+01  -0.00000000e+00   1.00000000e+00   1.00000000e+01
   3.00000000e+00   2.00000000e+00   3.00000000e+00   0.00000000e+00
   1.48300000e+03]
{OR r0, r3 ; OR r1, r1 ; XOR r3, r0} , {OR r1, r2 ; XOR r3, r1 ; XOR r0, r2} , {XOR r2, r3 ; AND r1, r0 ; NOT r3} , {NOT r1 ; OR r4, r4 ; AND r3, r2} , {XOR r0, r3 ; XOR r4, r3 ; NOT r3} , {XOR r2, r0 ; OR r3, r2 ; XOR r1, r4}
[  0.00000000e+00  -0.00000000e+00   1.00000000e+00   9.50000000e+00
   3.00000000e+00   2.00000000e+00   4.00000000e+00   0.00000000e+00
   1.48500000e+03]
{OR r0, r3 ; OR r1, r1 ; XOR r3, r0} , {OR r1, r4 ; XOR r3, r1 ; XOR r4, r2} , {XOR r2, r3 ; XOR r1, r1 ; OR r3, r0} , {AND r4, r2 ; OR r1, r2 ; AND r3, r2} , {XOR r0, r3 ; XOR r4, r3 ; NOT r3} , {XOR r2, r0 ; OR r3, r4 ; XOR r1, r4}
[  3.20000000e+01  -0.00000000e+00   1.00000000e+00   1.00000000e+01
   3.00000000e+00   2.00000000e+00   3.00000000e+00   0.00000000e+00
   1.49300000e+03]
{OR r0, r3 ; OR r1, r1 ; XOR r3, r0} , {XOR r2, r1 ; XOR r4, r1 ; XOR r0, r1} , {XOR r2, r3 ; AND r1, r0 ; NOT r3} , {NOT r1 ; OR r4, r4 ; AND r3, r2} , {XOR r0, r3 ; XOR r4, r3 ; NOT r3} , {XOR r2, r0 ; OR r3, r2 ; XOR r1, r4}
[  3.20000000e+01  -0.00000000e+00   1.00000000e+00   1.00000000e+01
   3.00000000e+00   2.00000000e+00   3.00000000e+00   0.00000000e+00
   1.50200000e+03]
{OR r0, r1 ; MOV r1, r1 ; XOR r2, r0} , {OR r1, r2 ; XOR r3, r1 ; XOR r0, r2} , {XOR r2, r3 ; AND r1, r0 ; NOT r3} , {NOT r1 ; OR r2, r4 ; AND r3, r2} , {XOR r0, r3 ; XOR r4, r3 ; NOT r3} , {XOR r2, r0 ; OR r3, r4 ; XOR r1, r4}
[  3.20000000e+01  -0.00000000e+00   1.00000000e+00   1.00000000e+01
   3.00000000e+00   2.00000000e+00   3.00000000e+00   0.00000000e+00
   1.50600000e+03]
{OR r0, r1 ; MOV r1, r1 ; XOR r2, r0} , {OR r1, r2 ; XOR r3, r1 ; XOR r0, r2} , {XOR r2, r3 ; AND r1, r0 ; NOT r3} , {NOT r1 ; OR r2, r4 ; AND r3, r2} , {XOR r0, r3 ; XOR r4, r3 ; NOT r3} , {XOR r2, r0 ; OR r3, r2 ; XOR r1, r4}
[  3.20000000e+01  -0.00000000e+00   1.00000000e+00   1.00000000e+01
   3.00000000e+00   2.00000000e+00   3.00000000e+00   0.00000000e+00
   1.51800000e+03]
{OR r0, r3 ; OR r1, r1 ; XOR r3, r0} , {OR r1, r2 ; XOR r3, r1 ; XOR r0, r2} , {NOT r2 ; AND r1, r0 ; NOT r3} , {NOT r1 ; OR r4, r4 ; AND r3, r2} , {XOR r0, r3 ; XOR r4, r3 ; OR r2, r3} , {XOR r2, r0 ; OR r3, r3 ; XOR r1, r4}
[  3.20000000e+01  -0.00000000e+00   1.00000000e+00   1.00000000e+01
   3.00000000e+00   2.00000000e+00   3.00000000e+00   0.00000000e+00
   1.62500000e+03]
{OR r4, r3 ; XOR r2, r1 ; OR r1, r2} , {XOR r4, r1 ; XOR r2, r0 ; XOR r1, r4} , {OR r4, r2 ; XOR r0, r0 ; AND r1, r4} , {NOT r1 ; XOR r4, r1 ; OR r0, r2} , {AND r3, r4 ; OR r2, r2 ; OR r0, r1} , {NOP ; XOR r2, r4 ; NOP}
[  3.20000000e+01  -0.00000000e+00   1.00000000e+00   1.00000000e+01
   3.00000000e+00   2.00000000e+00   3.00000000e+00   0.00000000e+00
   1.62700000e+03]
{XOR r4, r3 ; XOR r2, r1 ; OR r1, r2} , {XOR r4, r1 ; XOR r2, r0 ; XOR r1, r4} , {OR r4, r2 ; XOR r0, r0 ; AND r1, r4} , {NOT r1 ; XOR r4, r1 ; OR r0, r2} , {AND r3, r4 ; OR r2, r2 ; OR r0, r1} , {OR r4, r3 ; XOR r2, r4 ; NOT r0}
[  3.20000000e+01  -0.00000000e+00   1.00000000e+00   1.00000000e+01
   3.00000000e+00   2.00000000e+00   3.00000000e+00   0.00000000e+00
   1.62900000e+03]
{XOR r4, r3 ; XOR r2, r1 ; OR r1, r2} , {XOR r4, r1 ; XOR r2, r0 ; XOR r1, r4} , {OR r4, r2 ; XOR r0, r0 ; NOT r1} , {NOT r1 ; XOR r4, r1 ; OR r0, r2} , {AND r1, r4 ; AND r2, r2 ; OR r0, r1} , {NOP ; XOR r2, r4 ; NOP}
[  3.20000000e+01  -0.00000000e+00   1.00000000e+00   1.00000000e+01
   3.00000000e+00   2.00000000e+00   3.00000000e+00   0.00000000e+00
   1.63100000e+03]
{OR r4, r3 ; XOR r2, r1 ; OR r1, r2} , {XOR r4, r1 ; XOR r2, r0 ; XOR r1, r4} , {OR r4, r2 ; XOR r0, r0 ; AND r1, r4} , {NOT r1 ; XOR r4, r1 ; OR r0, r2} , {AND r3, r4 ; OR r2, r2 ; OR r0, r1} , {NOP ; XOR r2, r4 ; NOP}
[  3.20000000e+01  -0.00000000e+00   1.00000000e+00   1.00000000e+01
   3.00000000e+00   2.00000000e+00   3.00000000e+00   0.00000000e+00
   1.63300000e+03]
{NOT r4 ; XOR r0, r1 ; OR r1, r0} , {XOR r4, r1 ; XOR r2, r0 ; OR r1, r4} , {OR r4, r2 ; XOR r0, r0 ; NOT r1} , {NOT r1 ; XOR r4, r1 ; OR r0, r2} , {AND r3, r4 ; NOT r2 ; OR r0, r1} , {NOP ; XOR r2, r4 ; NOP}
[  3.20000000e+01  -0.00000000e+00   1.00000000e+00   1.00000000e+01
   3.00000000e+00   2.00000000e+00   3.00000000e+00   0.00000000e+00
   1.63500000e+03]
{NOT r4 ; XOR r2, r1 ; OR r1, r2} , {XOR r4, r1 ; XOR r2, r0 ; XOR r1, r4} , {OR r4, r2 ; XOR r0, r0 ; AND r1, r4} , {NOT r1 ; XOR r4, r1 ; OR r0, r2} , {AND r3, r4 ; NOT r2 ; XOR r0, r1} , {NOP ; XOR r2, r4 ; NOP}
[  3.20000000e+01  -0.00000000e+00   1.00000000e+00   1.00000000e+01
   3.00000000e+00   2.00000000e+00   3.00000000e+00   0.00000000e+00
   1.64000000e+03]
{OR r4, r3 ; XOR r2, r1 ; OR r1, r2} , {XOR r4, r1 ; XOR r2, r0 ; XOR r1, r4} , {OR r4, r2 ; XOR r0, r0 ; AND r1, r4} , {NOT r1 ; XOR r4, r1 ; OR r0, r2} , {AND r3, r4 ; OR r2, r2 ; OR r0, r1} , {AND r3, r4 ; XOR r2, r4 ; NOP}
[  3.20000000e+01  -0.00000000e+00   1.00000000e+00   1.00000000e+01
   3.00000000e+00   2.00000000e+00   3.00000000e+00   0.00000000e+00
   1.64100000e+03]
{XOR r4, r3 ; XOR r2, r1 ; OR r1, r2} , {XOR r4, r1 ; XOR r2, r0 ; XOR r1, r4} , {OR r4, r2 ; XOR r0, r0 ; AND r1, r4} , {NOT r1 ; XOR r4, r1 ; OR r0, r2} , {AND r3, r4 ; NOT r2 ; OR r0, r1} , {NOP ; XOR r2, r4 ; NOP}
[  3.20000000e+01  -0.00000000e+00   1.00000000e+00   1.00000000e+01
   3.00000000e+00   2.00000000e+00   3.00000000e+00   0.00000000e+00
   1.64200000e+03]
{XOR r4, r3 ; XOR r2, r1 ; OR r1, r2} , {XOR r4, r1 ; XOR r2, r0 ; XOR r1, r4} , {OR r4, r2 ; XOR r0, r0 ; NOT r1} , {NOT r1 ; XOR r4, r1 ; OR r0, r2} , {AND r3, r4 ; NOT r2 ; OR r0, r1} , {NOP ; XOR r2, r4 ; NOP}
[  3.20000000e+01  -0.00000000e+00   1.00000000e+00   1.00000000e+01
   3.00000000e+00   2.00000000e+00   3.00000000e+00   0.00000000e+00
   1.64500000e+03]
{NOT r4 ; XOR r0, r1 ; OR r1, r2} , {XOR r4, r1 ; XOR r2, r0 ; XOR r1, r4} , {OR r4, r2 ; XOR r0, r0 ; NOT r3} , {NOT r1 ; XOR r4, r1 ; OR r0, r2} , {AND r3, r4 ; NOT r2 ; OR r0, r1} , {NOP ; XOR r2, r4 ; NOP}
[  3.20000000e+01  -0.00000000e+00   1.00000000e+00   1.00000000e+01
   3.00000000e+00   2.00000000e+00   3.00000000e+00   0.00000000e+00
   1.64600000e+03]
{NOT r4 ; XOR r0, r1 ; OR r1, r2} , {XOR r4, r1 ; XOR r2, r0 ; XOR r1, r4} , {OR r4, r2 ; XOR r0, r0 ; NOT r1} , {NOT r1 ; XOR r4, r1 ; OR r0, r2} , {AND r3, r4 ; NOT r2 ; OR r0, r1} , {NOP ; XOR r2, r4 ; NOP}
[  3.20000000e+01  -0.00000000e+00   1.00000000e+00   1.00000000e+01
   3.00000000e+00   2.00000000e+00   3.00000000e+00   0.00000000e+00
   1.64700000e+03]
{OR r4, r3 ; XOR r2, r1 ; OR r1, r2} , {XOR r4, r1 ; XOR r2, r0 ; XOR r1, r4} , {OR r4, r2 ; XOR r0, r0 ; AND r1, r4} , {NOT r1 ; XOR r4, r1 ; OR r0, r2} , {AND r3, r4 ; NOT r2 ; OR r0, r1} , {NOP ; XOR r2, r4 ; NOP}
[  3.20000000e+01  -0.00000000e+00   1.00000000e+00   1.00000000e+01
   3.00000000e+00   2.00000000e+00   3.00000000e+00   0.00000000e+00
   1.64800000e+03]
{NOT r4 ; XOR r2, r1 ; OR r1, r2} , {XOR r4, r1 ; XOR r2, r0 ; XOR r1, r4} , {OR r4, r2 ; XOR r0, r0 ; NOT r1} , {NOT r1 ; XOR r4, r1 ; OR r0, r2} , {AND r4, r4 ; NOT r2 ; OR r0, r1} , {NOP ; XOR r2, r4 ; NOP}
[  3.20000000e+01  -0.00000000e+00   1.00000000e+00   1.00000000e+01
   3.00000000e+00   2.00000000e+00   3.00000000e+00   0.00000000e+00
   1.65000000e+03]
{NOT r4 ; XOR r2, r1 ; OR r1, r0} , {XOR r4, r1 ; XOR r2, r0 ; OR r1, r4} , {OR r4, r2 ; XOR r0, r0 ; NOT r1} , {NOT r1 ; XOR r4, r1 ; OR r0, r2} , {AND r3, r4 ; NOT r2 ; OR r0, r1} , {NOT r3 ; XOR r2, r4 ; NOP}
[  3.20000000e+01  -0.00000000e+00   1.00000000e+00   1.00000000e+01
   3.00000000e+00   2.00000000e+00   3.00000000e+00   0.00000000e+00
   1.65100000e+03]
{XOR r4, r3 ; XOR r2, r1 ; OR r1, r2} , {XOR r4, r1 ; XOR r2, r0 ; XOR r1, r4} , {OR r4, r2 ; XOR r0, r0 ; NOT r1} , {NOT r1 ; XOR r4, r1 ; OR r0, r2} , {AND r1, r4 ; NOT r2 ; OR r0, r1} , {NOP ; XOR r2, r4 ; NOP}
[  3.20000000e+01  -0.00000000e+00   1.00000000e+00   1.00000000e+01
   3.00000000e+00   2.00000000e+00   3.00000000e+00   0.00000000e+00
   1.65200000e+03]
{NOT r4 ; XOR r2, r1 ; OR r1, r2} , {XOR r4, r1 ; XOR r2, r0 ; XOR r1, r4} , {OR r4, r2 ; XOR r0, r0 ; AND r1, r4} , {NOT r1 ; XOR r4, r1 ; OR r0, r2} , {AND r3, r4 ; NOT r2 ; OR r0, r1} , {NOP ; XOR r2, r4 ; NOP}
[  3.20000000e+01  -0.00000000e+00   1.00000000e+00   1.00000000e+01
   3.00000000e+00   2.00000000e+00   3.00000000e+00   0.00000000e+00
   1.65700000e+03]
{NOT r4 ; XOR r2, r1 ; OR r1, r2} , {XOR r4, r1 ; XOR r2, r0 ; XOR r1, r4} , {OR r4, r2 ; XOR r0, r0 ; AND r1, r4} , {NOT r1 ; XOR r4, r1 ; OR r0, r2} , {AND r3, r4 ; OR r2, r2 ; OR r0, r1} , {NOP ; XOR r2, r4 ; NOP}
[  3.20000000e+01  -0.00000000e+00   1.00000000e+00   1.00000000e+01
   3.00000000e+00   2.00000000e+00   3.00000000e+00   0.00000000e+00
   1.65800000e+03]
{NOT r4 ; XOR r0, r1 ; OR r1, r0} , {XOR r4, r1 ; XOR r2, r0 ; XOR r1, r4} , {OR r4, r2 ; XOR r0, r0 ; NOT r3} , {NOT r1 ; XOR r4, r1 ; OR r0, r2} , {AND r3, r4 ; NOT r2 ; OR r0, r1} , {NOP ; XOR r2, r4 ; NOP}
[  3.20000000e+01  -0.00000000e+00   1.00000000e+00   1.00000000e+01
   3.00000000e+00   2.00000000e+00   3.00000000e+00   0.00000000e+00
   1.66200000e+03]
{XOR r4, r3 ; XOR r2, r1 ; OR r1, r2} , {XOR r4, r1 ; XOR r2, r0 ; XOR r1, r3} , {OR r4, r2 ; XOR r0, r0 ; NOT r1} , {NOT r1 ; XOR r4, r1 ; OR r0, r2} , {AND r3, r1 ; OR r2, r2 ; OR r0, r1} , {NOP ; XOR r2, r4 ; NOP}
[  3.20000000e+01  -0.00000000e+00   1.00000000e+00   1.00000000e+01
   3.00000000e+00   2.00000000e+00   3.00000000e+00   0.00000000e+00
   1.66400000e+03]
{NOT r4 ; XOR r2, r1 ; OR r1, r0} , {XOR r4, r1 ; XOR r2, r0 ; XOR r1, r4} , {OR r4, r2 ; XOR r0, r0 ; AND r1, r4} , {NOT r1 ; XOR r4, r1 ; OR r0, r2} , {AND r3, r4 ; NOT r2 ; XOR r0, r1} , {NOP ; XOR r2, r4 ; NOP}
[  3.20000000e+01  -0.00000000e+00   1.00000000e+00   1.00000000e+01
   3.00000000e+00   2.00000000e+00   3.00000000e+00   0.00000000e+00
   1.67100000e+03]
{XOR r4, r3 ; XOR r2, r1 ; OR r1, r2} , {XOR r4, r1 ; XOR r2, r0 ; XOR r1, r4} , {OR r4, r2 ; XOR r0, r0 ; NOT r1} , {NOT r1 ; XOR r4, r1 ; OR r0, r2} , {AND r1, r4 ; NOT r3 ; OR r0, r1} , {NOP ; XOR r2, r4 ; NOP}
[  3.20000000e+01  -0.00000000e+00   1.00000000e+00   1.00000000e+01
   3.00000000e+00   2.00000000e+00   3.00000000e+00   0.00000000e+00
   1.67200000e+03]
{NOT r4 ; XOR r2, r1 ; OR r1, r0} , {XOR r4, r1 ; XOR r2, r0 ; XOR r1, r4} , {OR r4, r2 ; XOR r0, r0 ; AND r1, r4} , {NOT r1 ; XOR r4, r1 ; OR r0, r2} , {AND r3, r4 ; OR r2, r2 ; OR r0, r1} , {NOP ; XOR r2, r4 ; NOP}
[  3.20000000e+01  -0.00000000e+00   1.00000000e+00   1.00000000e+01
   3.00000000e+00   2.00000000e+00   3.00000000e+00   0.00000000e+00
   1.67300000e+03]
{MOV r4, r3 ; XOR r2, r1 ; OR r1, r2} , {XOR r4, r1 ; XOR r2, r0 ; XOR r1, r4} , {OR r4, r2 ; XOR r0, r0 ; AND r1, r4} , {NOT r1 ; XOR r4, r1 ; OR r0, r2} , {AND r3, r4 ; NOT r2 ; OR r0, r1} , {NOP ; XOR r2, r4 ; NOP}
[  0.00000000e+00   1.35614383e+00   2.00000000e+00   1.22500000e+01
   0.00000000e+00   2.00000000e+00   4.00000000e+00   0.00000000e+00
   1.78900000e+03]
{NOT r2 ; MOV r4, r2 ; XOR r0, r3} , {AND r0, r1 ; XOR r3, r1 ; OR r1, r2} , {XOR r1, r4 ; AND r4, r3 ; OR r3, r0} , {XOR r0, r4 ; AND r2, r1 ; XOR r4, r2} , {OR r1, r3 ; XOR r2, r3 ; NOT r0} , {AND r0, r1 ; XOR r2, r1 ; XOR r4, r1}
[  3.20000000e+01  -0.00000000e+00   1.00000000e+00   1.40000000e+01
   0.00000000e+00   3.00000000e+00   3.00000000e+00   0.00000000e+00
   2.05400000e+03]
{OR r3, r2 ; XOR r1, r3 ; XOR r2, r1} , {XOR r2, r3 ; XOR r1, r0 ; XOR r4, r2} , {NOT r4 ; OR r2, r1 ; XOR r3, r0} , {XOR r4, r2 ; XOR r0, r2 ; XOR r2, r3} , {XOR r4, r3 ; AND r1, r1 ; AND r0, r3} , {NOT r0 ; XOR r2, r1 ; XOR r1, r4}
[  3.20000000e+01  -0.00000000e+00   1.00000000e+00   1.00000000e+01
   3.00000000e+00   2.00000000e+00   3.00000000e+00   0.00000000e+00
   2.05600000e+03]
{OR r3, r1 ; XOR r0, r3 ; XOR r4, r1} , {XOR r2, r3 ; XOR r1, r0 ; AND r4, r0} , {NOT r4 ; OR r2, r1 ; XOR r3, r3} , {XOR r3, r2 ; XOR r0, r4 ; XOR r2, r3} , {XOR r4, r3 ; NOT r1 ; AND r0, r3} , {NOT r0 ; XOR r2, r1 ; XOR r1, r4}
[  3.20000000e+01  -0.00000000e+00   1.00000000e+00   1.30000000e+01
   3.00000000e+00   2.00000000e+00   3.00000000e+00   0.00000000e+00
   2.05700000e+03]
{AND r3, r0 ; XOR r0, r3 ; AND r4, r0} , {XOR r2, r3 ; XOR r1, r0 ; AND r3, r2} , {NOT r4 ; OR r2, r1 ; XOR r3, r0} , {XOR r3, r2 ; OR r0, r2 ; XOR r2, r3} , {XOR r4, r3 ; NOT r2 ; NOT r0} , {NOP ; XOR r0, r3 ; XOR r1, r4}
[  3.20000000e+01  -0.00000000e+00   1.00000000e+00   1.00000000e+01
   3.00000000e+00   2.00000000e+00   3.00000000e+00   0.00000000e+00
   2.05800000e+03]
{OR r3, r1 ; XOR r0, r3 ; XOR r4, r1} , {XOR r2, r3 ; XOR r1, r0 ; AND r0, r0} , {NOT r4 ; AND r2, r1 ; XOR r3, r3} , {XOR r4, r2 ; AND r0, r1 ; XOR r3, r3} , {XOR r4, r3 ; OR r3, r3 ; XOR r0, r3} , {NOT r0 ; XOR r2, r1 ; XOR r1, r4}
[  3.20000000e+01  -0.00000000e+00   1.00000000e+00   1.00000000e+01
   3.00000000e+00   2.00000000e+00   3.00000000e+00   0.00000000e+00
   2.06000000e+03]
{OR r3, r0 ; XOR r1, r3 ; OR r4, r1} , {XOR r2, r3 ; XOR r1, r0 ; AND r4, r0} , {NOT r4 ; AND r2, r1 ; XOR r3, r3} , {XOR r4, r2 ; AND r0, r1 ; XOR r3, r3} , {XOR r4, r3 ; NOT r3 ; OR r0, r3} , {NOT r0 ; XOR r2, r1 ; XOR r1, r4}
[  3.20000000e+01  -0.00000000e+00   1.00000000e+00   1.00000000e+01
   3.00000000e+00   2.00000000e+00   3.00000000e+00   0.00000000e+00
   2.06100000e+03]
{OR r3, r1 ; XOR r0, r3 ; XOR r4, r1} , {XOR r2, r3 ; XOR r1, r0 ; NOT r4} , {NOT r4 ; OR r2, r1 ; XOR r3, r1} , {XOR r4, r2 ; AND r0, r1 ; XOR r3, r3} , {XOR r2, r3 ; OR r3, r3 ; XOR r0, r3} , {NOT r0 ; XOR r2, r1 ; XOR r1, r4}
[  3.20000000e+01  -0.00000000e+00   1.00000000e+00   1.20000000e+01
   3.00000000e+00   2.00000000e+00   3.00000000e+00   0.00000000e+00
   2.06200000e+03]
{OR r3, r0 ; XOR r1, r3 ; MOV r4, r1} , {XOR r2, r3 ; XOR r1, r0 ; AND r4, r0} , {NOT r4 ; AND r2, r1 ; XOR r3, r1} , {XOR r3, r2 ; OR r0, r2 ; XOR r2, r3} , {XOR r4, r3 ; NOT r2 ; NOT r0} , {NOP ; XOR r0, r3 ; XOR r1, r4}
[  3.20000000e+01  -0.00000000e+00   1.00000000e+00   1.00000000e+01
   3.00000000e+00   2.00000000e+00   3.00000000e+00   0.00000000e+00
   2.06400000e+03]
{OR r3, r0 ; XOR r1, r3 ; MOV r4, r1} , {XOR r2, r3 ; XOR r1, r0 ; AND r4, r0} , {NOT r4 ; AND r2, r1 ; XOR r3, r3} , {XOR r3, r2 ; OR r0, r2 ; XOR r2, r3} , {XOR r4, r3 ; NOT r2 ; NOT r0} , {NOP ; XOR r0, r3 ; XOR r1, r4}
[  3.20000000e+01  -0.00000000e+00   1.00000000e+00   1.20000000e+01
   3.00000000e+00   2.00000000e+00   3.00000000e+00   0.00000000e+00
   2.06500000e+03]
{OR r3, r0 ; XOR r1, r3 ; MOV r4, r1} , {XOR r2, r3 ; XOR r1, r0 ; OR r4, r3} , {NOT r4 ; OR r2, r1 ; XOR r3, r0} , {XOR r4, r2 ; XOR r0, r2 ; XOR r2, r3} , {XOR r4, r3 ; NOT r3 ; OR r0, r3} , {NOT r0 ; XOR r2, r1 ; XOR r1, r4}
[  3.20000000e+01  -0.00000000e+00   1.00000000e+00   1.00000000e+01
   3.00000000e+00   2.00000000e+00   3.00000000e+00   0.00000000e+00
   2.06600000e+03]
{OR r3, r1 ; XOR r0, r3 ; XOR r4, r2} , {XOR r2, r3 ; XOR r1, r0 ; AND r4, r0} , {NOT r4 ; AND r2, r1 ; XOR r3, r3} , {XOR r3, r2 ; OR r0, r2 ; XOR r2, r3} , {XOR r4, r3 ; NOT r2 ; NOT r0} , {NOP ; XOR r0, r3 ; XOR r1, r4}
[  3.20000000e+01  -0.00000000e+00   1.00000000e+00   1.00000000e+01
   3.00000000e+00   2.00000000e+00   3.00000000e+00   0.00000000e+00
   2.06700000e+03]
{OR r3, r1 ; XOR r0, r3 ; XOR r4, r2} , {XOR r2, r3 ; XOR r1, r0 ; AND r4, r0} , {NOT r4 ; AND r2, r1 ; XOR r3, r3} , {XOR r3, r2 ; OR r0, r2 ; XOR r2, r3} , {XOR r4, r3 ; NOT r2 ; NOT r0} , {NOP ; XOR r0, r3 ; XOR r1, r4}
[  3.20000000e+01  -0.00000000e+00   1.00000000e+00   1.20000000e+01
   3.00000000e+00   2.00000000e+00   3.00000000e+00   0.00000000e+00
   2.06900000e+03]
{OR r3, r0 ; XOR r1, r3 ; MOV r4, r1} , {XOR r2, r3 ; XOR r1, r0 ; OR r4, r3} , {NOT r4 ; OR r2, r1 ; XOR r3, r0} , {XOR r3, r2 ; OR r0, r2 ; XOR r2, r3} , {XOR r4, r3 ; NOT r2 ; NOT r0} , {NOP ; XOR r0, r3 ; XOR r1, r4}
[  3.20000000e+01  -0.00000000e+00   1.00000000e+00   1.00000000e+01
   3.00000000e+00   2.00000000e+00   3.00000000e+00   0.00000000e+00
   2.07000000e+03]
{OR r3, r1 ; XOR r0, r3 ; XOR r4, r1} , {XOR r2, r3 ; XOR r1, r0 ; AND r0, r0} , {NOT r4 ; AND r2, r1 ; XOR r3, r3} , {XOR r4, r2 ; AND r0, r1 ; XOR r3, r3} , {XOR r4, r3 ; OR r3, r3 ; OR r0, r3} , {NOT r0 ; XOR r2, r1 ; XOR r1, r4}
[  0.00000000e+00  -0.00000000e+00  -0.00000000e+00   1.40000000e+01
   3.00000000e+00   3.00000000e+00   2.00000000e+00   0.00000000e+00
   2.07100000e+03]
{MOV r3, r0 ; XOR r0, r3 ; XOR r4, r1} , {XOR r2, r0 ; XOR r1, r0 ; AND r4, r2} , {NOT r4 ; OR r2, r1 ; XOR r3, r0} , {XOR r4, r2 ; XOR r0, r4 ; XOR r2, r3} , {XOR r4, r3 ; NOT r3 ; OR r0, r3} , {NOT r0 ; XOR r2, r1 ; XOR r1, r4}
[  3.20000000e+01  -0.00000000e+00   1.00000000e+00   1.00000000e+01
   3.00000000e+00   2.00000000e+00   3.00000000e+00   0.00000000e+00
   2.07200000e+03]
{OR r3, r0 ; XOR r1, r3 ; OR r4, r1} , {XOR r2, r3 ; XOR r1, r0 ; AND r4, r0} , {NOT r4 ; AND r2, r1 ; XOR r3, r3} , {XOR r4, r2 ; AND r0, r1 ; XOR r3, r3} , {XOR r4, r3 ; OR r3, r3 ; XOR r0, r3} , {NOT r0 ; XOR r2, r1 ; XOR r1, r4}
[  3.20000000e+01  -0.00000000e+00   1.00000000e+00   1.20000000e+01
   3.00000000e+00   2.00000000e+00   3.00000000e+00   0.00000000e+00
   2.07300000e+03]
{OR r3, r0 ; XOR r1, r3 ; MOV r4, r1} , {XOR r2, r3 ; XOR r1, r0 ; AND r4, r2} , {NOT r4 ; OR r2, r1 ; XOR r3, r0} , {XOR r4, r2 ; XOR r0, r4 ; XOR r2, r3} , {XOR r4, r3 ; NOT r3 ; OR r0, r3} , {NOT r0 ; XOR r2, r1 ; XOR r1, r4}
[  3.20000000e+01  -0.00000000e+00   1.00000000e+00   1.20000000e+01
   3.00000000e+00   2.00000000e+00   3.00000000e+00   0.00000000e+00
   2.07900000e+03]
{OR r1, r2 ; XOR r4, r3 ; XOR r2, r1} , {XOR r2, r3 ; XOR r1, r0 ; AND r4, r2} , {NOT r4 ; OR r2, r1 ; XOR r3, r0} , {XOR r4, r2 ; XOR r0, r4 ; XOR r2, r3} , {XOR r4, r3 ; NOT r3 ; OR r0, r3} , {NOT r0 ; XOR r2, r1 ; XOR r1, r4}
[  3.20000000e+01  -0.00000000e+00   1.00000000e+00   1.00000000e+01
   3.00000000e+00   2.00000000e+00   3.00000000e+00   0.00000000e+00
   2.08100000e+03]
{OR r3, r1 ; XOR r0, r3 ; XOR r4, r2} , {XOR r2, r3 ; XOR r1, r0 ; AND r4, r0} , {NOT r4 ; AND r2, r1 ; XOR r3, r3} , {XOR r4, r2 ; OR r0, r2 ; XOR r2, r3} , {XOR r4, r3 ; NOT r3 ; NOT r0} , {NOP ; XOR r0, r3 ; XOR r1, r4}
[  0.00000000e+00  -0.00000000e+00  -0.00000000e+00   1.40000000e+01
   3.00000000e+00   3.00000000e+00   2.00000000e+00   0.00000000e+00
   2.08500000e+03]
{MOV r3, r0 ; XOR r0, r3 ; XOR r4, r1} , {XOR r2, r3 ; XOR r1, r0 ; AND r4, r2} , {NOT r4 ; OR r2, r1 ; XOR r3, r0} , {XOR r4, r2 ; XOR r0, r4 ; XOR r2, r3} , {XOR r4, r3 ; NOT r3 ; OR r0, r3} , {NOT r0 ; XOR r2, r1 ; XOR r1, r4}
[  3.20000000e+01  -0.00000000e+00   1.00000000e+00   1.00000000e+01
   3.00000000e+00   2.00000000e+00   3.00000000e+00   0.00000000e+00
   2.08600000e+03]
{OR r3, r0 ; XOR r1, r3 ; MOV r4, r1} , {XOR r2, r3 ; XOR r1, r0 ; AND r4, r0} , {NOT r4 ; AND r2, r1 ; NOT r3} , {XOR r4, r2 ; XOR r0, r2 ; XOR r2, r3} , {XOR r4, r3 ; OR r3, r2 ; NOT r0} , {NOP ; XOR r0, r3 ; XOR r1, r4}
[  0.00000000e+00  -0.00000000e+00  -0.00000000e+00   1.40000000e+01
   3.00000000e+00   3.00000000e+00   2.00000000e+00   0.00000000e+00
   2.08700000e+03]
{MOV r3, r0 ; XOR r0, r3 ; XOR r4, r1} , {XOR r2, r0 ; XOR r1, r0 ; NOT r0} , {NOT r4 ; OR r2, r1 ; XOR r3, r0} , {XOR r3, r2 ; XOR r0, r4 ; XOR r2, r3} , {XOR r4, r3 ; OR r3, r1 ; XOR r0, r3} , {NOT r0 ; XOR r2, r1 ; XOR r1, r4}
[  3.20000000e+01  -0.00000000e+00   1.00000000e+00   1.00000000e+01
   3.00000000e+00   2.00000000e+00   3.00000000e+00   0.00000000e+00
   2.08800000e+03]
{OR r3, r1 ; XOR r0, r3 ; XOR r4, r1} , {XOR r2, r3 ; XOR r1, r0 ; AND r4, r0} , {NOT r4 ; AND r2, r1 ; XOR r3, r3} , {XOR r3, r2 ; XOR r0, r4 ; XOR r2, r3} , {XOR r4, r3 ; NOT r1 ; AND r0, r3} , {NOT r0 ; XOR r2, r1 ; XOR r1, r4}
[  0.00000000e+00  -0.00000000e+00  -0.00000000e+00   1.40000000e+01
   3.00000000e+00   3.00000000e+00   2.00000000e+00   0.00000000e+00
   2.08900000e+03]
{OR r3, r3 ; XOR r0, r3 ; MOV r4, r1} , {XOR r2, r0 ; XOR r1, r0 ; NOT r0} , {NOT r4 ; OR r2, r1 ; XOR r3, r1} , {XOR r3, r2 ; OR r0, r2 ; XOR r2, r3} , {XOR r4, r3 ; NOT r2 ; NOT r0} , {NOP ; XOR r0, r3 ; XOR r1, r4}
[  3.20000000e+01  -0.00000000e+00   1.00000000e+00   1.10000000e+01
   3.00000000e+00   2.00000000e+00   3.00000000e+00   0.00000000e+00
   2.11500000e+03]
{XOR r0, r2 ; OR r1, r3 ; XOR r2, r1} , {XOR r3, r1 ; XOR r1, r2 ; NOT r2} , {AND r1, r0 ; NOT r2 ; NOT r4} , {OR r0, r0 ; XOR r2, r1 ; XOR r4, r2} , {XOR r0, r2 ; XOR r2, r3 ; XOR r3, r0} , {XOR r2, r4 ; XOR r4, r0 ; XOR r1, r3}
[  3.20000000e+01  -0.00000000e+00   1.00000000e+00   1.10000000e+01
   3.00000000e+00   2.00000000e+00   3.00000000e+00   0.00000000e+00
   2.11600000e+03]
{MOV r4, r0 ; AND r1, r3 ; XOR r3, r1} , {XOR r3, r1 ; XOR r1, r2 ; NOT r2} , {AND r1, r0 ; NOT r2 ; NOT r4} , {OR r0, r0 ; XOR r2, r1 ; XOR r4, r2} , {XOR r0, r2 ; XOR r2, r3 ; XOR r3, r0} , {XOR r2, r4 ; XOR r4, r1 ; XOR r1, r3}
[  3.20000000e+01  -0.00000000e+00   1.00000000e+00   1.00000000e+01
   3.00000000e+00   2.00000000e+00   3.00000000e+00   0.00000000e+00
   2.14600000e+03]
{XOR r0, r1 ; AND r1, r0 ; MOV r4, r2} , {XOR r2, r0 ; XOR r1, r3 ; OR r0, r0} , {XOR r4, r0 ; NOT r0 ; AND r2, r4} , {AND r0, r4 ; XOR r2, r1 ; AND r3, r3} , {OR r1, r0 ; NOT r2 ; NOT r3} , {XOR r2, r0 ; NOT r3 ; OR r4, r3}
[  3.20000000e+01  -0.00000000e+00   1.00000000e+00   1.00000000e+01
   3.00000000e+00   2.00000000e+00   3.00000000e+00   0.00000000e+00
   2.15100000e+03]
{XOR r0, r1 ; AND r1, r0 ; MOV r4, r2} , {XOR r2, r0 ; XOR r1, r3 ; OR r0, r0} , {XOR r4, r0 ; NOT r0 ; AND r2, r4} , {AND r0, r4 ; XOR r2, r1 ; XOR r3, r0} , {OR r1, r0 ; NOT r2 ; NOT r3} , {XOR r2, r0 ; NOT r3 ; OR r4, r3}
[  3.20000000e+01  -0.00000000e+00   1.00000000e+00   1.00000000e+01
   3.00000000e+00   2.00000000e+00   3.00000000e+00   0.00000000e+00
   2.16500000e+03]
{XOR r0, r1 ; AND r1, r0 ; MOV r4, r2} , {XOR r2, r0 ; XOR r1, r3 ; OR r0, r0} , {XOR r4, r0 ; NOT r0 ; AND r2, r4} , {AND r0, r4 ; XOR r2, r1 ; AND r3, r0} , {XOR r1, r0 ; NOT r2 ; NOT r3} , {OR r2, r0 ; NOT r3 ; OR r4, r3}
[  3.20000000e+01  -0.00000000e+00   1.00000000e+00   1.30000000e+01
   3.00000000e+00   2.00000000e+00   3.00000000e+00   0.00000000e+00
   2.28000000e+03]
{AND r0, r1 ; XOR r2, r0 ; XOR r4, r2} , {XOR r0, r3 ; XOR r2, r1 ; AND r4, r0} , {XOR r4, r3 ; XOR r3, r2 ; OR r2, r0} , {NOT r2 ; XOR r1, r2 ; AND r4, r0} , {XOR r2, r1 ; XOR r0, r1 ; NOT r4} , {XOR r4, r0 ; NOT r3 ; OR r1, r1}
[  3.20000000e+01  -0.00000000e+00   1.00000000e+00   1.10000000e+01
   3.00000000e+00   2.00000000e+00   3.00000000e+00   0.00000000e+00
   2.28100000e+03]
{OR r0, r1 ; XOR r2, r0 ; XOR r4, r1} , {XOR r0, r3 ; XOR r2, r1 ; AND r1, r3} , {XOR r1, r1 ; XOR r3, r2 ; AND r2, r0} , {NOT r2 ; XOR r1, r2 ; AND r3, r2} , {XOR r2, r1 ; XOR r0, r1 ; NOT r4} , {XOR r4, r0 ; AND r3, r1 ; OR r1, r1}
[  3.20000000e+01  -0.00000000e+00   1.00000000e+00   1.10000000e+01
   3.00000000e+00   2.00000000e+00   3.00000000e+00   0.00000000e+00
   2.28300000e+03]
{OR r0, r1 ; XOR r3, r0 ; MOV r4, r0} , {XOR r0, r3 ; XOR r2, r1 ; AND r1, r3} , {XOR r1, r1 ; XOR r3, r2 ; AND r2, r0} , {NOT r2 ; XOR r1, r2 ; AND r4, r2} , {XOR r2, r1 ; XOR r0, r1 ; NOT r4} , {XOR r4, r0 ; AND r3, r3 ; OR r1, r1}
[  3.20000000e+01  -0.00000000e+00   1.00000000e+00   1.30000000e+01
   3.00000000e+00   2.00000000e+00   3.00000000e+00   0.00000000e+00
   2.28600000e+03]
{OR r0, r2 ; XOR r3, r0 ; MOV r4, r0} , {XOR r0, r3 ; XOR r2, r1 ; AND r4, r3} , {XOR r4, r1 ; XOR r3, r2 ; OR r2, r0} , {NOT r2 ; XOR r1, r2 ; AND r0, r2} , {XOR r2, r1 ; XOR r0, r1 ; NOT r4} , {XOR r4, r0 ; AND r3, r3 ; OR r1, r1}
[  3.20000000e+01  -0.00000000e+00   1.00000000e+00   1.20000000e+01
   3.00000000e+00   2.00000000e+00   3.00000000e+00   0.00000000e+00
   2.28800000e+03]
{OR r0, r1 ; XOR r2, r0 ; MOV r4, r0} , {XOR r0, r3 ; XOR r2, r1 ; AND r4, r3} , {XOR r0, r2 ; XOR r3, r2 ; OR r2, r0} , {NOT r2 ; XOR r1, r2 ; NOT r4} , {XOR r2, r1 ; XOR r0, r1 ; NOT r4} , {XOR r4, r0 ; NOT r3 ; OR r1, r1}
[  3.20000000e+01  -0.00000000e+00   1.00000000e+00   1.10000000e+01
   3.00000000e+00   2.00000000e+00   3.00000000e+00   0.00000000e+00
   2.28900000e+03]
{OR r0, r1 ; XOR r3, r0 ; OR r4, r0} , {XOR r0, r3 ; XOR r2, r1 ; AND r1, r3} , {XOR r1, r1 ; XOR r3, r2 ; AND r2, r0} , {NOT r2 ; XOR r1, r2 ; AND r4, r2} , {XOR r2, r1 ; XOR r0, r1 ; NOT r4} , {XOR r4, r0 ; AND r3, r3 ; NOP}
[  3.20000000e+01  -0.00000000e+00   1.00000000e+00   1.10000000e+01
   3.00000000e+00   2.00000000e+00   3.00000000e+00   0.00000000e+00
   2.29200000e+03]
{AND r0, r1 ; XOR r2, r0 ; XOR r4, r2} , {XOR r0, r3 ; XOR r2, r1 ; OR r1, r3} , {XOR r4, r3 ; XOR r3, r2 ; OR r2, r0} , {NOT r2 ; XOR r1, r2 ; AND r0, r1} , {XOR r2, r1 ; XOR r0, r1 ; NOT r4} , {XOR r4, r0 ; OR r3, r3 ; NOP}
[  3.20000000e+01  -0.00000000e+00   1.00000000e+00   1.30000000e+01
   3.00000000e+00   2.00000000e+00   3.00000000e+00   0.00000000e+00
   2.29700000e+03]
{AND r0, r1 ; XOR r3, r0 ; OR r4, r0} , {XOR r0, r3 ; XOR r2, r1 ; AND r1, r3} , {OR r1, r4 ; XOR r3, r2 ; OR r2, r3} , {NOT r2 ; XOR r1, r2 ; NOT r4} , {XOR r2, r1 ; XOR r0, r1 ; NOT r4} , {XOR r4, r0 ; XOR r3, r1 ; OR r1, r1}
[  3.20000000e+01  -0.00000000e+00   1.00000000e+00   1.10000000e+01
   3.00000000e+00   2.00000000e+00   3.00000000e+00   0.00000000e+00
   2.29800000e+03]
{AND r0, r1 ; XOR r3, r0 ; OR r4, r0} , {XOR r0, r3 ; XOR r2, r1 ; AND r1, r3} , {XOR r1, r1 ; XOR r3, r2 ; AND r2, r0} , {NOT r2 ; XOR r1, r2 ; AND r3, r2} , {XOR r2, r1 ; XOR r0, r1 ; NOT r4} , {XOR r4, r0 ; AND r3, r1 ; OR r1, r1}
[  3.20000000e+01  -0.00000000e+00   1.00000000e+00   1.10000000e+01
   3.00000000e+00   2.00000000e+00   3.00000000e+00   0.00000000e+00
   2.29900000e+03]
{AND r0, r1 ; XOR r3, r0 ; XOR r4, r2} , {XOR r0, r3 ; XOR r2, r1 ; AND r1, r0} , {XOR r1, r1 ; XOR r3, r2 ; AND r2, r0} , {NOT r2 ; XOR r1, r2 ; AND r4, r2} , {XOR r2, r1 ; XOR r0, r1 ; NOT r4} , {XOR r4, r0 ; AND r3, r3 ; OR r1, r1}
[  3.20000000e+01  -0.00000000e+00   1.00000000e+00   1.00000000e+01
   3.00000000e+00   2.00000000e+00   3.00000000e+00   0.00000000e+00
   2.30000000e+03]
{OR r0, r1 ; XOR r2, r0 ; MOV r4, r0} , {XOR r0, r3 ; XOR r2, r1 ; AND r3, r0} , {XOR r1, r1 ; XOR r3, r2 ; AND r2, r0} , {NOT r2 ; XOR r1, r2 ; AND r4, r2} , {XOR r2, r1 ; XOR r0, r1 ; NOT r4} , {XOR r4, r0 ; NOT r3 ; AND r1, r1}
[  3.20000000e+01  -0.00000000e+00   1.00000000e+00   1.30000000e+01
   3.00000000e+00   2.00000000e+00   3.00000000e+00   0.00000000e+00
   2.30100000e+03]
{AND r0, r1 ; XOR r2, r0 ; XOR r4, r2} , {XOR r0, r3 ; XOR r3, r1 ; AND r1, r3} , {XOR r1, r3 ; XOR r3, r2 ; AND r2, r0} , {NOT r2 ; XOR r1, r2 ; AND r4, r0} , {XOR r2, r1 ; XOR r0, r1 ; NOT r4} , {XOR r4, r0 ; OR r3, r1 ; AND r1, r1}
[  3.20000000e+01  -0.00000000e+00   1.00000000e+00   1.20000000e+01
   3.00000000e+00   2.00000000e+00   3.00000000e+00   0.00000000e+00
   2.30200000e+03]
{AND r0, r1 ; XOR r2, r0 ; XOR r4, r2} , {XOR r0, r3 ; XOR r2, r1 ; AND r4, r3} , {XOR r0, r1 ; XOR r3, r2 ; OR r2, r0} , {NOT r2 ; XOR r1, r2 ; NOT r4} , {XOR r2, r1 ; XOR r0, r1 ; NOT r4} , {XOR r4, r0 ; AND r3, r3 ; OR r1, r1}
[  3.20000000e+01  -0.00000000e+00   1.00000000e+00   1.10000000e+01
   3.00000000e+00   2.00000000e+00   3.00000000e+00   0.00000000e+00
   2.30300000e+03]
{OR r0, r1 ; XOR r3, r0 ; AND r4, r0} , {XOR r0, r3 ; XOR r2, r1 ; AND r1, r3} , {XOR r4, r1 ; XOR r3, r2 ; OR r2, r0} , {NOT r2 ; XOR r1, r2 ; AND r0, r2} , {XOR r2, r1 ; XOR r0, r1 ; NOT r4} , {XOR r4, r0 ; NOT r3 ; OR r1, r1}
[  3.20000000e+01  -0.00000000e+00   1.00000000e+00   1.20000000e+01
   3.00000000e+00   2.00000000e+00   3.00000000e+00   0.00000000e+00
   2.30500000e+03]
{OR r0, r1 ; XOR r2, r0 ; MOV r4, r0} , {XOR r0, r3 ; XOR r2, r1 ; AND r1, r3} , {AND r1, r4 ; XOR r3, r2 ; OR r2, r3} , {NOT r2 ; XOR r1, r2 ; XOR r4, r2} , {XOR r2, r1 ; XOR r0, r1 ; NOT r4} , {XOR r4, r0 ; AND r3, r1 ; OR r1, r1}
[  3.20000000e+01   2.00000000e+00   2.00000000e+00   1.30000000e+01
   1.00000000e+00   2.00000000e+00   3.00000000e+00   0.00000000e+00
   2.30600000e+03]
{AND r0, r1 ; XOR r1, r0 ; OR r4, r0} , {XOR r0, r3 ; XOR r2, r1 ; AND r4, r3} , {XOR r4, r2 ; XOR r1, r2 ; AND r2, r0} , {NOT r0 ; XOR r3, r1 ; XOR r2, r0} , {XOR r2, r1 ; XOR r0, r1 ; NOT r1} , {XOR r4, r2 ; AND r3, r1 ; OR r1, r4}
[  3.20000000e+01  -0.00000000e+00   1.00000000e+00   1.10000000e+01
   3.00000000e+00   2.00000000e+00   3.00000000e+00   0.00000000e+00
   2.31100000e+03]
{OR r0, r1 ; XOR r3, r0 ; OR r4, r0} , {XOR r0, r3 ; XOR r2, r1 ; AND r1, r3} , {XOR r4, r1 ; XOR r3, r2 ; OR r2, r0} , {NOT r2 ; XOR r1, r2 ; AND r0, r0} , {XOR r2, r1 ; XOR r0, r1 ; NOT r4} , {XOR r4, r0 ; NOP ; AND r1, r1}
[  3.20000000e+01  -0.00000000e+00   1.00000000e+00   1.10000000e+01
   3.00000000e+00   2.00000000e+00   3.00000000e+00   0.00000000e+00
   2.31200000e+03]
{AND r0, r1 ; XOR r2, r0 ; XOR r4, r2} , {XOR r0, r3 ; XOR r2, r1 ; AND r1, r3} , {XOR r4, r3 ; XOR r3, r2 ; OR r2, r0} , {NOT r2 ; XOR r1, r2 ; AND r0, r0} , {XOR r2, r1 ; XOR r0, r1 ; NOT r4} , {XOR r4, r0 ; OR r3, r1 ; AND r1, r1}
[  3.20000000e+01  -0.00000000e+00   1.00000000e+00   1.00000000e+01
   3.00000000e+00   2.00000000e+00   3.00000000e+00   0.00000000e+00
   2.31400000e+03]
{OR r0, r1 ; XOR r2, r0 ; MOV r4, r4} , {XOR r0, r3 ; XOR r2, r1 ; AND r3, r0} , {XOR r1, r1 ; XOR r3, r2 ; AND r2, r0} , {NOT r2 ; XOR r1, r2 ; AND r4, r2} , {XOR r2, r1 ; XOR r0, r1 ; NOT r4} , {XOR r4, r0 ; NOP ; NOT r1}
[  3.20000000e+01  -0.00000000e+00   1.00000000e+00   1.20000000e+01
   3.00000000e+00   2.00000000e+00   3.00000000e+00   0.00000000e+00
   2.31600000e+03]
{AND r0, r1 ; XOR r2, r0 ; XOR r4, r2} , {XOR r0, r3 ; XOR r2, r1 ; XOR r1, r0} , {XOR r0, r3 ; XOR r3, r2 ; OR r2, r0} , {NOT r2 ; XOR r1, r2 ; OR r4, r1} , {XOR r2, r1 ; XOR r0, r1 ; NOT r4} , {XOR r4, r0 ; OR r3, r1 ; NOP}
[  3.20000000e+01  -0.00000000e+00   1.00000000e+00   1.20000000e+01
   3.00000000e+00   2.00000000e+00   3.00000000e+00   0.00000000e+00
   2.31700000e+03]
{OR r0, r1 ; XOR r2, r0 ; MOV r4, r0} , {XOR r0, r3 ; XOR r2, r1 ; AND r1, r0} , {XOR r0, r3 ; XOR r3, r2 ; OR r2, r0} , {NOT r2 ; XOR r1, r2 ; AND r4, r0} , {XOR r2, r1 ; XOR r0, r1 ; NOT r4} , {XOR r4, r0 ; NOP ; AND r1, r1}
[  3.20000000e+01  -0.00000000e+00   1.00000000e+00   1.00000000e+01
   3.00000000e+00   2.00000000e+00   3.00000000e+00   0.00000000e+00
   2.31900000e+03]
{OR r0, r1 ; XOR r2, r0 ; MOV r4, r4} , {XOR r0, r3 ; XOR r2, r1 ; AND r3, r0} , {XOR r1, r1 ; XOR r3, r2 ; AND r2, r0} , {NOT r2 ; XOR r1, r2 ; AND r0, r0} , {XOR r2, r1 ; XOR r0, r1 ; NOT r4} , {XOR r4, r0 ; NOT r3 ; OR r1, r1}
[  3.20000000e+01  -0.00000000e+00   1.00000000e+00   1.10000000e+01
   3.00000000e+00   2.00000000e+00   3.00000000e+00   0.00000000e+00
   2.32100000e+03]
{OR r0, r1 ; XOR r2, r0 ; OR r4, r2} , {XOR r0, r3 ; XOR r2, r1 ; AND r1, r3} , {XOR r4, r1 ; XOR r3, r2 ; OR r2, r0} , {NOT r2 ; XOR r1, r2 ; AND r0, r2} , {XOR r2, r1 ; XOR r0, r1 ; NOT r4} , {XOR r4, r0 ; AND r3, r3 ; OR r1, r1}
[  3.20000000e+01  -0.00000000e+00   1.00000000e+00   1.10000000e+01
   3.00000000e+00   2.00000000e+00   3.00000000e+00   0.00000000e+00
   2.32200000e+03]
{AND r0, r1 ; XOR r3, r0 ; OR r4, r0} , {XOR r0, r3 ; XOR r2, r1 ; AND r4, r3} , {NOT r1 ; XOR r3, r2 ; OR r2, r0} , {NOT r2 ; XOR r1, r2 ; AND r0, r0} , {XOR r2, r1 ; XOR r0, r1 ; NOT r4} , {XOR r4, r0 ; AND r3, r3 ; OR r1, r1}
[  3.20000000e+01  -0.00000000e+00   1.00000000e+00   1.10000000e+01
   3.00000000e+00   2.00000000e+00   3.00000000e+00   0.00000000e+00
   2.32300000e+03]
{OR r0, r1 ; XOR r3, r0 ; MOV r4, r0} , {XOR r0, r3 ; XOR r2, r1 ; AND r1, r3} , {XOR r1, r1 ; XOR r3, r2 ; AND r2, r0} , {NOT r2 ; XOR r1, r2 ; AND r4, r2} , {XOR r2, r1 ; XOR r0, r1 ; NOT r4} , {XOR r4, r0 ; AND r3, r0 ; OR r1, r1}
[  3.20000000e+01  -0.00000000e+00   1.00000000e+00   1.30000000e+01
   3.00000000e+00   2.00000000e+00   3.00000000e+00   0.00000000e+00
   2.32400000e+03]
{AND r0, r1 ; XOR r3, r0 ; XOR r4, r2} , {XOR r0, r3 ; XOR r2, r1 ; AND r1, r0} , {OR r1, r4 ; XOR r3, r2 ; OR r2, r3} , {NOT r2 ; XOR r1, r2 ; NOT r4} , {XOR r2, r1 ; XOR r0, r1 ; NOT r4} , {XOR r4, r0 ; XOR r3, r1 ; OR r1, r1}
[  3.20000000e+01  -0.00000000e+00   1.00000000e+00   1.10000000e+01
   3.00000000e+00   2.00000000e+00   3.00000000e+00   0.00000000e+00
   2.32500000e+03]
{OR r0, r1 ; XOR r2, r0 ; OR r4, r0} , {XOR r0, r3 ; XOR r2, r1 ; AND r1, r3} , {XOR r1, r1 ; XOR r3, r2 ; AND r2, r0} , {NOT r2 ; XOR r1, r2 ; AND r4, r2} , {XOR r2, r1 ; XOR r0, r1 ; NOT r4} , {XOR r4, r0 ; NOT r3 ; AND r1, r1}
[  3.20000000e+01  -0.00000000e+00   1.00000000e+00   1.10000000e+01
   3.00000000e+00   2.00000000e+00   3.00000000e+00   0.00000000e+00
   2.32700000e+03]
{OR r0, r1 ; XOR r2, r0 ; MOV r4, r1} , {XOR r0, r3 ; XOR r2, r1 ; AND r1, r3} , {XOR r1, r1 ; XOR r3, r2 ; AND r2, r0} , {NOT r2 ; XOR r1, r2 ; AND r4, r2} , {XOR r2, r1 ; XOR r0, r1 ; NOT r4} , {XOR r4, r0 ; AND r3, r3 ; NOP}
[  3.20000000e+01  -0.00000000e+00   1.00000000e+00   1.10000000e+01
   3.00000000e+00   2.00000000e+00   3.00000000e+00   0.00000000e+00
   2.32900000e+03]
{OR r0, r1 ; XOR r2, r0 ; MOV r4, r0} , {XOR r0, r3 ; XOR r2, r1 ; AND r1, r3} , {XOR r1, r1 ; XOR r3, r2 ; AND r2, r0} , {NOT r2 ; XOR r1, r2 ; AND r4, r2} , {XOR r2, r1 ; XOR r0, r1 ; NOT r4} , {XOR r4, r0 ; AND r3, r3 ; NOP}
[  3.20000000e+01  -0.00000000e+00   1.00000000e+00   1.35000000e+01
   3.00000000e+00   2.00000000e+00   3.00000000e+00   0.00000000e+00
   2.33800000e+03]
{NOT r4 ; AND r1, r0 ; XOR r0, r1} , {XOR r0, r3 ; OR r3, r1 ; OR r4, r3} , {AND r0, r2 ; NOT r1 ; XOR r2, r4} , {XOR r2, r0 ; XOR r0, r3 ; OR r4, r4} , {XOR r2, r3 ; OR r3, r3 ; XOR r1, r0} , {XOR r4, r1 ; AND r0, r0 ; XOR r3, r4}
[  3.20000000e+01  -0.00000000e+00   1.00000000e+00   1.00000000e+01
   3.00000000e+00   2.00000000e+00   3.00000000e+00   0.00000000e+00
   2.38100000e+03]
{AND r3, r0 ; XOR r2, r3 ; MOV r4, r2} , {XOR r2, r3 ; NOT r4 ; XOR r0, r1} , {NOT r0 ; XOR r2, r0 ; NOT r4} , {OR r1, r2 ; AND r4, r4 ; OR r3, r1} , {OR r0, r2 ; XOR r4, r1 ; AND r3, r2} , {NOP ; AND r0, r0 ; XOR r2, r4}
[  3.20000000e+01  -0.00000000e+00   1.00000000e+00   1.00000000e+01
   3.00000000e+00   2.00000000e+00   3.00000000e+00   0.00000000e+00
   2.38200000e+03]
{AND r3, r2 ; XOR r2, r3 ; XOR r4, r2} , {XOR r1, r3 ; NOT r4 ; XOR r0, r1} , {NOT r0 ; XOR r2, r0 ; NOT r4} , {OR r1, r2 ; NOT r4 ; OR r2, r2} , {OR r0, r2 ; XOR r4, r1 ; OR r1, r2} , {NOP ; NOP ; XOR r2, r4}
[  3.20000000e+01  -0.00000000e+00   1.00000000e+00   1.00000000e+01
   3.00000000e+00   2.00000000e+00   3.00000000e+00   0.00000000e+00
   2.38400000e+03]
{AND r3, r0 ; XOR r2, r3 ; MOV r4, r2} , {XOR r1, r3 ; NOT r4 ; XOR r0, r1} , {NOT r0 ; XOR r2, r0 ; NOT r4} , {OR r1, r2 ; NOT r4 ; OR r3, r1} , {OR r0, r2 ; XOR r4, r1 ; AND r3, r2} , {NOP ; AND r0, r0 ; XOR r2, r4}
[  3.20000000e+01  -0.00000000e+00   1.00000000e+00   1.00000000e+01
   3.00000000e+00   2.00000000e+00   3.00000000e+00   0.00000000e+00
   2.38800000e+03]
{AND r3, r0 ; XOR r2, r3 ; OR r4, r0} , {XOR r1, r3 ; NOT r4 ; XOR r0, r1} , {NOT r0 ; XOR r2, r0 ; NOT r4} , {OR r1, r2 ; NOT r4 ; OR r3, r2} , {OR r0, r2 ; XOR r4, r1 ; OR r1, r2} , {NOP ; NOP ; XOR r2, r4}
[  3.20000000e+01  -0.00000000e+00   1.00000000e+00   1.00000000e+01
   3.00000000e+00   2.00000000e+00   3.00000000e+00   0.00000000e+00
   2.39300000e+03]
{AND r3, r2 ; XOR r2, r3 ; XOR r4, r2} , {XOR r1, r3 ; NOT r4 ; XOR r0, r1} , {NOT r0 ; XOR r2, r0 ; NOT r4} , {OR r1, r2 ; AND r4, r4 ; OR r2, r2} , {OR r0, r2 ; XOR r4, r1 ; OR r1, r2} , {NOP ; NOP ; XOR r2, r4}
[  3.20000000e+01  -0.00000000e+00   1.00000000e+00   1.00000000e+01
   3.00000000e+00   2.00000000e+00   3.00000000e+00   0.00000000e+00
   2.39600000e+03]
{AND r3, r0 ; XOR r2, r3 ; MOV r4, r2} , {XOR r1, r3 ; NOT r4 ; XOR r0, r1} , {NOT r0 ; XOR r2, r0 ; NOT r4} , {OR r1, r2 ; AND r4, r4 ; OR r3, r1} , {OR r0, r2 ; AND r4, r1 ; XOR r3, r1} , {NOP ; AND r0, r0 ; XOR r2, r4}
[  3.20000000e+01  -0.00000000e+00   1.00000000e+00   1.10000000e+01
   3.00000000e+00   2.00000000e+00   3.00000000e+00   0.00000000e+00
   2.40300000e+03]
{AND r3, r0 ; XOR r2, r3 ; MOV r4, r2} , {XOR r0, r3 ; NOT r4 ; XOR r3, r1} , {NOT r0 ; XOR r2, r0 ; NOT r4} , {OR r1, r2 ; AND r4, r4 ; OR r3, r1} , {OR r0, r2 ; XOR r4, r1 ; AND r3, r2} , {NOP ; AND r0, r0 ; XOR r2, r4}
[  3.20000000e+01  -0.00000000e+00   1.00000000e+00   1.00000000e+01
   3.00000000e+00   2.00000000e+00   3.00000000e+00   0.00000000e+00
   2.40400000e+03]
{AND r3, r0 ; XOR r2, r3 ; MOV r4, r0} , {XOR r1, r3 ; NOT r3 ; XOR r0, r1} , {NOT r0 ; XOR r2, r0 ; NOT r4} , {OR r1, r2 ; NOT r4 ; OR r3, r1} , {OR r0, r2 ; XOR r4, r1 ; XOR r3, r1} , {NOP ; AND r0, r0 ; XOR r2, r4}
[  3.20000000e+01  -0.00000000e+00   1.00000000e+00   1.00000000e+01
   3.00000000e+00   2.00000000e+00   3.00000000e+00   0.00000000e+00
   2.40800000e+03]
{AND r3, r0 ; XOR r2, r3 ; XOR r4, r0} , {XOR r1, r3 ; NOT r4 ; XOR r0, r1} , {NOT r0 ; XOR r2, r0 ; NOT r4} , {OR r1, r2 ; NOT r4 ; OR r3, r2} , {OR r0, r2 ; XOR r4, r1 ; OR r1, r2} , {NOP ; NOP ; XOR r2, r4}
[  3.20000000e+01  -0.00000000e+00   1.00000000e+00   1.10000000e+01
   3.00000000e+00   2.00000000e+00   3.00000000e+00   0.00000000e+00
   2.41900000e+03]
{AND r3, r0 ; XOR r2, r3 ; MOV r4, r2} , {XOR r0, r3 ; NOT r4 ; XOR r3, r1} , {NOT r0 ; XOR r2, r0 ; NOT r4} , {OR r1, r2 ; NOT r4 ; OR r3, r1} , {OR r0, r2 ; XOR r4, r1 ; AND r3, r2} , {NOP ; AND r0, r0 ; XOR r2, r4}
[  3.20000000e+01  -0.00000000e+00   1.00000000e+00   1.00000000e+01
   3.00000000e+00   2.00000000e+00   3.00000000e+00   0.00000000e+00
   2.42000000e+03]
{AND r3, r0 ; XOR r2, r3 ; OR r4, r0} , {XOR r1, r3 ; NOT r4 ; XOR r0, r1} , {NOT r0 ; XOR r2, r0 ; NOT r4} , {OR r1, r2 ; NOT r4 ; OR r3, r2} , {OR r0, r2 ; XOR r4, r1 ; AND r3, r2} , {NOP ; AND r0, r0 ; XOR r2, r4}
[  3.20000000e+01  -0.00000000e+00   1.00000000e+00   1.00000000e+01
   3.00000000e+00   2.00000000e+00   3.00000000e+00   0.00000000e+00
   2.42100000e+03]
{AND r3, r0 ; XOR r2, r3 ; MOV r4, r2} , {XOR r1, r3 ; NOT r4 ; XOR r0, r1} , {NOT r0 ; XOR r2, r0 ; NOT r4} , {OR r1, r2 ; AND r4, r4 ; OR r3, r1} , {OR r0, r2 ; XOR r4, r1 ; AND r3, r2} , {NOP ; AND r0, r0 ; XOR r2, r4}
[  3.20000000e+01  -0.00000000e+00   1.00000000e+00   1.10000000e+01
   3.00000000e+00   2.00000000e+00   3.00000000e+00   0.00000000e+00
   2.42900000e+03]
{AND r3, r0 ; XOR r0, r3 ; XOR r1, r2} , {XOR r0, r3 ; NOT r4 ; XOR r3, r1} , {NOT r0 ; XOR r2, r0 ; NOT r4} , {OR r1, r2 ; NOT r4 ; OR r3, r4} , {OR r0, r2 ; XOR r4, r1 ; OR r1, r1} , {NOP ; NOP ; XOR r2, r4}
[  3.20000000e+01  -0.00000000e+00   1.00000000e+00   1.00000000e+01
   3.00000000e+00   2.00000000e+00   3.00000000e+00   0.00000000e+00
   2.43200000e+03]
{AND r2, r0 ; XOR r4, r2 ; XOR r3, r0} , {XOR r4, r1 ; XOR r2, r3 ; XOR r3, r2} , {NOT r1 ; XOR r0, r4 ; XOR r4, r0} , {OR r3, r1 ; OR r1, r0 ; XOR r4, r1} , {XOR r4, r1 ; AND r0, r4 ; XOR r2, r0} , {XOR r2, r0 ; XOR r1, r3 ; NOT r3}
[  0.00000000e+00   1.35614383e+00   1.41503751e+00   1.05000000e+01
   1.00000000e+00   1.00000000e+00   4.00000000e+00   0.00000000e+00
   2.43500000e+03]
{AND r2, r0 ; NOT r4 ; XOR r3, r0} , {XOR r4, r1 ; OR r1, r3 ; OR r0, r3} , {XOR r4, r1 ; XOR r1, r3 ; XOR r3, r3} , {OR r1, r2 ; XOR r0, r2 ; AND r2, r3} , {XOR r4, r1 ; AND r0, r4 ; XOR r2, r0} , {XOR r2, r0 ; NOP ; NOT r3}
[  3.20000000e+01  -0.00000000e+00   2.00000000e+00   1.15000000e+01
   2.00000000e+00   2.00000000e+00   3.00000000e+00   0.00000000e+00
   2.43700000e+03]
{OR r2, r1 ; XOR r4, r2 ; XOR r1, r0} , {XOR r4, r1 ; XOR r2, r3 ; XOR r3, r3} , {OR r0, r0 ; OR r1, r3 ; XOR r4, r3} , {OR r1, r2 ; XOR r0, r2 ; AND r2, r3} , {XOR r4, r1 ; AND r0, r4 ; OR r2, r0} , {XOR r2, r0 ; NOT r0 ; NOT r3}
[  3.20000000e+01  -0.00000000e+00   2.00000000e+00   1.15000000e+01
   2.00000000e+00   2.00000000e+00   3.00000000e+00   0.00000000e+00
   2.45600000e+03]
{AND r2, r1 ; XOR r4, r2 ; XOR r1, r0} , {XOR r4, r1 ; XOR r2, r3 ; XOR r3, r3} , {OR r0, r0 ; XOR r1, r3 ; XOR r4, r3} , {OR r1, r2 ; XOR r0, r2 ; AND r2, r3} , {XOR r4, r1 ; AND r0, r4 ; OR r2, r0} , {XOR r2, r0 ; NOT r0 ; NOT r3}
[  3.20000000e+01  -0.00000000e+00   2.00000000e+00   1.15000000e+01
   2.00000000e+00   2.00000000e+00   3.00000000e+00   0.00000000e+00
   2.45800000e+03]
{AND r2, r1 ; OR r4, r2 ; XOR r1, r0} , {XOR r4, r1 ; XOR r2, r3 ; XOR r3, r3} , {OR r0, r0 ; OR r2, r3 ; XOR r4, r3} , {OR r1, r2 ; XOR r0, r2 ; AND r2, r3} , {XOR r4, r1 ; AND r0, r4 ; XOR r2, r0} , {XOR r2, r0 ; NOP ; NOT r3}
[  0.00000000e+00   1.35614383e+00   1.41503751e+00   1.05000000e+01
   1.00000000e+00   1.00000000e+00   4.00000000e+00   0.00000000e+00
   2.46000000e+03]
{AND r2, r0 ; NOT r4 ; XOR r3, r0} , {XOR r4, r1 ; OR r1, r3 ; OR r0, r3} , {XOR r4, r1 ; XOR r1, r3 ; XOR r3, r3} , {OR r1, r2 ; XOR r0, r2 ; AND r2, r3} , {XOR r4, r1 ; AND r0, r4 ; OR r2, r0} , {XOR r2, r0 ; NOT r0 ; NOT r3}
[  3.20000000e+01  -0.00000000e+00   2.00000000e+00   1.15000000e+01
   2.00000000e+00   2.00000000e+00   3.00000000e+00   0.00000000e+00
   2.46700000e+03]
{AND r2, r1 ; XOR r4, r2 ; XOR r1, r0} , {XOR r4, r1 ; XOR r2, r3 ; XOR r3, r3} , {OR r0, r0 ; OR r1, r3 ; XOR r4, r3} , {OR r1, r2 ; XOR r0, r2 ; AND r2, r3} , {XOR r4, r1 ; AND r0, r4 ; OR r2, r0} , {XOR r2, r0 ; NOT r0 ; NOT r3}
[  3.20000000e+01  -0.00000000e+00   2.00000000e+00   1.15000000e+01
   2.00000000e+00   2.00000000e+00   3.00000000e+00   0.00000000e+00
   2.47400000e+03]
{AND r2, r1 ; OR r4, r2 ; XOR r1, r0} , {XOR r4, r1 ; XOR r2, r3 ; XOR r3, r3} , {OR r0, r0 ; OR r3, r3 ; XOR r4, r3} , {OR r1, r2 ; XOR r0, r2 ; AND r2, r3} , {XOR r4, r1 ; AND r0, r4 ; OR r2, r0} , {XOR r2, r0 ; NOT r0 ; NOT r3}
[  3.20000000e+01  -0.00000000e+00   2.00000000e+00   1.15000000e+01
   2.00000000e+00   2.00000000e+00   3.00000000e+00   0.00000000e+00
   2.47600000e+03]
{AND r2, r1 ; OR r4, r2 ; XOR r1, r0} , {XOR r4, r1 ; XOR r2, r3 ; XOR r3, r3} , {OR r0, r0 ; XOR r1, r3 ; XOR r4, r3} , {OR r1, r2 ; XOR r0, r2 ; AND r2, r3} , {XOR r4, r1 ; AND r0, r4 ; OR r2, r0} , {XOR r2, r0 ; NOT r0 ; NOT r3}
[  3.20000000e+01  -0.00000000e+00   1.00000000e+00   1.20000000e+01
   3.00000000e+00   2.00000000e+00   3.00000000e+00   0.00000000e+00
   2.48100000e+03]
{NOT r4 ; XOR r2, r3 ; OR r1, r4} , {NOT r4 ; AND r1, r0 ; XOR r0, r1} , {XOR r1, r3 ; XOR r0, r4 ; XOR r2, r0} , {AND r4, r1 ; OR r1, r4 ; XOR r3, r0} , {XOR r0, r4 ; NOT r3 ; XOR r2, r1} , {NOP ; NOP ; OR r3, r1}
[  3.20000000e+01  -0.00000000e+00   1.00000000e+00   1.20000000e+01
   3.00000000e+00   2.00000000e+00   3.00000000e+00   0.00000000e+00
   2.48200000e+03]
{XOR r4, r3 ; XOR r0, r3 ; XOR r2, r4} , {NOT r4 ; AND r1, r0 ; XOR r0, r1} , {XOR r1, r3 ; XOR r0, r4 ; XOR r2, r0} , {AND r4, r1 ; OR r1, r4 ; XOR r3, r0} , {XOR r0, r4 ; NOT r3 ; XOR r2, r1} , {NOP ; NOT r0 ; OR r3, r1}
[  3.20000000e+01  -0.00000000e+00   1.00000000e+00   1.20000000e+01
   3.00000000e+00   2.00000000e+00   3.00000000e+00   0.00000000e+00
   2.48400000e+03]
{MOV r3, r1 ; XOR r1, r3 ; XOR r2, r4} , {NOT r4 ; AND r1, r0 ; XOR r0, r1} , {XOR r1, r3 ; XOR r0, r4 ; XOR r2, r0} , {AND r4, r1 ; OR r1, r4 ; XOR r3, r0} , {XOR r0, r4 ; NOT r3 ; XOR r2, r1} , {NOP ; NOT r0 ; OR r3, r1}
[  3.20000000e+01  -0.00000000e+00   1.00000000e+00   1.00000000e+01
   3.00000000e+00   2.00000000e+00   3.00000000e+00   0.00000000e+00
   2.48500000e+03]
{NOT r4 ; XOR r1, r3 ; OR r3, r0} , {NOT r4 ; AND r1, r0 ; XOR r0, r1} , {XOR r1, r3 ; XOR r0, r4 ; XOR r2, r0} , {AND r4, r1 ; OR r1, r4 ; XOR r3, r0} , {XOR r0, r4 ; NOT r3 ; XOR r2, r1} , {NOP ; NOT r0 ; OR r3, r1}
[  3.20000000e+01  -0.00000000e+00   1.00000000e+00   1.20000000e+01
   3.00000000e+00   2.00000000e+00   3.00000000e+00   0.00000000e+00
   2.48600000e+03]
{MOV r4, r1 ; XOR r1, r3 ; XOR r2, r4} , {NOT r4 ; AND r1, r0 ; XOR r0, r1} , {XOR r1, r3 ; XOR r0, r4 ; XOR r2, r0} , {AND r4, r1 ; OR r1, r4 ; XOR r3, r4} , {XOR r0, r4 ; NOT r3 ; XOR r2, r1} , {NOP ; NOT r0 ; OR r3, r1}
[  3.20000000e+01  -0.00000000e+00   1.00000000e+00   1.20000000e+01
   3.00000000e+00   2.00000000e+00   3.00000000e+00   0.00000000e+00
   2.49100000e+03]
{XOR r4, r3 ; XOR r1, r3 ; XOR r2, r4} , {NOT r4 ; AND r1, r0 ; XOR r0, r1} , {XOR r1, r3 ; XOR r0, r4 ; XOR r2, r0} , {AND r4, r1 ; OR r1, r4 ; XOR r3, r0} , {XOR r0, r4 ; NOT r3 ; XOR r2, r1} , {OR r2, r2 ; NOT r0 ; OR r1, r4}
[  3.20000000e+01  -0.00000000e+00   1.00000000e+00   1.20000000e+01
   3.00000000e+00   2.00000000e+00   3.00000000e+00   0.00000000e+00
   2.49200000e+03]
{NOT r4 ; XOR r1, r3 ; OR r2, r2} , {NOT r4 ; AND r1, r0 ; XOR r0, r1} , {XOR r1, r3 ; XOR r0, r4 ; XOR r2, r0} , {AND r4, r1 ; OR r1, r4 ; XOR r3, r3} , {XOR r0, r4 ; NOT r3 ; XOR r2, r1} , {NOP ; NOT r0 ; OR r3, r1}
[  3.20000000e+01  -0.00000000e+00   1.00000000e+00   1.20000000e+01
   3.00000000e+00   2.00000000e+00   3.00000000e+00   0.00000000e+00
   2.49300000e+03]
{NOT r4 ; XOR r1, r4 ; OR r2, r2} , {NOT r4 ; AND r1, r0 ; XOR r0, r1} , {XOR r1, r3 ; XOR r0, r4 ; XOR r2, r0} , {AND r4, r1 ; OR r1, r4 ; XOR r3, r0} , {XOR r0, r4 ; NOT r3 ; XOR r2, r1} , {NOP ; NOT r0 ; OR r3, r1}
[  3.20000000e+01  -0.00000000e+00   1.00000000e+00   1.20000000e+01
   3.00000000e+00   2.00000000e+00   3.00000000e+00   0.00000000e+00
   2.49400000e+03]
{XOR r4, r3 ; XOR r1, r3 ; XOR r0, r4} , {NOT r4 ; AND r1, r0 ; XOR r0, r1} , {XOR r1, r3 ; XOR r0, r4 ; XOR r2, r0} , {AND r4, r1 ; OR r1, r4 ; XOR r3, r0} , {XOR r0, r4 ; NOT r3 ; XOR r2, r1} , {OR r2, r2 ; NOT r0 ; OR r1, r1}
[  3.20000000e+01  -0.00000000e+00   1.00000000e+00   1.20000000e+01
   3.00000000e+00   2.00000000e+00   3.00000000e+00   0.00000000e+00
   2.49600000e+03]
{MOV r4, r0 ; XOR r1, r3 ; XOR r2, r4} , {NOT r4 ; AND r1, r0 ; XOR r0, r1} , {XOR r1, r3 ; XOR r0, r4 ; XOR r2, r0} , {AND r4, r1 ; OR r1, r4 ; XOR r3, r0} , {XOR r0, r4 ; NOT r3 ; XOR r2, r1} , {NOP ; NOT r0 ; OR r3, r1}
[  3.20000000e+01  -0.00000000e+00   1.00000000e+00   1.00000000e+01
   3.00000000e+00   2.00000000e+00   3.00000000e+00   0.00000000e+00
   2.49700000e+03]
{NOT r4 ; XOR r1, r3 ; OR r3, r0} , {NOT r4 ; AND r1, r0 ; XOR r0, r1} , {XOR r1, r3 ; XOR r0, r4 ; XOR r2, r0} , {AND r4, r1 ; OR r1, r4 ; XOR r3, r4} , {XOR r0, r4 ; NOT r3 ; XOR r2, r1} , {NOP ; NOT r0 ; OR r3, r1}
[  3.20000000e+01  -0.00000000e+00   1.00000000e+00   1.20000000e+01
   3.00000000e+00   2.00000000e+00   3.00000000e+00   0.00000000e+00
   2.49800000e+03]
{NOT r4 ; XOR r1, r3 ; XOR r0, r4} , {NOT r4 ; AND r1, r0 ; XOR r0, r1} , {XOR r1, r3 ; XOR r0, r4 ; XOR r2, r0} , {AND r4, r1 ; OR r1, r4 ; XOR r3, r0} , {XOR r0, r4 ; AND r3, r0 ; XOR r2, r1} , {OR r2, r2 ; NOT r0 ; OR r1, r4}
[  3.20000000e+01  -0.00000000e+00   1.00000000e+00   1.20000000e+01
   3.00000000e+00   2.00000000e+00   3.00000000e+00   0.00000000e+00
   2.50000000e+03]
{NOT r4 ; XOR r1, r3 ; XOR r0, r4} , {NOT r4 ; AND r1, r0 ; XOR r0, r1} , {XOR r1, r3 ; XOR r0, r4 ; XOR r2, r0} , {AND r4, r1 ; OR r1, r4 ; XOR r3, r0} , {XOR r0, r4 ; NOT r3 ; XOR r2, r1} , {NOP ; NOT r0 ; OR r3, r1}
[  3.20000000e+01  -0.00000000e+00   1.00000000e+00   1.20000000e+01
   3.00000000e+00   2.00000000e+00   3.00000000e+00   0.00000000e+00
   2.50300000e+03]
{XOR r4, r3 ; XOR r1, r3 ; XOR r2, r4} , {NOT r4 ; AND r1, r0 ; XOR r0, r1} , {XOR r1, r3 ; XOR r0, r4 ; XOR r2, r0} , {AND r4, r1 ; OR r1, r4 ; XOR r3, r0} , {XOR r0, r4 ; NOT r3 ; XOR r2, r1} , {NOP ; NOT r0 ; OR r3, r1}
[  3.20000000e+01  -0.00000000e+00   1.00000000e+00   1.20000000e+01
   3.00000000e+00   2.00000000e+00   3.00000000e+00   0.00000000e+00
   2.50500000e+03]
{NOT r4 ; XOR r0, r3 ; XOR r3, r4} , {NOT r4 ; AND r1, r0 ; XOR r0, r1} , {XOR r1, r3 ; XOR r0, r4 ; XOR r2, r0} , {AND r4, r1 ; OR r1, r4 ; XOR r3, r0} , {XOR r0, r4 ; NOT r3 ; XOR r2, r1} , {NOP ; NOP ; OR r3, r1}
[  3.20000000e+01  -0.00000000e+00   1.00000000e+00   1.20000000e+01
   3.00000000e+00   2.00000000e+00   3.00000000e+00   0.00000000e+00
   2.50700000e+03]
{NOT r4 ; XOR r1, r3 ; XOR r0, r4} , {NOT r4 ; AND r1, r0 ; XOR r0, r1} , {XOR r1, r3 ; XOR r0, r4 ; XOR r2, r0} , {AND r4, r1 ; OR r1, r4 ; XOR r3, r0} , {XOR r0, r4 ; NOT r3 ; XOR r2, r1} , {NOP ; NOT r0 ; OR r1, r1}
[  3.20000000e+01  -0.00000000e+00   1.00000000e+00   1.20000000e+01
   3.00000000e+00   2.00000000e+00   3.00000000e+00   0.00000000e+00
   2.51200000e+03]
{MOV r0, r0 ; XOR r1, r3 ; XOR r2, r4} , {NOT r4 ; AND r1, r0 ; XOR r0, r1} , {XOR r1, r3 ; XOR r0, r4 ; XOR r2, r0} , {AND r4, r1 ; OR r1, r4 ; XOR r3, r0} , {XOR r0, r4 ; NOT r3 ; XOR r2, r1} , {NOP ; NOP ; OR r3, r1}
[  3.20000000e+01  -0.00000000e+00   1.00000000e+00   1.20000000e+01
   3.00000000e+00   2.00000000e+00   3.00000000e+00   0.00000000e+00
   2.51500000e+03]
{NOT r4 ; XOR r0, r3 ; OR r2, r2} , {NOT r4 ; AND r1, r0 ; XOR r0, r1} , {XOR r1, r3 ; XOR r0, r4 ; XOR r2, r0} , {AND r4, r1 ; OR r1, r4 ; XOR r3, r0} , {XOR r0, r4 ; NOT r3 ; XOR r2, r1} , {NOP ; NOT r0 ; OR r3, r1}
[  3.20000000e+01  -0.00000000e+00   1.00000000e+00   1.20000000e+01
   3.00000000e+00   2.00000000e+00   3.00000000e+00   0.00000000e+00
   2.51700000e+03]
{NOT r4 ; XOR r2, r3 ; OR r1, r4} , {NOT r4 ; AND r1, r0 ; XOR r0, r1} , {XOR r1, r3 ; XOR r0, r4 ; XOR r2, r0} , {AND r4, r1 ; OR r1, r4 ; XOR r3, r0} , {XOR r0, r4 ; NOT r3 ; XOR r2, r1} , {NOP ; NOT r0 ; OR r1, r1}
[  3.20000000e+01  -0.00000000e+00   1.00000000e+00   1.20000000e+01
   3.00000000e+00   2.00000000e+00   3.00000000e+00   0.00000000e+00
   2.51800000e+03]
{XOR r4, r3 ; XOR r1, r3 ; XOR r0, r4} , {NOT r4 ; AND r1, r0 ; XOR r0, r1} , {XOR r1, r3 ; XOR r0, r4 ; XOR r2, r0} , {AND r4, r1 ; OR r1, r4 ; XOR r3, r0} , {XOR r0, r4 ; NOT r3 ; XOR r2, r1} , {OR r2, r2 ; NOT r0 ; OR r1, r4}
[  3.20000000e+01  -0.00000000e+00   1.00000000e+00   1.20000000e+01
   3.00000000e+00   2.00000000e+00   3.00000000e+00   0.00000000e+00
   2.51900000e+03]
{NOT r4 ; XOR r1, r3 ; XOR r0, r4} , {NOT r4 ; AND r1, r0 ; XOR r0, r1} , {XOR r1, r3 ; XOR r0, r4 ; XOR r2, r0} , {AND r4, r1 ; OR r1, r4 ; XOR r3, r0} , {XOR r0, r4 ; NOT r3 ; XOR r2, r1} , {NOP ; NOT r0 ; OR r3, r1}
[  3.20000000e+01  -0.00000000e+00   1.00000000e+00   1.20000000e+01
   3.00000000e+00   2.00000000e+00   3.00000000e+00   0.00000000e+00
   2.52200000e+03]
{XOR r4, r3 ; XOR r1, r3 ; XOR r3, r4} , {NOT r4 ; AND r1, r0 ; XOR r0, r1} , {XOR r1, r3 ; XOR r0, r4 ; XOR r2, r0} , {AND r4, r1 ; OR r1, r4 ; XOR r3, r0} , {XOR r0, r4 ; NOT r3 ; XOR r2, r1} , {NOP ; NOT r0 ; OR r3, r1}
[  3.20000000e+01  -0.00000000e+00   1.00000000e+00   1.00000000e+01
   3.00000000e+00   2.00000000e+00   3.00000000e+00   0.00000000e+00
   2.52500000e+03]
{NOT r4 ; XOR r1, r3 ; OR r3, r0} , {NOT r4 ; AND r1, r0 ; XOR r0, r1} , {XOR r1, r3 ; XOR r0, r4 ; XOR r2, r0} , {AND r4, r1 ; OR r1, r4 ; XOR r3, r0} , {XOR r0, r4 ; NOT r3 ; XOR r2, r1} , {OR r2, r2 ; NOT r0 ; OR r1, r1}
[  3.20000000e+01  -0.00000000e+00   1.00000000e+00   1.10000000e+01
   3.00000000e+00   2.00000000e+00   3.00000000e+00   0.00000000e+00
   2.58200000e+03]
{AND r0, r1 ; XOR r1, r2 ; OR r4, r0} , {XOR r0, r3 ; XOR r4, r1 ; NOT r1} , {OR r0, r2 ; AND r3, r4 ; XOR r4, r0} , {XOR r4, r0 ; AND r2, r4 ; XOR r1, r4} , {XOR r0, r1 ; XOR r1, r4 ; NOT r2} , {NOP ; NOT r1 ; NOP}
[  3.20000000e+01  -0.00000000e+00   1.00000000e+00   1.10000000e+01
   3.00000000e+00   2.00000000e+00   3.00000000e+00   0.00000000e+00
   2.58400000e+03]
{AND r0, r1 ; XOR r3, r2 ; MOV r4, r0} , {XOR r0, r3 ; OR r4, r0 ; XOR r1, r0} , {OR r0, r2 ; AND r3, r3 ; XOR r4, r0} , {XOR r4, r0 ; AND r2, r4 ; XOR r1, r4} , {XOR r0, r1 ; XOR r1, r4 ; NOT r2} , {OR r2, r2 ; NOT r1 ; NOP}
[  3.20000000e+01  -0.00000000e+00   1.00000000e+00   1.10000000e+01
   3.00000000e+00   2.00000000e+00   3.00000000e+00   0.00000000e+00
   2.58500000e+03]
{AND r0, r1 ; XOR r3, r2 ; OR r4, r0} , {XOR r0, r3 ; OR r4, r0 ; XOR r1, r0} , {OR r0, r2 ; AND r3, r3 ; XOR r4, r0} , {XOR r4, r0 ; AND r2, r4 ; XOR r1, r4} , {XOR r0, r1 ; XOR r1, r4 ; NOT r2} , {OR r2, r2 ; NOT r1 ; XOR r3, r0}
[  3.20000000e+01  -0.00000000e+00   1.00000000e+00   1.10000000e+01
   3.00000000e+00   2.00000000e+00   3.00000000e+00   0.00000000e+00
   2.58700000e+03]
{AND r0, r1 ; XOR r3, r2 ; OR r4, r0} , {XOR r0, r3 ; OR r3, r0 ; XOR r1, r0} , {OR r0, r2 ; AND r3, r2 ; XOR r4, r0} , {XOR r4, r0 ; AND r2, r4 ; XOR r1, r4} , {XOR r0, r1 ; XOR r1, r4 ; NOT r2} , {NOP ; NOT r1 ; NOP}
[  3.20000000e+01  -0.00000000e+00   1.00000000e+00   1.10000000e+01
   3.00000000e+00   2.00000000e+00   3.00000000e+00   0.00000000e+00
   2.58800000e+03]
{AND r0, r1 ; XOR r3, r2 ; OR r4, r0} , {XOR r0, r3 ; OR r4, r0 ; XOR r1, r0} , {OR r0, r2 ; AND r3, r2 ; XOR r4, r0} , {XOR r4, r0 ; AND r2, r4 ; XOR r1, r4} , {XOR r0, r1 ; XOR r1, r4 ; NOT r2} , {NOP ; OR r1, r1 ; NOP}
[  3.20000000e+01  -0.00000000e+00   1.00000000e+00   1.10000000e+01
   3.00000000e+00   2.00000000e+00   3.00000000e+00   0.00000000e+00
   2.59000000e+03]
{AND r0, r1 ; XOR r3, r2 ; OR r4, r0} , {XOR r0, r3 ; OR r4, r0 ; XOR r1, r0} , {OR r0, r2 ; AND r2, r4 ; XOR r4, r0} , {XOR r4, r0 ; NOT r2 ; XOR r1, r4} , {XOR r0, r1 ; XOR r1, r4 ; NOT r2} , {NOP ; OR r1, r1 ; NOP}
[  3.20000000e+01  -0.00000000e+00   1.00000000e+00   1.10000000e+01
   3.00000000e+00   2.00000000e+00   3.00000000e+00   0.00000000e+00
   2.59100000e+03]
{AND r0, r1 ; XOR r3, r2 ; OR r4, r0} , {XOR r0, r3 ; OR r4, r0 ; XOR r1, r0} , {OR r0, r2 ; AND r3, r2 ; XOR r4, r0} , {XOR r4, r0 ; NOT r2 ; XOR r1, r4} , {XOR r0, r1 ; XOR r1, r4 ; NOT r2} , {OR r3, r3 ; NOT r1 ; NOP}
[  3.20000000e+01  -0.00000000e+00   1.00000000e+00   1.10000000e+01
   3.00000000e+00   2.00000000e+00   3.00000000e+00   0.00000000e+00
   2.59200000e+03]
{AND r0, r1 ; XOR r3, r2 ; OR r4, r0} , {XOR r0, r3 ; OR r4, r0 ; XOR r1, r0} , {OR r0, r2 ; AND r2, r4 ; XOR r4, r0} , {XOR r4, r0 ; NOT r2 ; XOR r1, r4} , {XOR r0, r1 ; XOR r1, r4 ; NOT r2} , {OR r3, r3 ; NOT r1 ; NOP}
[  3.20000000e+01  -0.00000000e+00   1.00000000e+00   1.10000000e+01
   3.00000000e+00   2.00000000e+00   3.00000000e+00   0.00000000e+00
   2.59300000e+03]
{OR r0, r1 ; XOR r3, r2 ; MOV r4, r0} , {XOR r0, r3 ; XOR r4, r1 ; NOT r1} , {OR r0, r2 ; AND r3, r4 ; XOR r4, r0} , {XOR r4, r0 ; AND r2, r4 ; XOR r3, r4} , {XOR r0, r1 ; XOR r1, r4 ; OR r2, r0} , {NOP ; NOT r3 ; NOP}
[  3.20000000e+01  -0.00000000e+00   1.00000000e+00   1.20000000e+01
   3.00000000e+00   2.00000000e+00   3.00000000e+00   0.00000000e+00
   2.59400000e+03]
{AND r0, r1 ; XOR r3, r2 ; OR r4, r0} , {XOR r0, r3 ; XOR r4, r1 ; NOT r1} , {OR r0, r2 ; AND r3, r4 ; XOR r4, r0} , {XOR r4, r0 ; AND r2, r4 ; XOR r1, r2} , {XOR r0, r1 ; XOR r1, r4 ; OR r2, r0} , {NOP ; NOT r3 ; NOP}
[  3.20000000e+01  -0.00000000e+00   1.00000000e+00   1.10000000e+01
   3.00000000e+00   2.00000000e+00   3.00000000e+00   0.00000000e+00
   2.59600000e+03]
{AND r0, r1 ; XOR r3, r2 ; OR r4, r0} , {XOR r0, r3 ; OR r4, r0 ; XOR r1, r0} , {OR r0, r2 ; AND r3, r3 ; XOR r4, r0} , {XOR r4, r0 ; AND r2, r4 ; XOR r1, r4} , {XOR r0, r1 ; XOR r1, r4 ; NOT r2} , {OR r2, r2 ; NOT r1 ; NOP}
[  3.20000000e+01  -0.00000000e+00   1.00000000e+00   1.10000000e+01
   3.00000000e+00   2.00000000e+00   3.00000000e+00   0.00000000e+00
   2.59700000e+03]
{AND r0, r1 ; XOR r3, r2 ; OR r4, r0} , {XOR r0, r3 ; OR r3, r0 ; XOR r1, r0} , {OR r0, r2 ; AND r2, r4 ; XOR r4, r0} , {XOR r4, r0 ; AND r2, r4 ; XOR r3, r4} , {XOR r0, r1 ; XOR r1, r4 ; NOT r2} , {OR r2, r2 ; NOT r1 ; XOR r3, r0}
[  3.20000000e+01  -0.00000000e+00   1.00000000e+00   1.10000000e+01
   3.00000000e+00   2.00000000e+00   3.00000000e+00   0.00000000e+00
   2.59900000e+03]
{AND r0, r1 ; XOR r3, r2 ; MOV r4, r0} , {XOR r0, r3 ; OR r4, r0 ; XOR r1, r0} , {OR r0, r2 ; AND r3, r3 ; XOR r4, r0} , {XOR r4, r0 ; AND r2, r4 ; XOR r1, r4} , {XOR r0, r1 ; XOR r1, r4 ; NOT r2} , {NOP ; NOT r1 ; NOP}
[  3.20000000e+01  -0.00000000e+00   1.00000000e+00   1.10000000e+01
   3.00000000e+00   2.00000000e+00   3.00000000e+00   0.00000000e+00
   2.60100000e+03]
{AND r0, r1 ; XOR r3, r2 ; MOV r4, r0} , {XOR r0, r3 ; XOR r4, r1 ; NOT r1} , {OR r0, r2 ; OR r3, r3 ; XOR r4, r0} , {XOR r4, r0 ; AND r2, r4 ; XOR r1, r4} , {XOR r0, r1 ; XOR r1, r4 ; NOT r2} , {NOP ; NOT r3 ; NOP}
[  3.20000000e+01  -0.00000000e+00   1.00000000e+00   1.10000000e+01
   3.00000000e+00   2.00000000e+00   3.00000000e+00   0.00000000e+00
   2.60400000e+03]
{AND r0, r1 ; XOR r3, r2 ; OR r4, r0} , {XOR r0, r3 ; OR r4, r0 ; XOR r1, r0} , {OR r0, r2 ; AND r3, r4 ; XOR r4, r0} , {XOR r4, r0 ; NOT r2 ; XOR r1, r4} , {XOR r0, r1 ; XOR r1, r4 ; NOT r2} , {OR r3, r3 ; NOT r1 ; NOP}
[  3.20000000e+01  -0.00000000e+00   1.00000000e+00   1.20000000e+01
   3.00000000e+00   2.00000000e+00   3.00000000e+00   0.00000000e+00
   2.60600000e+03]
{AND r0, r1 ; XOR r3, r2 ; OR r4, r0} , {XOR r0, r3 ; XOR r4, r1 ; NOT r1} , {OR r0, r2 ; AND r3, r4 ; XOR r4, r0} , {XOR r4, r0 ; AND r2, r4 ; XOR r1, r2} , {XOR r0, r1 ; XOR r1, r4 ; OR r2, r0} , {NOP ; NOT r3 ; NOP}
[  3.20000000e+01  -0.00000000e+00   1.00000000e+00   1.10000000e+01
   3.00000000e+00   2.00000000e+00   3.00000000e+00   0.00000000e+00
   2.60700000e+03]
{OR r0, r1 ; XOR r3, r2 ; MOV r4, r0} , {XOR r0, r3 ; XOR r4, r1 ; NOT r1} , {OR r0, r2 ; AND r3, r4 ; XOR r4, r0} , {XOR r4, r0 ; NOT r2 ; XOR r1, r4} , {XOR r0, r1 ; XOR r1, r4 ; NOT r2} , {OR r3, r3 ; NOT r1 ; NOP}
[  3.20000000e+01  -0.00000000e+00   1.00000000e+00   1.10000000e+01
   3.00000000e+00   2.00000000e+00   3.00000000e+00   0.00000000e+00
   2.60800000e+03]
{OR r0, r1 ; XOR r3, r2 ; OR r4, r0} , {XOR r0, r3 ; XOR r4, r1 ; NOT r1} , {OR r2, r2 ; AND r0, r2 ; XOR r4, r0} , {XOR r4, r0 ; AND r2, r4 ; XOR r3, r4} , {XOR r0, r1 ; XOR r1, r4 ; NOT r2} , {NOP ; NOT r3 ; NOP}
[  3.20000000e+01  -0.00000000e+00   1.00000000e+00   1.20000000e+01
   3.00000000e+00   2.00000000e+00   3.00000000e+00   0.00000000e+00
   2.60900000e+03]
{AND r0, r1 ; XOR r3, r2 ; OR r4, r0} , {XOR r0, r3 ; XOR r4, r1 ; NOT r1} , {OR r0, r2 ; AND r3, r4 ; XOR r4, r0} , {XOR r4, r0 ; AND r2, r4 ; XOR r1, r2} , {XOR r0, r1 ; XOR r1, r4 ; OR r2, r0} , {NOP ; NOT r3 ; NOP}
[  3.20000000e+01  -0.00000000e+00   1.00000000e+00   1.10000000e+01
   3.00000000e+00   2.00000000e+00   3.00000000e+00   0.00000000e+00
   2.61100000e+03]
{AND r0, r1 ; XOR r3, r2 ; OR r4, r0} , {XOR r0, r3 ; OR r4, r0 ; XOR r1, r0} , {OR r0, r2 ; AND r3, r4 ; XOR r4, r0} , {XOR r4, r0 ; AND r2, r4 ; XOR r1, r4} , {XOR r0, r1 ; XOR r1, r4 ; NOT r2} , {NOP ; NOT r1 ; NOP}
[  3.20000000e+01  -0.00000000e+00   1.00000000e+00   1.10000000e+01
   3.00000000e+00   2.00000000e+00   3.00000000e+00   0.00000000e+00
   2.61300000e+03]
{AND r0, r1 ; XOR r3, r2 ; OR r4, r0} , {XOR r0, r3 ; OR r4, r0 ; XOR r1, r0} , {OR r0, r2 ; AND r3, r2 ; XOR r4, r0} , {XOR r4, r0 ; OR r2, r4 ; XOR r1, r4} , {XOR r0, r1 ; XOR r1, r4 ; NOT r2} , {OR r2, r2 ; NOT r1 ; NOP}
[  3.20000000e+01  -0.00000000e+00   1.00000000e+00   1.10000000e+01
   3.00000000e+00   2.00000000e+00   3.00000000e+00   0.00000000e+00
   2.61400000e+03]
{AND r0, r1 ; XOR r3, r2 ; MOV r4, r0} , {XOR r0, r3 ; XOR r4, r1 ; NOT r1} , {OR r0, r2 ; OR r3, r3 ; XOR r4, r0} , {XOR r4, r0 ; AND r2, r4 ; XOR r3, r4} , {XOR r0, r1 ; XOR r1, r4 ; NOT r2} , {OR r2, r2 ; NOT r1 ; XOR r3, r0}
[  3.20000000e+01  -0.00000000e+00   1.00000000e+00   1.10000000e+01
   3.00000000e+00   2.00000000e+00   3.00000000e+00   0.00000000e+00
   2.61900000e+03]
{AND r0, r1 ; XOR r3, r2 ; MOV r4, r0} , {XOR r0, r3 ; OR r4, r0 ; XOR r1, r0} , {OR r0, r2 ; AND r3, r2 ; XOR r4, r0} , {XOR r4, r0 ; AND r2, r4 ; XOR r1, r4} , {XOR r0, r1 ; XOR r1, r4 ; OR r2, r0} , {NOP ; NOT r3 ; NOP}
[  3.20000000e+01  -0.00000000e+00   1.00000000e+00   1.10000000e+01
   3.00000000e+00   2.00000000e+00   3.00000000e+00   0.00000000e+00
   2.62000000e+03]
{AND r0, r1 ; XOR r3, r2 ; OR r4, r0} , {XOR r0, r3 ; XOR r4, r1 ; NOT r1} , {OR r0, r2 ; AND r3, r4 ; XOR r4, r0} , {XOR r4, r0 ; AND r2, r4 ; XOR r1, r4} , {XOR r0, r1 ; XOR r1, r4 ; OR r2, r0} , {NOP ; NOT r3 ; NOP}
[  3.20000000e+01  -0.00000000e+00   1.00000000e+00   1.10000000e+01
   3.00000000e+00   2.00000000e+00   3.00000000e+00   0.00000000e+00
   2.62100000e+03]
{AND r0, r1 ; XOR r3, r2 ; OR r4, r0} , {XOR r0, r3 ; OR r3, r0 ; XOR r1, r0} , {OR r0, r2 ; NOT r3 ; XOR r4, r0} , {XOR r4, r0 ; AND r2, r4 ; XOR r1, r4} , {XOR r0, r1 ; XOR r1, r4 ; OR r2, r0} , {NOP ; NOT r3 ; NOP}
[  3.20000000e+01  -0.00000000e+00   1.00000000e+00   1.10000000e+01
   3.00000000e+00   2.00000000e+00   3.00000000e+00   0.00000000e+00
   2.62200000e+03]
{AND r0, r1 ; XOR r3, r2 ; OR r4, r0} , {XOR r0, r3 ; OR r4, r0 ; XOR r1, r0} , {OR r0, r2 ; AND r3, r4 ; XOR r4, r0} , {XOR r4, r0 ; AND r2, r4 ; XOR r1, r4} , {XOR r0, r1 ; XOR r1, r4 ; NOT r2} , {NOP ; NOT r1 ; NOT r3}
[  3.20000000e+01  -0.00000000e+00   1.00000000e+00   1.10000000e+01
   3.00000000e+00   2.00000000e+00   3.00000000e+00   0.00000000e+00
   2.62300000e+03]
{AND r0, r1 ; XOR r3, r2 ; OR r4, r0} , {XOR r0, r3 ; XOR r4, r1 ; NOT r1} , {OR r0, r2 ; XOR r3, r4 ; XOR r4, r0} , {XOR r4, r0 ; AND r2, r4 ; XOR r1, r4} , {XOR r0, r1 ; XOR r1, r4 ; NOT r2} , {NOP ; NOT r1 ; NOT r3}
[  3.20000000e+01  -0.00000000e+00   1.00000000e+00   1.10000000e+01
   3.00000000e+00   2.00000000e+00   3.00000000e+00   0.00000000e+00
   2.62400000e+03]
{AND r0, r1 ; XOR r3, r2 ; OR r4, r0} , {XOR r0, r3 ; OR r4, r0 ; XOR r1, r0} , {OR r0, r2 ; AND r3, r4 ; XOR r4, r0} , {XOR r4, r0 ; AND r2, r4 ; XOR r1, r4} , {XOR r0, r1 ; XOR r1, r4 ; OR r2, r0} , {NOP ; NOT r3 ; NOP}
[  3.20000000e+01  -0.00000000e+00   1.00000000e+00   1.20000000e+01
   3.00000000e+00   2.00000000e+00   3.00000000e+00   0.00000000e+00
   2.62500000e+03]
{AND r0, r1 ; XOR r3, r2 ; OR r4, r0} , {XOR r0, r3 ; XOR r4, r1 ; AND r1, r0} , {OR r0, r2 ; AND r3, r4 ; XOR r4, r0} , {XOR r4, r0 ; AND r2, r4 ; XOR r1, r2} , {XOR r0, r1 ; XOR r1, r4 ; OR r2, r0} , {NOP ; NOT r3 ; NOP}
[  3.20000000e+01  -0.00000000e+00   1.00000000e+00   1.10000000e+01
   3.00000000e+00   2.00000000e+00   3.00000000e+00   0.00000000e+00
   2.62600000e+03]
{AND r0, r1 ; XOR r3, r2 ; OR r4, r0} , {XOR r0, r3 ; OR r4, r0 ; XOR r1, r0} , {OR r0, r2 ; OR r3, r3 ; XOR r4, r0} , {XOR r4, r0 ; AND r2, r4 ; XOR r3, r4} , {XOR r0, r1 ; XOR r1, r4 ; NOT r2} , {OR r2, r2 ; NOT r1 ; XOR r3, r0}
[  3.20000000e+01  -0.00000000e+00   1.00000000e+00   1.10000000e+01
   3.00000000e+00   2.00000000e+00   3.00000000e+00   0.00000000e+00
   2.62700000e+03]
{OR r0, r1 ; XOR r3, r2 ; MOV r4, r0} , {XOR r0, r3 ; XOR r4, r1 ; NOT r1} , {OR r0, r2 ; AND r3, r4 ; XOR r4, r0} , {XOR r4, r0 ; AND r2, r4 ; XOR r1, r4} , {XOR r0, r1 ; XOR r1, r4 ; NOT r2} , {NOP ; NOT r3 ; NOP}
[  3.20000000e+01  -0.00000000e+00   1.00000000e+00   1.10000000e+01
   3.00000000e+00   2.00000000e+00   3.00000000e+00   0.00000000e+00
   2.62800000e+03]
{OR r0, r1 ; XOR r3, r2 ; MOV r4, r0} , {XOR r0, r3 ; XOR r4, r1 ; NOT r1} , {OR r0, r2 ; AND r3, r2 ; XOR r4, r0} , {XOR r4, r0 ; AND r2, r4 ; OR r3, r4} , {XOR r0, r1 ; XOR r1, r4 ; NOT r2} , {NOP ; NOT r3 ; NOP}
[  3.20000000e+01  -0.00000000e+00   1.00000000e+00   1.10000000e+01
   3.00000000e+00   2.00000000e+00   3.00000000e+00   0.00000000e+00
   2.62900000e+03]
{AND r0, r1 ; XOR r3, r2 ; OR r4, r0} , {XOR r0, r3 ; OR r3, r0 ; XOR r1, r0} , {OR r0, r2 ; AND r3, r3 ; XOR r4, r0} , {XOR r4, r0 ; AND r2, r4 ; OR r3, r4} , {XOR r0, r1 ; XOR r1, r4 ; NOT r2} , {NOP ; NOT r3 ; NOP}
[  0.00000000e+00  -0.00000000e+00   1.00000000e+00   1.00000000e+01
   3.00000000e+00   2.00000000e+00   4.00000000e+00   0.00000000e+00
   2.63000000e+03]
{MOV r1, r1 ; NOT r4 ; XOR r0, r2} , {XOR r3, r1 ; AND r1, r1 ; AND r2, r3} , {XOR r3, r0 ; OR r1, r3 ; OR r0, r1} , {AND r0, r2 ; NOT r3 ; OR r2, r0} , {NOT r4 ; AND r1, r2 ; XOR r3, r2} , {XOR r4, r0 ; XOR r3, r0 ; NOT r1}
[  0.00000000e+00  -0.00000000e+00   1.00000000e+00   1.00000000e+01
   3.00000000e+00   2.00000000e+00   4.00000000e+00   0.00000000e+00
   2.63100000e+03]
{OR r1, r1 ; XOR r4, r0 ; XOR r0, r2} , {XOR r3, r1 ; AND r4, r0 ; AND r2, r3} , {XOR r3, r0 ; AND r1, r0 ; OR r0, r1} , {AND r0, r2 ; NOT r3 ; OR r2, r0} , {NOT r4 ; OR r2, r0 ; XOR r3, r2} , {XOR r4, r0 ; NOP ; NOT r1}
[  3.20000000e+01  -0.00000000e+00   1.00000000e+00   1.10000000e+01
   3.00000000e+00   2.00000000e+00   3.00000000e+00   0.00000000e+00
   2.63200000e+03]
{MOV r1, r1 ; OR r4, r0 ; XOR r3, r2} , {XOR r3, r1 ; OR r4, r1 ; OR r2, r3} , {AND r4, r0 ; XOR r2, r1 ; XOR r1, r4} , {AND r0, r2 ; NOT r3 ; OR r2, r0} , {NOT r4 ; AND r0, r2 ; XOR r3, r2} , {XOR r4, r0 ; OR r3, r2 ; NOT r1}
[  3.20000000e+01  -0.00000000e+00   1.00000000e+00   1.10000000e+01
   3.00000000e+00   2.00000000e+00   3.00000000e+00   0.00000000e+00
   2.63300000e+03]
{MOV r1, r1 ; OR r4, r0 ; XOR r3, r2} , {XOR r3, r1 ; OR r4, r1 ; OR r2, r3} , {AND r4, r0 ; XOR r2, r1 ; XOR r1, r4} , {AND r0, r2 ; XOR r1, r3 ; OR r2, r0} , {NOT r4 ; AND r0, r2 ; XOR r3, r2} , {XOR r4, r0 ; OR r3, r3 ; NOT r1}
[  0.00000000e+00  -0.00000000e+00   1.00000000e+00   1.00000000e+01
   3.00000000e+00   2.00000000e+00   4.00000000e+00   0.00000000e+00
   2.63500000e+03]
{MOV r1, r1 ; OR r4, r0 ; XOR r3, r2} , {XOR r3, r1 ; OR r4, r1 ; AND r2, r3} , {XOR r3, r0 ; AND r4, r1 ; OR r0, r1} , {AND r0, r2 ; NOT r3 ; OR r2, r0} , {NOT r4 ; OR r0, r0 ; XOR r3, r2} , {XOR r4, r0 ; NOP ; NOT r1}
[  0.00000000e+00  -0.00000000e+00   1.00000000e+00   1.00000000e+01
   3.00000000e+00   2.00000000e+00   4.00000000e+00   0.00000000e+00
   2.63600000e+03]
{AND r1, r1 ; XOR r4, r0 ; XOR r0, r2} , {XOR r3, r1 ; OR r4, r4 ; AND r2, r3} , {XOR r3, r0 ; OR r1, r3 ; OR r0, r1} , {AND r0, r2 ; NOT r3 ; OR r2, r0} , {NOT r4 ; AND r0, r2 ; XOR r3, r2} , {XOR r4, r0 ; XOR r3, r0 ; NOT r1}
[  0.00000000e+00  -0.00000000e+00   1.00000000e+00   1.00000000e+01
   3.00000000e+00   2.00000000e+00   4.00000000e+00   0.00000000e+00
   2.63800000e+03]
{AND r1, r1 ; XOR r4, r0 ; XOR r3, r2} , {XOR r3, r1 ; OR r4, r1 ; AND r2, r3} , {XOR r3, r0 ; AND r4, r2 ; OR r0, r1} , {AND r0, r2 ; AND r3, r3 ; OR r2, r0} , {NOT r4 ; AND r2, r2 ; XOR r3, r2} , {XOR r4, r0 ; NOP ; NOT r1}
[  0.00000000e+00  -0.00000000e+00   1.00000000e+00   1.00000000e+01
   3.00000000e+00   2.00000000e+00   4.00000000e+00   0.00000000e+00
   2.63900000e+03]
{MOV r1, r1 ; XOR r4, r0 ; XOR r0, r2} , {XOR r3, r1 ; AND r4, r0 ; AND r2, r3} , {XOR r3, r0 ; AND r1, r0 ; OR r0, r1} , {AND r0, r2 ; NOT r1 ; OR r2, r0} , {NOT r4 ; AND r0, r2 ; XOR r3, r2} , {XOR r4, r0 ; OR r3, r3 ; NOT r1}
[  0.00000000e+00  -0.00000000e+00   1.00000000e+00   1.00000000e+01
   3.00000000e+00   2.00000000e+00   4.00000000e+00   0.00000000e+00
   2.64000000e+03]
{MOV r1, r1 ; NOT r4 ; XOR r0, r2} , {XOR r3, r1 ; AND r4, r4 ; AND r2, r3} , {XOR r3, r0 ; AND r4, r3 ; OR r0, r1} , {AND r0, r2 ; NOT r1 ; OR r2, r0} , {NOT r4 ; AND r2, r2 ; XOR r3, r2} , {XOR r4, r0 ; NOP ; NOT r1}
[  0.00000000e+00  -0.00000000e+00   1.00000000e+00   1.00000000e+01
   3.00000000e+00   2.00000000e+00   4.00000000e+00   0.00000000e+00
   2.64100000e+03]
{OR r1, r1 ; OR r4, r4 ; XOR r0, r2} , {XOR r3, r1 ; AND r4, r4 ; AND r2, r3} , {XOR r3, r0 ; AND r4, r3 ; OR r0, r1} , {AND r0, r2 ; NOT r1 ; OR r2, r0} , {NOT r4 ; OR r0, r0 ; XOR r3, r2} , {XOR r4, r0 ; NOT r3 ; NOT r1}
[  0.00000000e+00  -0.00000000e+00   1.00000000e+00   1.00000000e+01
   3.00000000e+00   2.00000000e+00   4.00000000e+00   0.00000000e+00
   2.64200000e+03]
{OR r1, r1 ; NOT r2 ; XOR r0, r2} , {XOR r3, r1 ; OR r4, r1 ; AND r2, r3} , {XOR r3, r0 ; AND r4, r3 ; OR r0, r1} , {AND r0, r2 ; NOT r3 ; OR r2, r0} , {NOT r4 ; AND r0, r2 ; XOR r3, r2} , {XOR r4, r0 ; XOR r3, r3 ; NOT r1}
[  0.00000000e+00  -0.00000000e+00   1.00000000e+00   1.00000000e+01
   3.00000000e+00   2.00000000e+00   4.00000000e+00   0.00000000e+00
   2.64400000e+03]
{MOV r1, r1 ; NOT r4 ; XOR r0, r2} , {XOR r3, r1 ; OR r4, r4 ; AND r2, r3} , {XOR r3, r0 ; AND r1, r3 ; OR r0, r1} , {AND r0, r2 ; NOT r3 ; OR r2, r0} , {NOT r4 ; AND r0, r2 ; XOR r3, r2} , {XOR r4, r0 ; XOR r3, r3 ; NOT r1}
[  0.00000000e+00  -0.00000000e+00   1.00000000e+00   1.00000000e+01
   3.00000000e+00   2.00000000e+00   4.00000000e+00   0.00000000e+00
   2.64500000e+03]
{OR r1, r1 ; XOR r4, r1 ; XOR r3, r2} , {XOR r3, r1 ; NOT r4 ; AND r2, r3} , {XOR r3, r0 ; OR r1, r2 ; OR r0, r1} , {AND r0, r2 ; AND r3, r3 ; OR r2, r0} , {NOT r4 ; AND r2, r2 ; XOR r3, r2} , {XOR r4, r0 ; NOP ; NOT r1}
[  0.00000000e+00  -0.00000000e+00   1.00000000e+00   1.00000000e+01
   3.00000000e+00   2.00000000e+00   4.00000000e+00   0.00000000e+00
   2.64900000e+03]
{OR r1, r1 ; NOT r4 ; XOR r0, r2} , {XOR r3, r1 ; OR r4, r1 ; AND r2, r3} , {XOR r3, r0 ; OR r1, r3 ; OR r0, r1} , {AND r0, r2 ; NOT r3 ; OR r2, r0} , {NOT r4 ; AND r0, r2 ; XOR r3, r2} , {XOR r4, r0 ; XOR r3, r0 ; NOT r1}
[  0.00000000e+00  -0.00000000e+00   1.00000000e+00   1.00000000e+01
   3.00000000e+00   2.00000000e+00   4.00000000e+00   0.00000000e+00
   2.65000000e+03]
{NOT r1 ; XOR r4, r0 ; XOR r0, r2} , {XOR r3, r1 ; AND r1, r1 ; AND r2, r3} , {XOR r3, r0 ; AND r4, r3 ; OR r0, r1} , {AND r0, r2 ; NOT r3 ; OR r2, r0} , {NOT r4 ; AND r0, r2 ; XOR r3, r2} , {XOR r4, r0 ; XOR r3, r3 ; NOT r1}
[  3.20000000e+01  -0.00000000e+00   1.00000000e+00   1.10000000e+01
   3.00000000e+00   2.00000000e+00   3.00000000e+00   0.00000000e+00
   2.65200000e+03]
{MOV r1, r1 ; OR r4, r0 ; XOR r3, r2} , {XOR r3, r1 ; AND r4, r1 ; OR r2, r3} , {AND r4, r0 ; XOR r2, r1 ; XOR r1, r4} , {AND r0, r2 ; NOT r3 ; OR r2, r0} , {NOT r4 ; AND r0, r2 ; XOR r3, r2} , {XOR r4, r0 ; OR r3, r3 ; NOT r1}
[  0.00000000e+00  -0.00000000e+00   1.00000000e+00   1.00000000e+01
   3.00000000e+00   2.00000000e+00   4.00000000e+00   0.00000000e+00
   2.65300000e+03]
{MOV r1, r1 ; NOT r4 ; XOR r0, r2} , {XOR r3, r1 ; AND r1, r1 ; AND r2, r3} , {XOR r3, r0 ; AND r1, r3 ; OR r0, r1} , {AND r0, r2 ; NOT r3 ; OR r2, r0} , {NOT r4 ; OR r2, r0 ; XOR r3, r2} , {XOR r4, r0 ; NOP ; NOT r1}
[  0.00000000e+00  -0.00000000e+00   1.00000000e+00   1.00000000e+01
   3.00000000e+00   2.00000000e+00   4.00000000e+00   0.00000000e+00
   2.65400000e+03]
{NOT r1 ; NOT r4 ; XOR r3, r2} , {XOR r0, r1 ; OR r1, r0 ; AND r2, r3} , {XOR r3, r0 ; OR r1, r2 ; OR r0, r1} , {AND r0, r2 ; NOT r3 ; OR r2, r0} , {NOT r4 ; AND r0, r2 ; XOR r3, r2} , {XOR r4, r0 ; XOR r3, r3 ; NOT r1}
[  0.00000000e+00  -0.00000000e+00   1.00000000e+00   1.00000000e+01
   3.00000000e+00   2.00000000e+00   4.00000000e+00   0.00000000e+00
   2.65700000e+03]
{NOT r1 ; NOT r4 ; XOR r3, r2} , {XOR r0, r1 ; OR r1, r0 ; AND r2, r3} , {XOR r3, r0 ; OR r1, r2 ; OR r0, r1} , {AND r0, r2 ; AND r3, r3 ; OR r2, r0} , {NOT r4 ; AND r2, r2 ; XOR r3, r2} , {XOR r4, r0 ; NOP ; NOT r1}
[  0.00000000e+00  -0.00000000e+00   1.00000000e+00   1.00000000e+01
   3.00000000e+00   2.00000000e+00   4.00000000e+00   0.00000000e+00
   2.66100000e+03]
{MOV r1, r1 ; NOT r4 ; XOR r0, r2} , {XOR r3, r1 ; AND r1, r1 ; AND r2, r3} , {XOR r3, r0 ; AND r4, r3 ; OR r0, r1} , {AND r0, r2 ; NOT r3 ; OR r2, r0} , {NOT r4 ; AND r0, r2 ; XOR r3, r2} , {XOR r4, r0 ; XOR r3, r3 ; NOT r1}
[  0.00000000e+00  -0.00000000e+00   1.00000000e+00   1.00000000e+01
   3.00000000e+00   2.00000000e+00   4.00000000e+00   0.00000000e+00
   2.66200000e+03]
{MOV r1, r1 ; XOR r4, r0 ; XOR r0, r2} , {XOR r3, r1 ; OR r1, r0 ; AND r2, r3} , {XOR r3, r0 ; AND r4, r3 ; OR r0, r1} , {AND r0, r2 ; AND r3, r3 ; OR r2, r0} , {NOT r4 ; AND r0, r2 ; XOR r3, r2} , {XOR r4, r0 ; NOP ; NOT r1}
[  0.00000000e+00  -0.00000000e+00   1.00000000e+00   1.00000000e+01
   3.00000000e+00   2.00000000e+00   4.00000000e+00   0.00000000e+00
   2.66400000e+03]
{MOV r1, r1 ; XOR r4, r0 ; XOR r0, r2} , {XOR r3, r1 ; OR r4, r1 ; AND r2, r3} , {XOR r3, r0 ; AND r1, r3 ; OR r0, r1} , {AND r0, r2 ; NOT r3 ; OR r2, r0} , {NOT r4 ; OR r2, r0 ; XOR r3, r2} , {XOR r4, r0 ; NOP ; NOT r1}
[  3.20000000e+01  -0.00000000e+00   1.00000000e+00   1.10000000e+01
   3.00000000e+00   2.00000000e+00   3.00000000e+00   0.00000000e+00
   2.66500000e+03]
{MOV r1, r1 ; OR r4, r0 ; XOR r3, r2} , {XOR r3, r1 ; AND r4, r3 ; OR r2, r3} , {AND r4, r0 ; XOR r2, r1 ; XOR r1, r4} , {AND r0, r2 ; NOT r3 ; OR r2, r0} , {NOT r4 ; OR r2, r2 ; XOR r3, r2} , {XOR r4, r0 ; NOP ; NOT r1}
[  0.00000000e+00  -0.00000000e+00   1.00000000e+00   1.00000000e+01
   3.00000000e+00   2.00000000e+00   4.00000000e+00   0.00000000e+00
   2.66600000e+03]
{MOV r1, r1 ; XOR r4, r0 ; XOR r0, r2} , {XOR r3, r1 ; AND r4, r0 ; AND r2, r3} , {XOR r3, r0 ; AND r1, r0 ; OR r0, r1} , {AND r0, r2 ; NOT r3 ; OR r2, r0} , {NOT r4 ; AND r0, r2 ; XOR r3, r2} , {XOR r4, r0 ; OR r3, r3 ; NOT r1}
[  3.20000000e+01  -0.00000000e+00   1.00000000e+00   1.10000000e+01
   3.00000000e+00   2.00000000e+00   3.00000000e+00   0.00000000e+00
   2.66700000e+03]
{OR r1, r1 ; OR r4, r4 ; XOR r3, r2} , {XOR r3, r1 ; OR r1, r4 ; AND r2, r3} , {NOT r4 ; XOR r2, r1 ; XOR r0, r3} , {AND r0, r2 ; NOT r3 ; OR r2, r0} , {NOT r4 ; OR r2, r2 ; XOR r3, r2} , {XOR r4, r0 ; NOP ; NOT r1}
[  0.00000000e+00  -0.00000000e+00   1.00000000e+00   1.00000000e+01
   3.00000000e+00   2.00000000e+00   4.00000000e+00   0.00000000e+00
   2.66800000e+03]
{MOV r1, r1 ; XOR r4, r0 ; XOR r3, r2} , {XOR r3, r1 ; AND r4, r3 ; AND r2, r2} , {XOR r3, r0 ; AND r2, r3 ; OR r0, r1} , {AND r0, r2 ; XOR r1, r3 ; OR r2, r0} , {NOT r4 ; AND r1, r2 ; XOR r3, r2} , {XOR r4, r0 ; XOR r3, r0 ; NOT r1}
[  3.20000000e+01  -0.00000000e+00   1.00000000e+00   1.10000000e+01
   3.00000000e+00   2.00000000e+00   3.00000000e+00   0.00000000e+00
   2.66900000e+03]
{OR r1, r1 ; OR r4, r4 ; XOR r3, r2} , {XOR r3, r1 ; OR r1, r4 ; AND r2, r3} , {NOT r4 ; XOR r2, r1 ; XOR r0, r3} , {AND r0, r2 ; NOT r3 ; OR r2, r0} , {AND r4, r3 ; OR r0, r0 ; XOR r3, r2} , {XOR r4, r0 ; NOP ; NOT r1}
[  3.20000000e+01  -0.00000000e+00   1.00000000e+00   1.10000000e+01
   3.00000000e+00   2.00000000e+00   3.00000000e+00   0.00000000e+00
   2.67000000e+03]
{MOV r1, r0 ; XOR r0, r1 ; XOR r3, r2} , {XOR r3, r1 ; NOT r4 ; AND r2, r3} , {NOT r4 ; XOR r2, r1 ; XOR r0, r1} , {AND r0, r2 ; NOT r3 ; OR r2, r0} , {NOT r4 ; AND r0, r0 ; XOR r3, r2} , {XOR r4, r0 ; NOP ; NOT r1}
[  0.00000000e+00  -0.00000000e+00   1.00000000e+00   1.00000000e+01
   3.00000000e+00   2.00000000e+00   4.00000000e+00   0.00000000e+00
   2.67100000e+03]
{AND r1, r1 ; XOR r4, r0 ; XOR r0, r2} , {XOR r3, r1 ; OR r4, r4 ; AND r2, r3} , {XOR r3, r0 ; OR r1, r3 ; OR r0, r1} , {AND r0, r2 ; XOR r1, r3 ; OR r2, r0} , {NOT r4 ; AND r0, r2 ; XOR r3, r2} , {XOR r4, r0 ; OR r3, r3 ; NOT r1}
[  0.00000000e+00  -0.00000000e+00   1.00000000e+00   1.00000000e+01
   3.00000000e+00   2.00000000e+00   4.00000000e+00   0.00000000e+00
   2.67300000e+03]
{NOT r1 ; NOT r4 ; XOR r0, r2} , {XOR r3, r1 ; OR r4, r1 ; AND r2, r3} , {XOR r3, r0 ; OR r1, r3 ; OR r0, r1} , {AND r0, r2 ; NOT r3 ; OR r2, r0} , {NOT r4 ; AND r2, r2 ; XOR r3, r2} , {XOR r4, r0 ; NOP ; NOT r1}
[  3.20000000e+01  -0.00000000e+00   1.00000000e+00   1.10000000e+01
   3.00000000e+00   2.00000000e+00   3.00000000e+00   0.00000000e+00
   2.67500000e+03]
{MOV r1, r0 ; XOR r0, r1 ; XOR r3, r2} , {XOR r3, r1 ; NOT r4 ; AND r2, r3} , {NOT r4 ; XOR r2, r1 ; XOR r0, r1} , {AND r0, r2 ; NOT r3 ; OR r2, r0} , {NOT r4 ; AND r0, r0 ; XOR r3, r2} , {XOR r4, r0 ; NOP ; NOT r1}
[  3.20000000e+01  -0.00000000e+00   1.00000000e+00   1.10000000e+01
   3.00000000e+00   2.00000000e+00   3.00000000e+00   0.00000000e+00
   2.67600000e+03]
{MOV r1, r1 ; OR r4, r0 ; XOR r3, r2} , {XOR r3, r1 ; OR r4, r1 ; OR r2, r3} , {AND r4, r0 ; XOR r2, r1 ; XOR r1, r4} , {AND r0, r2 ; NOT r1 ; OR r2, r0} , {NOT r4 ; AND r2, r2 ; XOR r3, r2} , {XOR r4, r0 ; NOP ; NOT r1}
[  6.40000000e+01  -0.00000000e+00   2.00000000e+00   1.10000000e+01
   3.00000000e+00   2.00000000e+00   2.00000000e+00   0.00000000e+00
   2.67900000e+03]
{MOV r1, r1 ; NOT r4 ; XOR r0, r2} , {XOR r3, r1 ; AND r1, r1 ; AND r2, r3} , {XOR r3, r0 ; AND r4, r3 ; OR r0, r1} , {XOR r0, r2 ; XOR r2, r4 ; OR r1, r0} , {NOT r4 ; AND r2, r2 ; XOR r3, r2} , {XOR r4, r0 ; NOP ; NOT r1}
[  0.00000000e+00  -0.00000000e+00   1.00000000e+00   1.05000000e+01
   3.00000000e+00   2.00000000e+00   4.00000000e+00   0.00000000e+00
   2.75300000e+03]
{XOR r0, r3 ; MOV r1, r1 ; MOV r4, r0} , {NOT r0 ; AND r4, r2 ; XOR r1, r0} , {OR r1, r0 ; AND r3, r1 ; XOR r0, r1} , {AND r4, r3 ; NOT r2 ; OR r3, r4} , {NOT r1 ; XOR r0, r3 ; OR r3, r0} , {XOR r0, r2 ; NOT r1 ; OR r2, r4}
[  0.00000000e+00  -0.00000000e+00   1.00000000e+00   1.05000000e+01
   3.00000000e+00   2.00000000e+00   4.00000000e+00   0.00000000e+00
   2.77100000e+03]
{XOR r2, r3 ; MOV r1, r1 ; OR r4, r0} , {NOT r0 ; AND r4, r2 ; XOR r1, r0} , {XOR r1, r3 ; AND r3, r1 ; XOR r0, r1} , {AND r4, r3 ; NOT r2 ; OR r3, r4} , {NOT r1 ; XOR r0, r3 ; OR r3, r0} , {XOR r0, r2 ; NOT r1 ; OR r2, r4}
[  0.00000000e+00  -0.00000000e+00   1.00000000e+00   1.05000000e+01
   3.00000000e+00   2.00000000e+00   4.00000000e+00   0.00000000e+00
   2.78800000e+03]
{AND r4, r1 ; OR r0, r2 ; XOR r2, r0} , {OR r4, r2 ; OR r2, r0 ; NOT r0} , {OR r3, r3 ; AND r1, r0 ; OR r0, r1} , {XOR r0, r4 ; OR r1, r2 ; AND r2, r1} , {OR r3, r3 ; AND r0, r0 ; NOT r4} , {AND r2, r2 ; XOR r1, r0 ; XOR r0, r2}
[  3.20000000e+01  -0.00000000e+00   1.00000000e+00   1.00000000e+01
   3.00000000e+00   2.00000000e+00   3.00000000e+00   0.00000000e+00
   2.82100000e+03]
{XOR r0, r2 ; XOR r1, r0 ; NOT r2} , {OR r4, r2 ; OR r2, r0 ; NOT r0} , {OR r3, r0 ; XOR r2, r0 ; XOR r0, r1} , {XOR r0, r4 ; OR r1, r2 ; AND r2, r1} , {OR r3, r3 ; AND r0, r0 ; NOT r4} , {AND r2, r2 ; XOR r1, r0 ; XOR r0, r2}
[  3.20000000e+01  -0.00000000e+00   1.00000000e+00   1.30000000e+01
   3.00000000e+00   2.00000000e+00   3.00000000e+00   0.00000000e+00
   2.93100000e+03]
{OR r0, r3 ; XOR r4, r2 ; XOR r3, r0} , {OR r0, r3 ; XOR r1, r0 ; XOR r3, r4} , {AND r2, r2 ; OR r3, r1 ; NOT r4} , {XOR r2, r1 ; XOR r4, r0 ; XOR r0, r2} , {NOT r1 ; XOR r2, r3 ; XOR r0, r3} , {XOR r4, r1 ; NOP ; XOR r0, r4}
[  3.20000000e+01  -0.00000000e+00   1.00000000e+00   1.25000000e+01
   3.00000000e+00   2.00000000e+00   3.00000000e+00   0.00000000e+00
   2.94000000e+03]
{OR r0, r3 ; XOR r4, r2 ; XOR r3, r0} , {OR r0, r3 ; XOR r1, r0 ; XOR r3, r4} , {AND r2, r2 ; OR r3, r1 ; NOT r4} , {XOR r2, r1 ; XOR r3, r0 ; XOR r0, r2} , {NOT r1 ; XOR r2, r3 ; XOR r0, r3} , {XOR r4, r1 ; NOP ; XOR r0, r4}
[  3.20000000e+01  -0.00000000e+00   1.00000000e+00   1.15000000e+01
   3.00000000e+00   2.00000000e+00   3.00000000e+00   0.00000000e+00
   3.11400000e+03]
{AND r4, r3 ; OR r2, r1 ; XOR r3, r2} , {OR r4, r4 ; XOR r0, r2 ; XOR r3, r1} , {OR r2, r2 ; XOR r3, r0 ; NOT r1} , {AND r1, r1 ; AND r3, r1 ; XOR r0, r1} , {XOR r4, r3 ; NOT r3 ; XOR r0, r3} , {NOP ; XOR r1, r4 ; XOR r2, r4}
[  0.00000000e+00  -0.00000000e+00  -0.00000000e+00   1.40000000e+01
   3.00000000e+00   3.00000000e+00   2.00000000e+00   0.00000000e+00
   3.13000000e+03]
{AND r4, r0 ; XOR r3, r2 ; XOR r0, r1} , {OR r2, r4 ; AND r3, r0 ; XOR r1, r3} , {XOR r3, r2 ; OR r2, r2 ; OR r0, r0} , {NOT r4 ; AND r1, r1 ; OR r2, r0} , {XOR r4, r3 ; NOT r2 ; XOR r0, r3} , {NOP ; XOR r1, r4 ; XOR r2, r4}
[  3.20000000e+01  -0.00000000e+00   1.00000000e+00   1.15000000e+01
   3.00000000e+00   2.00000000e+00   3.00000000e+00   0.00000000e+00
   3.13900000e+03]
{AND r4, r3 ; OR r2, r1 ; XOR r3, r2} , {OR r4, r4 ; XOR r0, r2 ; XOR r3, r1} , {OR r2, r2 ; XOR r3, r0 ; NOT r1} , {AND r1, r1 ; AND r3, r1 ; XOR r0, r1} , {XOR r4, r3 ; AND r3, r0 ; XOR r0, r3} , {NOP ; XOR r1, r4 ; XOR r2, r4}
[  0.00000000e+00  -0.00000000e+00  -0.00000000e+00   1.40000000e+01
   3.00000000e+00   3.00000000e+00   2.00000000e+00   0.00000000e+00
   3.14600000e+03]
{AND r4, r0 ; XOR r3, r2 ; XOR r0, r1} , {OR r2, r4 ; AND r3, r0 ; XOR r1, r3} , {XOR r3, r2 ; OR r2, r1 ; OR r0, r0} , {NOT r4 ; NOT r1 ; XOR r0, r1} , {XOR r4, r3 ; NOT r2 ; XOR r0, r3} , {NOP ; XOR r1, r4 ; XOR r2, r4}
[  3.20000000e+01  -0.00000000e+00   1.00000000e+00   1.20000000e+01
   3.00000000e+00   2.00000000e+00   3.00000000e+00   0.00000000e+00
   3.16100000e+03]
{XOR r0, r2 ; MOV r4, r3 ; OR r3, r2} , {NOT r2 ; NOT r3 ; XOR r0, r3} , {OR r2, r4 ; AND r0, r1 ; OR r1, r0} , {OR r2, r4 ; XOR r0, r3 ; XOR r1, r2} , {NOT r3 ; OR r4, r3 ; XOR r1, r3} , {XOR r2, r1 ; OR r3, r2 ; XOR r4, r0}
[  3.20000000e+01  -0.00000000e+00   1.00000000e+00   1.20000000e+01
   3.00000000e+00   2.00000000e+00   3.00000000e+00   0.00000000e+00
   3.19200000e+03]
{XOR r0, r2 ; MOV r4, r3 ; OR r3, r2} , {NOT r2 ; NOT r3 ; XOR r0, r3} , {OR r2, r4 ; AND r0, r1 ; OR r1, r0} , {OR r2, r4 ; XOR r0, r3 ; XOR r1, r2} , {AND r3, r4 ; OR r4, r3 ; XOR r1, r3} , {XOR r2, r1 ; OR r3, r2 ; XOR r4, r0}
[  3.20000000e+01  -0.00000000e+00   1.00000000e+00   1.10000000e+01
   3.00000000e+00   2.00000000e+00   3.00000000e+00   0.00000000e+00
   3.21900000e+03]
{XOR r2, r3 ; OR r1, r0 ; AND r0, r1} , {OR r1, r0 ; XOR r0, r2 ; XOR r2, r1} , {NOT r0 ; OR r2, r3 ; NOT r1} , {NOT r3 ; XOR r0, r2 ; XOR r1, r2} , {NOT r4 ; AND r1, r1 ; XOR r3, r1} , {AND r3, r1 ; NOT r0 ; NOP}
[  3.20000000e+01  -0.00000000e+00   1.00000000e+00   1.10000000e+01
   3.00000000e+00   2.00000000e+00   3.00000000e+00   0.00000000e+00
   3.24700000e+03]
{XOR r2, r3 ; OR r1, r0 ; AND r0, r1} , {OR r1, r0 ; XOR r0, r2 ; XOR r2, r1} , {NOT r0 ; OR r2, r3 ; NOT r1} , {NOT r3 ; XOR r0, r2 ; XOR r1, r2} , {NOT r4 ; NOT r1 ; XOR r3, r1} , {AND r3, r1 ; NOT r0 ; NOP}
[  3.20000000e+01  -0.00000000e+00   1.00000000e+00   1.00000000e+01
   3.00000000e+00   2.00000000e+00   3.00000000e+00   0.00000000e+00
   3.26900000e+03]
{XOR r1, r3 ; XOR r2, r1 ; NOT r4} , {AND r0, r1 ; XOR r4, r0 ; OR r2, r0} , {AND r3, r0 ; XOR r2, r3 ; NOT r0} , {AND r4, r1 ; XOR r1, r4 ; AND r0, r2} , {XOR r4, r3 ; NOT r0 ; XOR r2, r3} , {NOT r3 ; XOR r1, r2 ; XOR r0, r4}
[  6.40000000e+01  -0.00000000e+00   2.00000000e+00   1.10000000e+01
   3.00000000e+00   2.00000000e+00   2.00000000e+00   0.00000000e+00
   3.27700000e+03]
{XOR r1, r3 ; XOR r2, r1 ; NOT r4} , {XOR r0, r1 ; XOR r4, r0 ; OR r2, r0} , {AND r3, r0 ; XOR r2, r3 ; NOT r0} , {AND r4, r1 ; XOR r1, r4 ; XOR r0, r2} , {XOR r4, r3 ; NOT r0 ; XOR r2, r3} , {NOT r2 ; XOR r1, r2 ; XOR r0, r4}
[  0.00000000e+00   1.35614383e+00   1.41503751e+00   1.05000000e+01
   1.00000000e+00   1.00000000e+00   4.00000000e+00   0.00000000e+00
   3.29000000e+03]
{XOR r1, r3 ; NOT r2 ; OR r4, r2} , {NOT r4 ; XOR r1, r4 ; NOT r0} , {AND r3, r2 ; AND r4, r1 ; XOR r2, r4} , {OR r2, r1 ; AND r0, r1 ; AND r1, r3} , {OR r4, r3 ; NOT r1 ; OR r2, r3} , {NOT r3 ; XOR r1, r2 ; XOR r0, r2}
[  0.00000000e+00  -0.00000000e+00  -0.00000000e+00   1.40000000e+01
   3.00000000e+00   3.00000000e+00   2.00000000e+00   0.00000000e+00
   3.29400000e+03]
{XOR r1, r3 ; NOT r3 ; MOV r4, r2} , {XOR r3, r1 ; XOR r4, r1 ; XOR r2, r0} , {OR r3, r1 ; XOR r2, r3 ; OR r0, r3} , {OR r1, r1 ; XOR r2, r4 ; XOR r0, r3} , {XOR r4, r3 ; NOT r0 ; XOR r2, r3} , {NOT r3 ; XOR r1, r2 ; XOR r0, r4}
[  3.20000000e+01  -0.00000000e+00   1.00000000e+00   1.00000000e+01
   3.00000000e+00   2.00000000e+00   3.00000000e+00   0.00000000e+00
   3.30100000e+03]
{XOR r1, r3 ; XOR r2, r1 ; NOT r4} , {AND r0, r1 ; XOR r4, r0 ; OR r2, r0} , {AND r3, r0 ; XOR r2, r3 ; NOT r0} , {AND r4, r1 ; XOR r1, r4 ; XOR r0, r2} , {XOR r4, r3 ; NOT r0 ; XOR r2, r3} , {NOT r2 ; XOR r1, r2 ; XOR r0, r4}
[  3.20000000e+01  -0.00000000e+00   1.00000000e+00   1.15000000e+01
   3.00000000e+00   2.00000000e+00   3.00000000e+00   0.00000000e+00
   3.33900000e+03]
{XOR r0, r1 ; OR r1, r0 ; OR r4, r3} , {XOR r2, r0 ; XOR r3, r1 ; NOT r0} , {OR r2, r3 ; XOR r0, r0 ; AND r3, r2} , {XOR r0, r3 ; XOR r1, r0 ; NOT r3} , {XOR r4, r2 ; AND r2, r3 ; XOR r0, r1} , {NOP ; XOR r1, r0 ; XOR r2, r0}
[  3.20000000e+01  -0.00000000e+00   1.00000000e+00   1.10000000e+01
   3.00000000e+00   2.00000000e+00   3.00000000e+00   0.00000000e+00
   3.41100000e+03]
{AND r2, r0 ; OR r0, r2 ; XOR r1, r3} , {XOR r2, r1 ; AND r4, r4 ; XOR r3, r2} , {AND r0, r0 ; AND r1, r3 ; XOR r4, r2} , {XOR r1, r3 ; OR r2, r4 ; OR r3, r2} , {AND r3, r0 ; OR r2, r2 ; XOR r0, r1} , {XOR r0, r2 ; XOR r2, r1 ; NOT r4}
[  3.20000000e+01  -0.00000000e+00   1.00000000e+00   1.10000000e+01
   3.00000000e+00   2.00000000e+00   3.00000000e+00   0.00000000e+00
   3.42500000e+03]
{AND r2, r0 ; OR r0, r2 ; XOR r1, r3} , {XOR r2, r1 ; AND r4, r4 ; XOR r3, r2} , {AND r0, r0 ; AND r1, r3 ; XOR r4, r2} , {XOR r1, r3 ; OR r4, r4 ; OR r3, r2} , {AND r3, r0 ; OR r2, r2 ; XOR r0, r1} , {XOR r0, r2 ; XOR r2, r1 ; NOT r4}
[  3.20000000e+01  -0.00000000e+00   1.00000000e+00   1.10000000e+01
   3.00000000e+00   2.00000000e+00   3.00000000e+00   0.00000000e+00
   3.42700000e+03]
{AND r2, r0 ; OR r0, r2 ; XOR r1, r3} , {XOR r2, r1 ; OR r4, r3 ; XOR r3, r2} , {AND r0, r0 ; AND r1, r3 ; XOR r4, r2} , {AND r1, r3 ; OR r4, r4 ; OR r3, r2} , {AND r3, r0 ; OR r2, r2 ; XOR r0, r1} , {XOR r0, r2 ; XOR r2, r1 ; NOT r4}
[  3.20000000e+01  -0.00000000e+00   1.00000000e+00   1.10000000e+01
   3.00000000e+00   2.00000000e+00   3.00000000e+00   0.00000000e+00
   3.43200000e+03]
{AND r2, r0 ; OR r0, r2 ; XOR r1, r3} , {XOR r2, r1 ; AND r4, r4 ; XOR r3, r2} , {AND r0, r0 ; AND r1, r3 ; XOR r4, r2} , {XOR r1, r3 ; OR r4, r4 ; OR r3, r4} , {AND r3, r0 ; OR r2, r2 ; XOR r0, r1} , {XOR r0, r2 ; XOR r2, r1 ; NOT r4}
[  3.20000000e+01  -0.00000000e+00   1.00000000e+00   1.10000000e+01
   3.00000000e+00   2.00000000e+00   3.00000000e+00   0.00000000e+00
   3.44000000e+03]
{AND r2, r0 ; OR r0, r2 ; XOR r1, r3} , {XOR r2, r1 ; AND r4, r3 ; XOR r3, r2} , {AND r0, r0 ; AND r1, r3 ; XOR r4, r2} , {XOR r1, r3 ; OR r4, r4 ; OR r3, r2} , {AND r3, r0 ; OR r2, r2 ; XOR r0, r1} , {XOR r0, r2 ; XOR r2, r1 ; NOT r4}
[  3.20000000e+01  -0.00000000e+00   1.00000000e+00   1.10000000e+01
   3.00000000e+00   2.00000000e+00   3.00000000e+00   0.00000000e+00
   3.59700000e+03]
{XOR r3, r0 ; XOR r2, r1 ; AND r1, r2} , {AND r0, r1 ; XOR r2, r3 ; OR r3, r0} , {XOR r0, r3 ; XOR r4, r2 ; NOT r3} , {XOR r0, r2 ; NOT r4 ; NOT r2} , {XOR r2, r4 ; NOT r0 ; OR r1, r1} , {NOT r0 ; XOR r1, r0 ; NOP}
[  0.00000000e+00  -0.00000000e+00  -0.00000000e+00   1.40000000e+01
   3.00000000e+00   3.00000000e+00   2.00000000e+00   0.00000000e+00
   3.60100000e+03]
{MOV r4, r1 ; NOT r0 ; XOR r1, r0} , {AND r0, r1 ; XOR r4, r3 ; XOR r3, r0} , {XOR r0, r3 ; XOR r4, r2 ; XOR r2, r3} , {XOR r0, r2 ; NOT r4 ; NOT r2} , {XOR r2, r4 ; AND r3, r0 ; OR r4, r4} , {NOT r3 ; XOR r1, r0 ; OR r4, r4}
[  0.00000000e+00   1.35614383e+00   2.00000000e+00   1.12500000e+01
   0.00000000e+00   2.00000000e+00   4.00000000e+00   0.00000000e+00
   3.62000000e+03]
{AND r1, r3 ; NOT r4 ; XOR r3, r1} , {XOR r2, r3 ; XOR r1, r3 ; OR r3, r0} , {XOR r1, r2 ; OR r4, r2 ; XOR r0, r1} , {XOR r2, r3 ; XOR r4, r3 ; OR r1, r0} , {AND r0, r2 ; OR r3, r2 ; AND r1, r3} , {OR r2, r4 ; XOR r0, r1 ; AND r4, r3}
[  3.20000000e+01  -0.00000000e+00   1.00000000e+00   1.20000000e+01
   3.00000000e+00   2.00000000e+00   3.00000000e+00   0.00000000e+00
   3.67400000e+03]
{AND r1, r2 ; XOR r3, r1 ; XOR r4, r1} , {XOR r1, r0 ; NOT r0 ; XOR r2, r3} , {NOT r4 ; OR r3, r1 ; XOR r0, r1} , {XOR r3, r4 ; OR r4, r1 ; OR r1, r0} , {AND r1, r0 ; NOT r3 ; XOR r2, r4} , {XOR r1, r2 ; XOR r0, r4 ; XOR r3, r4}
[  3.20000000e+01  -0.00000000e+00   1.00000000e+00   1.20000000e+01
   3.00000000e+00   2.00000000e+00   3.00000000e+00   0.00000000e+00
   3.67600000e+03]
{AND r0, r2 ; XOR r3, r0 ; OR r4, r3} , {XOR r1, r0 ; NOT r0 ; XOR r2, r3} , {NOT r4 ; OR r3, r1 ; XOR r0, r1} , {XOR r3, r4 ; OR r4, r1 ; OR r1, r0} , {AND r1, r0 ; NOT r3 ; XOR r2, r4} , {XOR r1, r2 ; XOR r0, r4 ; XOR r3, r4}
[  3.20000000e+01  -0.00000000e+00   1.00000000e+00   1.20000000e+01
   3.00000000e+00   2.00000000e+00   3.00000000e+00   0.00000000e+00
   3.67700000e+03]
{OR r0, r2 ; XOR r3, r0 ; OR r4, r3} , {XOR r1, r0 ; AND r0, r2 ; XOR r2, r3} , {NOT r4 ; NOT r3 ; XOR r0, r1} , {XOR r3, r4 ; OR r4, r1 ; OR r1, r0} , {AND r1, r0 ; NOT r3 ; XOR r2, r4} , {XOR r1, r2 ; XOR r0, r4 ; XOR r3, r4}
[  3.20000000e+01  -0.00000000e+00   1.00000000e+00   1.20000000e+01
   3.00000000e+00   2.00000000e+00   3.00000000e+00   0.00000000e+00
   3.68400000e+03]
{OR r0, r2 ; XOR r3, r0 ; XOR r2, r3} , {XOR r1, r0 ; NOT r0 ; XOR r2, r3} , {OR r4, r3 ; AND r3, r1 ; XOR r0, r1} , {AND r3, r4 ; OR r4, r1 ; NOT r1} , {AND r0, r0 ; OR r3, r4 ; XOR r2, r4} , {XOR r1, r2 ; XOR r0, r4 ; OR r3, r4}
[  3.20000000e+01  -0.00000000e+00   1.00000000e+00   1.20000000e+01
   3.00000000e+00   2.00000000e+00   3.00000000e+00   0.00000000e+00
   3.68700000e+03]
{AND r1, r2 ; XOR r3, r1 ; MOV r4, r1} , {XOR r1, r0 ; NOT r0 ; XOR r2, r3} , {NOT r4 ; NOT r3 ; XOR r0, r1} , {XOR r3, r4 ; OR r4, r1 ; OR r1, r0} , {AND r1, r0 ; NOT r3 ; XOR r2, r4} , {XOR r1, r2 ; XOR r0, r4 ; XOR r3, r3}
[  3.20000000e+01  -0.00000000e+00   1.00000000e+00   1.20000000e+01
   3.00000000e+00   2.00000000e+00   3.00000000e+00   0.00000000e+00
   3.68900000e+03]
{AND r1, r2 ; XOR r3, r1 ; MOV r4, r1} , {XOR r1, r0 ; NOT r0 ; XOR r2, r3} , {NOT r4 ; NOT r3 ; XOR r0, r1} , {XOR r3, r4 ; OR r4, r1 ; OR r1, r0} , {AND r1, r0 ; XOR r3, r4 ; XOR r2, r4} , {XOR r1, r2 ; XOR r0, r4 ; XOR r3, r3}
[  3.20000000e+01  -0.00000000e+00   1.00000000e+00   1.20000000e+01
   3.00000000e+00   2.00000000e+00   3.00000000e+00   0.00000000e+00
   3.69100000e+03]
{OR r0, r2 ; XOR r3, r0 ; OR r4, r3} , {XOR r1, r0 ; NOT r0 ; XOR r2, r3} , {NOT r4 ; NOT r3 ; XOR r0, r1} , {OR r3, r4 ; OR r4, r1 ; OR r1, r0} , {AND r1, r0 ; AND r3, r4 ; XOR r2, r4} , {XOR r1, r2 ; XOR r0, r4 ; XOR r3, r4}
[  3.20000000e+01  -0.00000000e+00   1.00000000e+00   1.20000000e+01
   3.00000000e+00   2.00000000e+00   3.00000000e+00   0.00000000e+00
   3.69400000e+03]
{AND r0, r2 ; XOR r2, r0 ; OR r4, r0} , {XOR r1, r0 ; NOT r0 ; XOR r2, r3} , {NOT r4 ; NOT r3 ; XOR r0, r1} , {XOR r3, r4 ; OR r4, r1 ; OR r1, r0} , {AND r1, r0 ; NOT r3 ; XOR r2, r4} , {XOR r1, r2 ; XOR r0, r4 ; XOR r3, r4}
[  0.00000000e+00   8.30075026e-01   1.41503751e+00   1.07500000e+01
   1.00000000e+00   2.00000000e+00   4.00000000e+00   0.00000000e+00
   3.69500000e+03]
{OR r0, r2 ; XOR r3, r0 ; MOV r4, r3} , {XOR r1, r0 ; NOT r0 ; XOR r2, r3} , {AND r4, r2 ; AND r3, r1 ; AND r0, r1} , {XOR r2, r3 ; OR r4, r3 ; OR r0, r2} , {AND r4, r2 ; XOR r3, r4 ; XOR r2, r4} , {XOR r1, r2 ; XOR r0, r4 ; NOT r3}
[  3.20000000e+01   2.00000000e+00   1.00000000e+00   1.10000000e+01
   2.00000000e+00   1.00000000e+00   3.00000000e+00   0.00000000e+00
   3.75600000e+03]
{NOT r0 ; XOR r1, r4 ; XOR r2, r3} , {XOR r1, r2 ; XOR r4, r1 ; AND r2, r3} , {AND r2, r3 ; OR r4, r1 ; XOR r0, r2} , {AND r2, r3 ; OR r1, r0 ; OR r3, r1} , {XOR r1, r3 ; AND r3, r3 ; NOT r2} , {XOR r4, r2 ; NOP ; XOR r0, r2}
[  3.20000000e+01  -0.00000000e+00   1.00000000e+00   1.00000000e+01
   3.00000000e+00   2.00000000e+00   3.00000000e+00   0.00000000e+00
   3.77500000e+03]
{AND r0, r0 ; OR r1, r4 ; XOR r2, r3} , {XOR r1, r2 ; AND r3, r1 ; AND r2, r3} , {NOT r2 ; NOT r4 ; XOR r0, r2} , {OR r2, r4 ; AND r1, r0 ; XOR r0, r1} , {XOR r1, r2 ; AND r3, r3 ; NOT r2} , {AND r4, r0 ; XOR r3, r3 ; XOR r0, r2}
[  3.20000000e+01   2.00000000e+00   1.00000000e+00   1.10000000e+01
   2.00000000e+00   1.00000000e+00   3.00000000e+00   0.00000000e+00
   3.77800000e+03]
{MOV r0, r0 ; OR r1, r4 ; XOR r2, r3} , {XOR r1, r2 ; XOR r4, r1 ; AND r2, r3} , {AND r2, r3 ; OR r4, r1 ; XOR r0, r2} , {AND r2, r3 ; OR r1, r0 ; OR r3, r1} , {XOR r1, r3 ; AND r3, r3 ; NOT r2} , {XOR r4, r2 ; NOP ; XOR r0, r2}
[  3.20000000e+01  -0.00000000e+00   1.00000000e+00   1.00000000e+01
   3.00000000e+00   2.00000000e+00   3.00000000e+00   0.00000000e+00
   3.78100000e+03]
{XOR r0, r2 ; OR r2, r0 ; OR r3, r3} , {XOR r1, r0 ; OR r4, r1 ; XOR r0, r3} , {NOT r2 ; NOT r4 ; XOR r0, r2} , {OR r2, r4 ; AND r1, r0 ; XOR r0, r1} , {XOR r1, r2 ; AND r3, r3 ; NOT r2} , {AND r4, r0 ; XOR r3, r3 ; XOR r0, r2}
[  3.20000000e+01   2.00000000e+00   1.00000000e+00   1.10000000e+01
   2.00000000e+00   1.00000000e+00   3.00000000e+00   0.00000000e+00
   3.78600000e+03]
{AND r0, r0 ; XOR r1, r4 ; XOR r2, r3} , {XOR r1, r2 ; XOR r4, r1 ; AND r2, r3} , {AND r3, r3 ; OR r4, r1 ; XOR r0, r2} , {AND r2, r3 ; OR r1, r0 ; OR r3, r1} , {XOR r1, r3 ; AND r3, r3 ; NOT r2} , {XOR r4, r2 ; NOP ; XOR r0, r2}
[  3.20000000e+01   2.00000000e+00   1.00000000e+00   1.10000000e+01
   2.00000000e+00   1.00000000e+00   3.00000000e+00   0.00000000e+00
   3.79900000e+03]
{AND r4, r0 ; XOR r1, r4 ; XOR r2, r3} , {XOR r1, r2 ; XOR r4, r1 ; AND r2, r3} , {AND r2, r3 ; OR r4, r1 ; XOR r0, r2} , {AND r2, r3 ; OR r1, r0 ; OR r3, r1} , {XOR r1, r3 ; AND r3, r3 ; NOT r2} , {XOR r4, r1 ; NOP ; XOR r0, r2}
[  0.00000000e+00  -0.00000000e+00  -0.00000000e+00   1.40000000e+01
   3.00000000e+00   3.00000000e+00   2.00000000e+00   0.00000000e+00
   3.90000000e+03]
{XOR r0, r2 ; NOT r2 ; MOV r4, r2} , {XOR r4, r3 ; XOR r2, r0 ; XOR r1, r0} , {XOR r4, r0 ; AND r3, r1 ; OR r0, r1} , {XOR r2, r3 ; AND r3, r1 ; AND r0, r3} , {NOT r0 ; XOR r1, r2 ; NOT r4} , {XOR r4, r1 ; NOT r0 ; XOR r2, r4}
[  3.20000000e+01  -0.00000000e+00   1.00000000e+00   1.00000000e+01
   3.00000000e+00   2.00000000e+00   3.00000000e+00   0.00000000e+00
   3.90100000e+03]
{XOR r1, r2 ; OR r2, r1 ; MOV r4, r2} , {XOR r0, r3 ; XOR r2, r3 ; XOR r1, r0} , {NOT r4 ; AND r2, r1 ; OR r0, r3} , {XOR r2, r1 ; XOR r3, r0 ; AND r1, r1} , {NOT r0 ; XOR r1, r2 ; AND r4, r4} , {XOR r4, r1 ; NOT r0 ; XOR r2, r4}
[  0.00000000e+00  -0.00000000e+00  -0.00000000e+00   1.40000000e+01
   3.00000000e+00   3.00000000e+00   2.00000000e+00   0.00000000e+00
   3.90400000e+03]
{XOR r0, r2 ; NOT r2 ; MOV r4, r1} , {XOR r4, r3 ; XOR r2, r3 ; XOR r1, r0} , {AND r0, r4 ; AND r3, r1 ; AND r1, r1} , {XOR r2, r3 ; XOR r3, r1 ; AND r1, r1} , {NOT r0 ; XOR r1, r2 ; AND r4, r4} , {XOR r4, r1 ; NOT r0 ; XOR r2, r4}
[  3.20000000e+01  -0.00000000e+00   1.00000000e+00   1.00000000e+01
   3.00000000e+00   2.00000000e+00   3.00000000e+00   0.00000000e+00
   3.90800000e+03]
{XOR r1, r2 ; OR r2, r1 ; MOV r4, r2} , {XOR r0, r3 ; XOR r2, r3 ; XOR r1, r0} , {NOT r4 ; AND r2, r1 ; OR r0, r3} , {XOR r2, r1 ; XOR r3, r1 ; AND r1, r1} , {OR r0, r2 ; XOR r1, r2 ; NOT r4} , {XOR r4, r1 ; NOT r0 ; XOR r2, r4}
[  3.20000000e+01  -0.00000000e+00   1.00000000e+00   1.00000000e+01
   3.00000000e+00   2.00000000e+00   3.00000000e+00   0.00000000e+00
   3.91700000e+03]
{XOR r0, r2 ; OR r2, r1 ; MOV r4, r2} , {XOR r4, r3 ; XOR r2, r3 ; XOR r1, r0} , {NOT r4 ; AND r2, r1 ; OR r0, r3} , {XOR r2, r1 ; XOR r4, r1 ; AND r1, r1} , {NOT r0 ; XOR r1, r2 ; NOT r4} , {XOR r4, r1 ; NOT r0 ; XOR r2, r4}
[  3.20000000e+01  -0.00000000e+00   1.00000000e+00   1.20000000e+01
   3.00000000e+00   2.00000000e+00   3.00000000e+00   0.00000000e+00
   3.92000000e+03]
{XOR r0, r2 ; OR r2, r1 ; MOV r4, r0} , {XOR r4, r3 ; XOR r2, r3 ; XOR r1, r0} , {NOT r4 ; AND r2, r1 ; AND r0, r3} , {XOR r2, r3 ; AND r3, r4 ; AND r0, r3} , {NOT r0 ; XOR r1, r2 ; OR r3, r4} , {XOR r4, r1 ; NOP ; XOR r2, r4}
[  3.10000000e+01   8.30075026e-01   1.00000000e+00   1.10000000e+01
   2.00000000e+00   2.00000000e+00   3.00000000e+00   0.00000000e+00
   3.92300000e+03]
{OR r4, r1 ; XOR r0, r3 ; XOR r1, r4} , {XOR r0, r2 ; XOR r1, r0 ; NOT r2} , {XOR r4, r0 ; AND r3, r1 ; OR r0, r1} , {OR r2, r3 ; AND r4, r0 ; NOT r0} , {XOR r3, r2 ; XOR r4, r2 ; XOR r1, r0} , {XOR r0, r4 ; XOR r1, r3 ; AND r3, r0}
[  0.00000000e+00  -0.00000000e+00  -0.00000000e+00   1.40000000e+01
   3.00000000e+00   3.00000000e+00   2.00000000e+00   0.00000000e+00
   3.94100000e+03]
{XOR r0, r2 ; NOT r2 ; MOV r4, r1} , {XOR r4, r3 ; XOR r2, r3 ; XOR r1, r0} , {AND r0, r4 ; AND r3, r1 ; AND r1, r1} , {XOR r2, r3 ; AND r3, r4 ; AND r0, r3} , {NOT r0 ; XOR r1, r2 ; NOT r4} , {XOR r4, r1 ; NOT r0 ; XOR r2, r4}
[  3.20000000e+01  -0.00000000e+00   1.00000000e+00   1.00000000e+01
   3.00000000e+00   2.00000000e+00   3.00000000e+00   0.00000000e+00
   3.95100000e+03]
{AND r3, r0 ; NOT r4 ; XOR r2, r3} , {OR r1, r0 ; NOT r4 ; XOR r3, r1} , {AND r4, r1 ; OR r2, r3 ; XOR r0, r4} , {AND r3, r0 ; XOR r1, r2 ; NOT r4} , {XOR r2, r0 ; XOR r0, r3 ; XOR r3, r0} , {XOR r4, r1 ; XOR r0, r4 ; NOT r2}
[  3.20000000e+01  -0.00000000e+00   1.00000000e+00   1.00000000e+01
   3.00000000e+00   2.00000000e+00   3.00000000e+00   0.00000000e+00
   3.96800000e+03]
{AND r3, r0 ; NOT r4 ; XOR r2, r3} , {OR r1, r0 ; NOT r4 ; XOR r3, r1} , {AND r4, r1 ; OR r2, r3 ; XOR r0, r4} , {AND r3, r0 ; XOR r1, r2 ; NOT r4} , {XOR r2, r0 ; XOR r0, r3 ; XOR r3, r0} , {XOR r4, r1 ; XOR r0, r4 ; NOT r2}
[  3.20000000e+01  -0.00000000e+00   1.00000000e+00   1.00000000e+01
   3.00000000e+00   2.00000000e+00   3.00000000e+00   0.00000000e+00
   4.08200000e+03]
{AND r4, r0 ; XOR r2, r1 ; NOT r0} , {AND r2, r3 ; NOT r4 ; XOR r3, r2} , {XOR r2, r1 ; XOR r3, r0 ; XOR r4, r0} , {OR r2, r3 ; NOT r0 ; NOT r4} , {NOT r1 ; XOR r0, r2 ; AND r4, r3} , {XOR r1, r4 ; NOP ; AND r2, r2}
[  3.20000000e+01  -0.00000000e+00   1.00000000e+00   1.00000000e+01
   3.00000000e+00   2.00000000e+00   3.00000000e+00   0.00000000e+00
   4.08400000e+03]
{AND r4, r2 ; XOR r3, r4 ; NOT r0} , {AND r2, r3 ; NOT r4 ; XOR r0, r2} , {XOR r2, r1 ; XOR r3, r0 ; NOT r1} , {OR r2, r3 ; NOT r0 ; NOT r4} , {NOT r1 ; XOR r0, r2 ; AND r4, r3} , {XOR r1, r4 ; NOP ; NOT r3}
[  3.20000000e+01  -0.00000000e+00   1.00000000e+00   1.00000000e+01
   3.00000000e+00   2.00000000e+00   3.00000000e+00   0.00000000e+00
   4.08500000e+03]
{AND r4, r0 ; XOR r2, r1 ; NOT r0} , {OR r2, r3 ; XOR r4, r3 ; XOR r0, r2} , {XOR r2, r1 ; XOR r3, r0 ; XOR r0, r1} , {OR r2, r3 ; NOT r0 ; XOR r4, r2} , {NOT r1 ; XOR r0, r2 ; AND r4, r3} , {XOR r1, r4 ; NOP ; AND r2, r2}
[  3.20000000e+01  -0.00000000e+00   1.00000000e+00   1.00000000e+01
   3.00000000e+00   2.00000000e+00   3.00000000e+00   0.00000000e+00
   4.08600000e+03]
{XOR r4, r3 ; XOR r3, r1 ; AND r0, r0} , {AND r2, r3 ; AND r4, r3 ; XOR r3, r2} , {XOR r2, r1 ; XOR r3, r0 ; NOT r1} , {OR r2, r3 ; NOT r0 ; NOT r4} , {NOT r1 ; XOR r0, r2 ; AND r4, r2} , {XOR r1, r4 ; NOP ; NOP}
[  3.20000000e+01  -0.00000000e+00   1.00000000e+00   1.00000000e+01
   3.00000000e+00   2.00000000e+00   3.00000000e+00   0.00000000e+00
   4.08700000e+03]
{AND r4, r0 ; XOR r3, r1 ; NOT r0} , {AND r2, r3 ; NOT r4 ; XOR r0, r2} , {XOR r2, r1 ; XOR r3, r0 ; XOR r4, r4} , {OR r2, r3 ; NOT r0 ; NOT r4} , {NOT r1 ; XOR r0, r2 ; AND r4, r3} , {XOR r1, r4 ; NOP ; OR r3, r3}
[  3.20000000e+01  -0.00000000e+00   1.00000000e+00   1.00000000e+01
   3.00000000e+00   2.00000000e+00   3.00000000e+00   0.00000000e+00
   4.08800000e+03]
{AND r4, r0 ; XOR r2, r1 ; NOT r0} , {AND r2, r3 ; NOT r4 ; XOR r0, r2} , {XOR r2, r1 ; XOR r3, r0 ; XOR r4, r1} , {OR r2, r3 ; NOT r0 ; NOT r4} , {NOT r1 ; XOR r0, r2 ; AND r4, r2} , {XOR r1, r4 ; NOP ; AND r3, r2}
[  3.20000000e+01  -0.00000000e+00   1.00000000e+00   1.00000000e+01
   3.00000000e+00   2.00000000e+00   3.00000000e+00   0.00000000e+00
   4.08900000e+03]
{AND r4, r0 ; XOR r2, r1 ; NOT r0} , {AND r2, r3 ; NOT r4 ; XOR r3, r2} , {XOR r2, r1 ; XOR r3, r0 ; XOR r0, r1} , {OR r2, r3 ; NOT r0 ; XOR r4, r2} , {NOT r1 ; XOR r0, r2 ; AND r4, r3} , {XOR r1, r4 ; NOP ; AND r2, r2}
[  3.20000000e+01  -0.00000000e+00   1.00000000e+00   1.00000000e+01
   3.00000000e+00   2.00000000e+00   3.00000000e+00   0.00000000e+00
   4.09000000e+03]
{AND r4, r0 ; XOR r3, r1 ; NOT r0} , {AND r2, r3 ; NOT r4 ; XOR r3, r2} , {XOR r2, r1 ; XOR r3, r0 ; XOR r1, r0} , {OR r2, r3 ; NOT r0 ; NOT r4} , {NOT r1 ; XOR r0, r2 ; AND r4, r3} , {XOR r1, r4 ; NOP ; AND r2, r2}
[  3.20000000e+01  -0.00000000e+00   1.00000000e+00   1.00000000e+01
   3.00000000e+00   2.00000000e+00   3.00000000e+00   0.00000000e+00
   4.09100000e+03]
{AND r4, r0 ; XOR r2, r1 ; NOT r0} , {AND r2, r3 ; NOT r4 ; XOR r3, r2} , {XOR r2, r1 ; XOR r3, r0 ; XOR r4, r4} , {OR r2, r3 ; NOT r0 ; XOR r4, r2} , {NOT r1 ; XOR r0, r2 ; AND r4, r3} , {XOR r1, r4 ; NOP ; OR r3, r2}
[  3.20000000e+01  -0.00000000e+00   1.00000000e+00   1.00000000e+01
   3.00000000e+00   2.00000000e+00   3.00000000e+00   0.00000000e+00
   4.09300000e+03]
{AND r4, r4 ; XOR r3, r1 ; NOT r0} , {OR r2, r3 ; AND r4, r0 ; XOR r0, r2} , {XOR r2, r1 ; XOR r3, r0 ; XOR r0, r0} , {OR r2, r3 ; NOT r0 ; XOR r4, r2} , {NOT r1 ; XOR r0, r2 ; AND r4, r3} , {XOR r1, r4 ; NOP ; NOP}
[  3.20000000e+01  -0.00000000e+00   1.00000000e+00   1.00000000e+01
   3.00000000e+00   2.00000000e+00   3.00000000e+00   0.00000000e+00
   4.09400000e+03]
{XOR r4, r3 ; XOR r3, r1 ; AND r0, r0} , {AND r2, r3 ; AND r4, r3 ; XOR r3, r2} , {XOR r2, r1 ; XOR r3, r0 ; XOR r1, r4} , {OR r2, r3 ; NOT r0 ; NOT r4} , {NOT r1 ; XOR r0, r2 ; AND r4, r2} , {XOR r1, r4 ; NOP ; NOP}
[  3.20000000e+01  -0.00000000e+00   1.00000000e+00   1.00000000e+01
   3.00000000e+00   2.00000000e+00   3.00000000e+00   0.00000000e+00
   4.09500000e+03]
{AND r4, r3 ; XOR r3, r1 ; NOT r0} , {AND r2, r0 ; NOT r4 ; XOR r3, r2} , {XOR r2, r1 ; XOR r3, r0 ; OR r4, r1} , {OR r2, r3 ; NOT r0 ; NOT r4} , {NOT r1 ; XOR r0, r2 ; AND r4, r3} , {XOR r1, r4 ; NOP ; OR r2, r2}
[  3.20000000e+01  -0.00000000e+00   1.00000000e+00   1.00000000e+01
   3.00000000e+00   2.00000000e+00   3.00000000e+00   0.00000000e+00
   4.09600000e+03]
{AND r4, r1 ; XOR r3, r1 ; NOT r0} , {AND r2, r3 ; AND r4, r3 ; XOR r3, r2} , {XOR r2, r1 ; XOR r3, r0 ; XOR r0, r1} , {OR r2, r3 ; NOT r0 ; NOT r4} , {NOT r1 ; XOR r0, r2 ; AND r4, r2} , {XOR r1, r4 ; NOP ; AND r3, r2}
[  3.20000000e+01  -0.00000000e+00   1.00000000e+00   1.00000000e+01
   3.00000000e+00   2.00000000e+00   3.00000000e+00   0.00000000e+00
   4.09700000e+03]
{AND r4, r0 ; AND r3, r3 ; NOT r0} , {AND r2, r0 ; NOT r4 ; XOR r3, r2} , {XOR r2, r1 ; XOR r3, r0 ; XOR r0, r1} , {OR r2, r3 ; NOT r0 ; XOR r4, r2} , {NOT r1 ; XOR r0, r2 ; AND r4, r3} , {XOR r1, r4 ; NOP ; NOT r3}
[  3.20000000e+01  -0.00000000e+00   1.00000000e+00   1.20000000e+01
   3.00000000e+00   2.00000000e+00   3.00000000e+00   0.00000000e+00
   4.09800000e+03]
{AND r4, r0 ; XOR r3, r1 ; MOV r0, r0} , {AND r2, r0 ; NOT r4 ; XOR r3, r2} , {XOR r2, r1 ; XOR r3, r0 ; XOR r0, r1} , {OR r2, r4 ; NOT r0 ; NOT r4} , {NOT r1 ; XOR r0, r2 ; AND r4, r2} , {XOR r1, r4 ; NOP ; AND r3, r2}
[  3.20000000e+01  -0.00000000e+00   1.00000000e+00   1.00000000e+01
   3.00000000e+00   2.00000000e+00   3.00000000e+00   0.00000000e+00
   4.09900000e+03]
{AND r2, r2 ; XOR r3, r4 ; OR r0, r0} , {AND r2, r3 ; NOT r4 ; XOR r0, r2} , {XOR r2, r1 ; XOR r3, r0 ; XOR r1, r1} , {OR r2, r3 ; NOT r0 ; NOT r4} , {NOT r1 ; XOR r0, r2 ; AND r4, r3} , {XOR r1, r4 ; NOP ; AND r2, r2}
[  3.20000000e+01  -0.00000000e+00   1.00000000e+00   1.00000000e+01
   3.00000000e+00   2.00000000e+00   3.00000000e+00   0.00000000e+00
   4.10000000e+03]
{AND r4, r0 ; XOR r3, r1 ; AND r0, r0} , {AND r2, r3 ; NOT r4 ; XOR r3, r2} , {XOR r2, r1 ; XOR r3, r0 ; OR r1, r1} , {OR r2, r3 ; NOT r0 ; NOT r4} , {NOT r1 ; XOR r0, r2 ; AND r4, r2} , {XOR r1, r4 ; NOP ; NOP}
[  3.20000000e+01  -0.00000000e+00   1.00000000e+00   1.00000000e+01
   3.00000000e+00   2.00000000e+00   3.00000000e+00   0.00000000e+00
   4.10100000e+03]
{AND r4, r0 ; XOR r2, r1 ; NOT r0} , {AND r2, r3 ; NOT r4 ; XOR r3, r2} , {XOR r2, r1 ; XOR r3, r0 ; XOR r4, r0} , {OR r2, r3 ; NOT r0 ; NOT r4} , {NOT r1 ; XOR r0, r2 ; AND r4, r3} , {XOR r1, r4 ; NOP ; AND r2, r2}
[  3.20000000e+01  -0.00000000e+00   1.00000000e+00   1.00000000e+01
   3.00000000e+00   2.00000000e+00   3.00000000e+00   0.00000000e+00
   4.10200000e+03]
{AND r4, r0 ; XOR r3, r1 ; NOT r0} , {AND r2, r3 ; NOT r4 ; XOR r0, r2} , {XOR r2, r1 ; XOR r3, r0 ; XOR r4, r0} , {OR r2, r3 ; NOT r0 ; NOT r4} , {NOT r1 ; XOR r0, r2 ; AND r4, r3} , {XOR r1, r4 ; NOP ; OR r3, r3}
[  3.20000000e+01  -0.00000000e+00   1.00000000e+00   1.00000000e+01
   3.00000000e+00   2.00000000e+00   3.00000000e+00   0.00000000e+00
   4.10300000e+03]
{AND r4, r1 ; XOR r3, r1 ; NOT r0} , {AND r2, r3 ; AND r4, r3 ; XOR r3, r2} , {XOR r2, r1 ; XOR r3, r0 ; XOR r0, r1} , {OR r2, r3 ; NOT r0 ; XOR r4, r2} , {NOT r1 ; XOR r0, r2 ; AND r4, r3} , {XOR r1, r4 ; NOP ; AND r2, r2}
[  3.20000000e+01  -0.00000000e+00   1.00000000e+00   1.00000000e+01
   3.00000000e+00   2.00000000e+00   3.00000000e+00   0.00000000e+00
   4.10400000e+03]
{AND r4, r0 ; XOR r2, r1 ; NOT r0} , {OR r2, r3 ; XOR r4, r3 ; XOR r0, r2} , {XOR r2, r1 ; XOR r3, r0 ; XOR r0, r1} , {OR r2, r3 ; NOT r0 ; XOR r4, r2} , {NOT r1 ; XOR r0, r2 ; AND r4, r3} , {XOR r1, r4 ; NOP ; NOP}
[  3.20000000e+01  -0.00000000e+00   1.00000000e+00   1.00000000e+01
   3.00000000e+00   2.00000000e+00   3.00000000e+00   0.00000000e+00
   4.10500000e+03]
{AND r4, r0 ; XOR r3, r1 ; NOT r0} , {AND r2, r0 ; NOT r3 ; XOR r0, r2} , {XOR r2, r1 ; XOR r3, r0 ; XOR r4, r4} , {OR r2, r3 ; NOT r0 ; OR r4, r2} , {NOT r1 ; XOR r0, r2 ; AND r4, r3} , {XOR r1, r4 ; NOP ; NOP}
[  3.20000000e+01  -0.00000000e+00   1.00000000e+00   1.00000000e+01
   3.00000000e+00   2.00000000e+00   3.00000000e+00   0.00000000e+00
   4.10600000e+03]
{AND r4, r0 ; XOR r3, r1 ; MOV r0, r0} , {AND r2, r3 ; NOT r4 ; XOR r3, r2} , {XOR r2, r1 ; XOR r3, r0 ; OR r4, r4} , {OR r2, r3 ; NOT r0 ; NOT r4} , {NOT r1 ; XOR r0, r2 ; AND r4, r2} , {XOR r1, r4 ; NOP ; NOP}
[  3.20000000e+01  -0.00000000e+00   1.00000000e+00   1.00000000e+01
   3.00000000e+00   2.00000000e+00   3.00000000e+00   0.00000000e+00
   4.10700000e+03]
{AND r4, r0 ; XOR r2, r1 ; NOT r0} , {OR r2, r3 ; AND r4, r3 ; XOR r0, r2} , {XOR r2, r1 ; XOR r3, r0 ; XOR r0, r1} , {OR r2, r3 ; NOT r0 ; XOR r4, r2} , {NOT r1 ; XOR r0, r2 ; AND r4, r3} , {XOR r1, r4 ; NOP ; NOP}
[  3.20000000e+01  -0.00000000e+00   1.00000000e+00   1.00000000e+01
   3.00000000e+00   2.00000000e+00   3.00000000e+00   0.00000000e+00
   4.10800000e+03]
{AND r4, r0 ; XOR r2, r1 ; NOT r0} , {AND r2, r0 ; NOT r4 ; XOR r3, r2} , {XOR r2, r1 ; XOR r3, r0 ; XOR r0, r1} , {OR r2, r3 ; NOT r0 ; XOR r4, r2} , {NOT r1 ; XOR r0, r2 ; AND r4, r3} , {XOR r1, r4 ; NOP ; NOP}
[  3.20000000e+01  -0.00000000e+00   1.00000000e+00   1.00000000e+01
   3.00000000e+00   2.00000000e+00   3.00000000e+00   0.00000000e+00
   4.10900000e+03]
{AND r4, r0 ; XOR r3, r1 ; MOV r0, r0} , {AND r2, r0 ; NOT r4 ; XOR r3, r2} , {XOR r2, r1 ; XOR r3, r0 ; XOR r0, r1} , {OR r2, r3 ; NOT r0 ; XOR r4, r2} , {NOT r1 ; XOR r0, r2 ; AND r4, r3} , {XOR r1, r4 ; NOP ; XOR r3, r3}
[  3.20000000e+01  -0.00000000e+00   1.00000000e+00   1.00000000e+01
   3.00000000e+00   2.00000000e+00   3.00000000e+00   0.00000000e+00
   4.11000000e+03]
{AND r4, r0 ; XOR r3, r1 ; MOV r0, r0} , {AND r2, r3 ; NOT r4 ; XOR r3, r2} , {XOR r2, r1 ; XOR r3, r0 ; OR r4, r4} , {OR r2, r3 ; NOT r0 ; NOT r4} , {NOT r1 ; XOR r0, r2 ; AND r4, r3} , {XOR r1, r4 ; NOP ; AND r2, r2}
[  3.20000000e+01  -0.00000000e+00   1.00000000e+00   1.00000000e+01
   3.00000000e+00   2.00000000e+00   3.00000000e+00   0.00000000e+00
   4.11200000e+03]
{AND r4, r0 ; XOR r3, r1 ; NOT r0} , {AND r2, r3 ; NOT r4 ; XOR r0, r2} , {XOR r2, r1 ; XOR r3, r0 ; XOR r4, r0} , {OR r2, r3 ; NOT r0 ; NOT r4} , {NOT r1 ; XOR r0, r2 ; AND r4, r3} , {XOR r1, r4 ; NOP ; XOR r3, r3}
[  3.20000000e+01  -0.00000000e+00   1.00000000e+00   1.00000000e+01
   3.00000000e+00   2.00000000e+00   3.00000000e+00   0.00000000e+00
   4.11300000e+03]
{XOR r4, r0 ; XOR r3, r1 ; AND r0, r0} , {AND r2, r3 ; NOT r4 ; XOR r3, r2} , {XOR r2, r1 ; XOR r3, r0 ; OR r4, r4} , {OR r2, r3 ; NOT r0 ; NOT r4} , {NOT r1 ; XOR r0, r2 ; AND r4, r2} , {XOR r1, r4 ; NOP ; NOP}
[  0.00000000e+00  -0.00000000e+00   1.00000000e+00   1.05000000e+01
   3.00000000e+00   2.00000000e+00   4.00000000e+00   0.00000000e+00
   4.11400000e+03]
{AND r4, r0 ; XOR r3, r1 ; NOT r0} , {AND r2, r3 ; NOT r4 ; XOR r3, r2} , {OR r2, r1 ; XOR r3, r0 ; OR r4, r0} , {OR r2, r0 ; NOT r0 ; OR r3, r2} , {NOT r1 ; XOR r0, r2 ; AND r4, r3} , {XOR r1, r4 ; NOP ; OR r3, r3}
[  3.20000000e+01  -0.00000000e+00   1.00000000e+00   1.00000000e+01
   3.00000000e+00   2.00000000e+00   3.00000000e+00   0.00000000e+00
   4.11500000e+03]
{XOR r4, r0 ; XOR r3, r1 ; AND r0, r0} , {AND r2, r3 ; NOT r4 ; XOR r3, r2} , {XOR r2, r1 ; XOR r3, r0 ; XOR r0, r1} , {OR r2, r3 ; NOT r0 ; NOT r4} , {NOT r1 ; XOR r0, r2 ; AND r4, r3} , {XOR r1, r4 ; NOP ; OR r3, r3}
[  3.20000000e+01  -0.00000000e+00   1.00000000e+00   1.00000000e+01
   3.00000000e+00   2.00000000e+00   3.00000000e+00   0.00000000e+00
   4.11600000e+03]
{AND r4, r0 ; XOR r3, r1 ; MOV r0, r0} , {AND r2, r3 ; NOT r4 ; XOR r0, r2} , {XOR r2, r1 ; XOR r3, r0 ; OR r1, r0} , {OR r2, r3 ; NOT r0 ; NOT r4} , {NOT r1 ; XOR r0, r2 ; AND r4, r3} , {XOR r1, r4 ; NOP ; OR r3, r3}
[  3.20000000e+01  -0.00000000e+00   1.00000000e+00   1.00000000e+01
   3.00000000e+00   2.00000000e+00   3.00000000e+00   0.00000000e+00
   4.11700000e+03]
{AND r4, r0 ; XOR r3, r1 ; NOT r0} , {AND r2, r3 ; NOT r4 ; XOR r0, r2} , {XOR r2, r1 ; XOR r3, r0 ; XOR r0, r1} , {OR r2, r3 ; NOT r0 ; NOT r4} , {NOT r1 ; XOR r0, r2 ; AND r4, r3} , {XOR r1, r4 ; NOP ; OR r3, r3}
[  3.20000000e+01  -0.00000000e+00   1.00000000e+00   1.20000000e+01
   3.00000000e+00   2.00000000e+00   3.00000000e+00   0.00000000e+00
   4.11800000e+03]
{AND r4, r2 ; XOR r3, r1 ; NOT r0} , {AND r2, r3 ; NOT r4 ; XOR r3, r2} , {XOR r2, r1 ; XOR r3, r0 ; XOR r4, r4} , {OR r2, r3 ; XOR r0, r3 ; XOR r4, r2} , {NOT r1 ; XOR r0, r2 ; AND r4, r3} , {XOR r1, r4 ; NOP ; AND r2, r2}
[  3.20000000e+01  -0.00000000e+00   1.00000000e+00   1.00000000e+01
   3.00000000e+00   2.00000000e+00   3.00000000e+00   0.00000000e+00
   4.11900000e+03]
{XOR r4, r0 ; XOR r3, r1 ; AND r0, r0} , {AND r2, r3 ; NOT r4 ; XOR r0, r2} , {XOR r2, r1 ; XOR r3, r0 ; AND r1, r1} , {OR r2, r3 ; NOT r0 ; NOT r4} , {NOT r1 ; XOR r0, r2 ; AND r4, r2} , {XOR r1, r4 ; NOP ; NOP}
[  3.20000000e+01  -0.00000000e+00   1.00000000e+00   1.00000000e+01
   3.00000000e+00   2.00000000e+00   3.00000000e+00   0.00000000e+00
   4.12000000e+03]
{AND r4, r2 ; XOR r3, r1 ; NOT r0} , {AND r2, r3 ; NOT r4 ; XOR r3, r2} , {XOR r2, r1 ; XOR r3, r0 ; OR r0, r1} , {OR r2, r3 ; NOT r0 ; NOT r4} , {NOT r1 ; XOR r0, r2 ; AND r4, r3} , {XOR r1, r4 ; NOP ; OR r3, r3}
[  3.20000000e+01  -0.00000000e+00   1.00000000e+00   1.00000000e+01
   3.00000000e+00   2.00000000e+00   3.00000000e+00   0.00000000e+00
   4.12100000e+03]
{AND r4, r0 ; XOR r3, r1 ; MOV r0, r0} , {AND r2, r3 ; NOT r4 ; XOR r0, r2} , {XOR r2, r1 ; XOR r3, r0 ; OR r1, r0} , {OR r2, r3 ; NOT r0 ; NOT r4} , {NOT r1 ; XOR r0, r2 ; AND r4, r3} , {XOR r1, r4 ; NOP ; AND r2, r2}
[  3.20000000e+01  -0.00000000e+00   1.00000000e+00   1.00000000e+01
   3.00000000e+00   2.00000000e+00   3.00000000e+00   0.00000000e+00
   4.12200000e+03]
{AND r4, r0 ; XOR r3, r1 ; NOT r0} , {AND r2, r3 ; XOR r4, r3 ; XOR r3, r2} , {XOR r2, r1 ; XOR r3, r0 ; NOT r1} , {OR r2, r3 ; NOT r0 ; NOT r4} , {NOT r1 ; XOR r0, r2 ; AND r4, r2} , {XOR r1, r4 ; NOP ; NOP}
[  3.20000000e+01  -0.00000000e+00   1.00000000e+00   1.00000000e+01
   3.00000000e+00   2.00000000e+00   3.00000000e+00   0.00000000e+00
   4.18400000e+03]
{XOR r4, r0 ; MOV r0, r2 ; OR r2, r3} , {XOR r3, r0 ; AND r0, r3 ; XOR r2, r1} , {XOR r0, r1 ; XOR r1, r4 ; XOR r4, r2} , {XOR r2, r1 ; OR r1, r4 ; AND r3, r3} , {NOT r1 ; OR r2, r0 ; AND r0, r2} , {XOR r4, r2 ; OR r3, r0 ; XOR r1, r0}
[  0.00000000e+00  -0.00000000e+00   1.00000000e+00   1.00000000e+01
   3.00000000e+00   2.00000000e+00   4.00000000e+00   0.00000000e+00
   4.18500000e+03]
{NOT r4 ; MOV r0, r2 ; XOR r1, r3} , {AND r3, r0 ; AND r0, r3 ; XOR r2, r1} , {XOR r0, r4 ; NOT r2 ; XOR r4, r2} , {OR r2, r1 ; OR r1, r4 ; AND r3, r3} , {NOT r1 ; OR r2, r0 ; AND r0, r2} , {XOR r4, r2 ; OR r3, r0 ; XOR r1, r0}
[  3.20000000e+01  -0.00000000e+00   1.00000000e+00   1.00000000e+01
   3.00000000e+00   2.00000000e+00   3.00000000e+00   0.00000000e+00
   4.19000000e+03]
{MOV r4, r0 ; MOV r0, r2 ; XOR r1, r3} , {NOT r3 ; AND r0, r3 ; XOR r2, r1} , {XOR r0, r1 ; XOR r1, r4 ; XOR r4, r2} , {XOR r2, r1 ; OR r1, r4 ; NOT r3} , {NOT r1 ; OR r2, r0 ; AND r0, r2} , {XOR r4, r2 ; XOR r3, r1 ; XOR r1, r0}
[  0.00000000e+00  -0.00000000e+00   1.00000000e+00   1.00000000e+01
   3.00000000e+00   2.00000000e+00   4.00000000e+00   0.00000000e+00
   4.19200000e+03]
{NOT r4 ; MOV r0, r2 ; XOR r1, r3} , {NOT r3 ; AND r0, r3 ; XOR r2, r1} , {NOT r2 ; XOR r1, r4 ; XOR r4, r2} , {OR r2, r1 ; OR r1, r4 ; AND r3, r3} , {AND r1, r4 ; OR r2, r0 ; AND r0, r2} , {XOR r4, r2 ; AND r2, r2 ; XOR r1, r0}
[  0.00000000e+00  -0.00000000e+00   1.00000000e+00   1.00000000e+01
   3.00000000e+00   2.00000000e+00   4.00000000e+00   0.00000000e+00
   4.19400000e+03]
{NOT r4 ; MOV r0, r2 ; XOR r1, r3} , {XOR r3, r0 ; AND r0, r3 ; XOR r2, r1} , {XOR r3, r2 ; XOR r1, r4 ; XOR r4, r2} , {OR r2, r1 ; AND r1, r4 ; XOR r3, r3} , {NOT r1 ; OR r2, r0 ; AND r0, r2} , {XOR r4, r2 ; XOR r3, r1 ; XOR r1, r0}
[  0.00000000e+00  -0.00000000e+00   1.00000000e+00   1.00000000e+01
   3.00000000e+00   2.00000000e+00   4.00000000e+00   0.00000000e+00
   4.19700000e+03]
{XOR r1, r0 ; XOR r0, r3 ; XOR r2, r3} , {NOT r3 ; AND r0, r3 ; XOR r2, r1} , {XOR r3, r2 ; XOR r1, r4 ; XOR r4, r2} , {AND r2, r1 ; AND r1, r4 ; XOR r3, r4} , {NOT r1 ; OR r2, r0 ; AND r0, r2} , {XOR r4, r2 ; XOR r3, r1 ; XOR r1, r0}
[  0.00000000e+00  -0.00000000e+00   1.00000000e+00   1.05000000e+01
   3.00000000e+00   2.00000000e+00   4.00000000e+00   0.00000000e+00
   4.19900000e+03]
{XOR r4, r0 ; MOV r0, r2 ; OR r2, r3} , {NOT r3 ; AND r0, r3 ; XOR r2, r1} , {XOR r3, r2 ; XOR r1, r4 ; XOR r4, r2} , {OR r2, r1 ; OR r1, r4 ; AND r3, r1} , {NOT r1 ; OR r2, r0 ; AND r0, r2} , {XOR r4, r2 ; OR r3, r0 ; XOR r1, r0}
[  0.00000000e+00  -0.00000000e+00   1.00000000e+00   9.50000000e+00
   3.00000000e+00   2.00000000e+00   4.00000000e+00   0.00000000e+00
   4.20300000e+03]
{XOR r4, r0 ; MOV r0, r2 ; OR r2, r3} , {NOT r3 ; AND r0, r3 ; XOR r2, r1} , {OR r3, r1 ; XOR r2, r4 ; XOR r4, r2} , {OR r2, r1 ; AND r1, r4 ; AND r0, r0} , {NOT r1 ; OR r2, r0 ; AND r0, r2} , {XOR r4, r2 ; OR r2, r0 ; XOR r1, r0}
[  3.20000000e+01  -0.00000000e+00   1.00000000e+00   1.00000000e+01
   3.00000000e+00   2.00000000e+00   3.00000000e+00   0.00000000e+00
   4.20400000e+03]
{NOT r4 ; MOV r0, r2 ; XOR r1, r3} , {NOT r3 ; AND r0, r3 ; XOR r2, r1} , {XOR r0, r1 ; XOR r1, r4 ; XOR r4, r2} , {XOR r2, r1 ; OR r1, r4 ; NOT r3} , {NOT r1 ; OR r2, r0 ; AND r0, r2} , {XOR r4, r2 ; XOR r3, r1 ; XOR r1, r0}
[  0.00000000e+00  -0.00000000e+00   1.00000000e+00   9.50000000e+00
   3.00000000e+00   2.00000000e+00   4.00000000e+00   0.00000000e+00
   4.20900000e+03]
{XOR r1, r0 ; XOR r0, r3 ; XOR r2, r3} , {NOT r3 ; AND r0, r3 ; XOR r2, r1} , {OR r3, r1 ; XOR r0, r4 ; XOR r4, r2} , {OR r2, r1 ; XOR r1, r4 ; XOR r3, r4} , {NOT r1 ; OR r2, r0 ; AND r0, r2} , {XOR r4, r2 ; OR r0, r0 ; XOR r1, r0}
[  0.00000000e+00  -0.00000000e+00   1.00000000e+00   1.05000000e+01
   3.00000000e+00   2.00000000e+00   4.00000000e+00   0.00000000e+00
   4.21000000e+03]
{NOT r4 ; MOV r0, r2 ; XOR r1, r3} , {NOT r3 ; AND r0, r3 ; XOR r2, r1} , {NOT r3 ; XOR r1, r4 ; XOR r4, r2} , {AND r2, r1 ; AND r1, r4 ; XOR r3, r4} , {NOT r1 ; OR r2, r0 ; AND r0, r2} , {XOR r4, r2 ; XOR r3, r1 ; XOR r1, r0}
[  0.00000000e+00  -0.00000000e+00   1.00000000e+00   1.00000000e+01
   3.00000000e+00   2.00000000e+00   4.00000000e+00   0.00000000e+00
   4.21100000e+03]
{MOV r4, r0 ; MOV r0, r2 ; XOR r1, r3} , {NOT r3 ; AND r0, r3 ; XOR r2, r1} , {OR r3, r3 ; XOR r1, r4 ; XOR r4, r2} , {OR r2, r1 ; OR r1, r4 ; AND r3, r3} , {NOT r1 ; OR r2, r0 ; AND r0, r2} , {XOR r4, r2 ; XOR r3, r1 ; XOR r1, r0}
[  0.00000000e+00  -0.00000000e+00   1.00000000e+00   9.50000000e+00
   3.00000000e+00   2.00000000e+00   4.00000000e+00   0.00000000e+00
   4.21200000e+03]
{XOR r4, r0 ; MOV r0, r2 ; OR r2, r3} , {NOT r3 ; AND r0, r3 ; XOR r2, r1} , {NOT r2 ; NOT r1 ; XOR r4, r2} , {OR r2, r1 ; OR r1, r4 ; AND r3, r3} , {NOT r1 ; OR r2, r0 ; AND r0, r2} , {XOR r4, r2 ; XOR r3, r1 ; XOR r1, r0}
[  3.20000000e+01  -0.00000000e+00   1.00000000e+00   1.20000000e+01
   3.00000000e+00   2.00000000e+00   3.00000000e+00   0.00000000e+00
   4.21300000e+03]
{XOR r4, r1 ; AND r3, r2 ; XOR r2, r3} , {NOT r3 ; XOR r0, r3 ; XOR r2, r1} , {NOT r3 ; XOR r1, r4 ; XOR r4, r2} , {OR r2, r1 ; OR r1, r4 ; AND r3, r2} , {AND r1, r4 ; OR r2, r0 ; AND r0, r2} , {XOR r4, r2 ; NOT r3 ; XOR r1, r0}
[  0.00000000e+00  -0.00000000e+00   1.00000000e+00   1.00000000e+01
   3.00000000e+00   2.00000000e+00   4.00000000e+00   0.00000000e+00
   4.21500000e+03]
{XOR r1, r0 ; XOR r0, r3 ; XOR r2, r3} , {NOT r3 ; AND r0, r3 ; XOR r2, r1} , {NOT r3 ; XOR r1, r4 ; XOR r4, r2} , {AND r2, r1 ; AND r1, r4 ; XOR r3, r4} , {NOT r1 ; OR r2, r0 ; AND r0, r2} , {XOR r4, r2 ; XOR r3, r1 ; XOR r1, r0}
[  0.00000000e+00  -0.00000000e+00   1.00000000e+00   1.05000000e+01
   3.00000000e+00   2.00000000e+00   4.00000000e+00   0.00000000e+00
   4.21600000e+03]
{NOT r4 ; MOV r0, r2 ; XOR r1, r3} , {NOT r3 ; AND r0, r3 ; XOR r2, r1} , {NOT r3 ; XOR r1, r4 ; XOR r4, r2} , {AND r2, r1 ; AND r1, r2 ; XOR r3, r4} , {NOT r1 ; OR r2, r0 ; AND r0, r2} , {XOR r4, r2 ; XOR r3, r1 ; XOR r1, r0}
[  0.00000000e+00  -0.00000000e+00   1.00000000e+00   1.05000000e+01
   3.00000000e+00   2.00000000e+00   4.00000000e+00   0.00000000e+00
   4.21700000e+03]
{XOR r4, r0 ; MOV r0, r2 ; OR r2, r3} , {NOT r3 ; AND r0, r3 ; XOR r2, r1} , {OR r3, r1 ; XOR r1, r4 ; XOR r4, r2} , {OR r2, r1 ; AND r1, r4 ; XOR r3, r3} , {NOT r1 ; OR r2, r0 ; AND r0, r2} , {XOR r4, r2 ; XOR r3, r1 ; XOR r1, r0}
[  0.00000000e+00  -0.00000000e+00   1.00000000e+00   1.10000000e+01
   3.00000000e+00   2.00000000e+00   4.00000000e+00   0.00000000e+00
   4.21800000e+03]
{XOR r4, r0 ; MOV r0, r2 ; OR r2, r3} , {XOR r3, r0 ; AND r0, r3 ; XOR r2, r1} , {XOR r3, r2 ; XOR r1, r4 ; XOR r4, r2} , {AND r2, r1 ; AND r1, r4 ; XOR r3, r4} , {NOT r1 ; OR r2, r0 ; AND r0, r2} , {XOR r4, r2 ; XOR r3, r1 ; XOR r1, r0}
[  0.00000000e+00  -0.00000000e+00   1.00000000e+00   1.10000000e+01
   3.00000000e+00   2.00000000e+00   4.00000000e+00   0.00000000e+00
   4.22000000e+03]
{XOR r4, r0 ; MOV r0, r2 ; OR r2, r3} , {NOT r3 ; AND r0, r3 ; XOR r2, r1} , {XOR r3, r2 ; XOR r1, r4 ; XOR r4, r2} , {AND r2, r1 ; AND r1, r4 ; XOR r3, r4} , {NOT r1 ; OR r2, r0 ; AND r0, r2} , {XOR r4, r2 ; OR r0, r0 ; XOR r1, r0}
[  1.60000000e+01   2.00000000e+00   2.00000000e+00   1.15000000e+01
   2.00000000e+00   2.00000000e+00   2.00000000e+00   0.00000000e+00
   4.22100000e+03]
{XOR r4, r0 ; MOV r0, r2 ; XOR r2, r3} , {NOT r3 ; AND r0, r3 ; XOR r2, r1} , {XOR r3, r2 ; XOR r1, r4 ; XOR r4, r2} , {AND r2, r1 ; OR r1, r0 ; AND r3, r4} , {AND r1, r4 ; OR r2, r2 ; AND r0, r1} , {XOR r4, r2 ; NOT r0 ; XOR r2, r0}
[  0.00000000e+00  -0.00000000e+00   1.00000000e+00   9.50000000e+00
   3.00000000e+00   2.00000000e+00   4.00000000e+00   0.00000000e+00
   4.22300000e+03]
{XOR r1, r0 ; XOR r0, r3 ; XOR r2, r3} , {NOT r3 ; AND r0, r3 ; XOR r2, r1} , {OR r3, r1 ; XOR r0, r4 ; XOR r4, r2} , {OR r2, r1 ; XOR r1, r4 ; XOR r3, r4} , {NOT r1 ; OR r2, r0 ; AND r0, r2} , {XOR r4, r2 ; XOR r3, r1 ; XOR r1, r0}
[  0.00000000e+00  -0.00000000e+00   1.00000000e+00   1.00000000e+01
   3.00000000e+00   2.00000000e+00   4.00000000e+00   0.00000000e+00
   4.22400000e+03]
{MOV r4, r0 ; MOV r0, r2 ; XOR r1, r3} , {NOT r3 ; AND r0, r3 ; XOR r2, r1} , {OR r3, r3 ; XOR r1, r4 ; XOR r4, r2} , {OR r2, r1 ; OR r1, r4 ; AND r3, r3} , {NOT r1 ; OR r2, r0 ; AND r0, r2} , {XOR r4, r2 ; OR r3, r0 ; XOR r1, r0}
[  3.20000000e+01  -0.00000000e+00   1.00000000e+00   1.00000000e+01
   3.00000000e+00   2.00000000e+00   3.00000000e+00   0.00000000e+00
   4.22500000e+03]
{XOR r4, r0 ; MOV r0, r2 ; OR r2, r3} , {NOT r3 ; AND r0, r3 ; XOR r2, r1} , {XOR r0, r1 ; XOR r1, r4 ; XOR r4, r2} , {XOR r2, r1 ; OR r1, r4 ; AND r3, r3} , {NOT r1 ; OR r2, r0 ; AND r0, r2} , {XOR r4, r2 ; XOR r3, r1 ; XOR r1, r0}
[  0.00000000e+00  -0.00000000e+00   1.00000000e+00   1.05000000e+01
   3.00000000e+00   2.00000000e+00   4.00000000e+00   0.00000000e+00
   4.22600000e+03]
{XOR r4, r0 ; MOV r0, r2 ; OR r2, r3} , {NOT r3 ; AND r0, r3 ; XOR r2, r1} , {OR r3, r3 ; XOR r1, r4 ; XOR r4, r2} , {OR r2, r1 ; AND r1, r4 ; AND r3, r3} , {NOT r1 ; OR r2, r0 ; AND r0, r2} , {XOR r4, r2 ; XOR r3, r1 ; XOR r1, r0}
[  0.00000000e+00  -0.00000000e+00   1.00000000e+00   1.00000000e+01
   3.00000000e+00   2.00000000e+00   4.00000000e+00   0.00000000e+00
   4.22700000e+03]
{MOV r4, r0 ; MOV r0, r2 ; XOR r1, r3} , {NOT r3 ; AND r0, r3 ; XOR r2, r1} , {OR r3, r3 ; XOR r1, r4 ; XOR r4, r2} , {OR r2, r1 ; AND r1, r4 ; AND r3, r3} , {NOT r1 ; OR r2, r0 ; AND r0, r2} , {XOR r4, r2 ; XOR r3, r1 ; XOR r1, r0}
[  0.00000000e+00  -0.00000000e+00   1.00000000e+00   1.05000000e+01
   3.00000000e+00   2.00000000e+00   4.00000000e+00   0.00000000e+00
   4.22800000e+03]
{XOR r4, r0 ; MOV r0, r2 ; OR r2, r3} , {NOT r3 ; AND r0, r3 ; XOR r2, r1} , {NOT r3 ; XOR r1, r4 ; XOR r4, r2} , {OR r2, r1 ; OR r1, r4 ; AND r3, r0} , {AND r1, r4 ; OR r2, r0 ; AND r0, r2} , {XOR r4, r2 ; NOT r3 ; XOR r1, r0}
[  0.00000000e+00  -0.00000000e+00   1.00000000e+00   1.05000000e+01
   3.00000000e+00   2.00000000e+00   4.00000000e+00   0.00000000e+00
   4.22900000e+03]
{NOT r4 ; MOV r0, r2 ; XOR r1, r3} , {NOT r3 ; AND r0, r3 ; XOR r2, r1} , {XOR r0, r2 ; XOR r2, r4 ; XOR r4, r2} , {OR r2, r1 ; OR r1, r4 ; NOT r3} , {AND r1, r4 ; OR r2, r0 ; AND r0, r2} , {XOR r4, r2 ; NOT r3 ; XOR r1, r0}
[  3.20000000e+01  -0.00000000e+00   1.00000000e+00   1.00000000e+01
   3.00000000e+00   2.00000000e+00   3.00000000e+00   0.00000000e+00
   4.23000000e+03]
{XOR r4, r0 ; MOV r0, r2 ; OR r2, r3} , {NOT r3 ; AND r0, r3 ; XOR r2, r1} , {XOR r0, r1 ; XOR r1, r4 ; XOR r4, r2} , {XOR r2, r1 ; OR r1, r4 ; AND r3, r3} , {NOT r1 ; OR r2, r0 ; AND r0, r2} , {XOR r4, r2 ; OR r3, r0 ; XOR r1, r0}
[  0.00000000e+00  -0.00000000e+00   1.00000000e+00   1.00000000e+01
   3.00000000e+00   2.00000000e+00   4.00000000e+00   0.00000000e+00
   4.23100000e+03]
{XOR r1, r0 ; XOR r0, r3 ; XOR r2, r3} , {NOT r3 ; AND r0, r3 ; XOR r2, r1} , {XOR r3, r2 ; XOR r1, r4 ; XOR r4, r2} , {AND r2, r1 ; AND r1, r4 ; XOR r3, r4} , {NOT r1 ; OR r2, r0 ; AND r0, r2} , {XOR r4, r2 ; OR r0, r0 ; XOR r1, r0}
[  3.20000000e+01  -0.00000000e+00   1.00000000e+00   1.15000000e+01
   3.00000000e+00   2.00000000e+00   3.00000000e+00   0.00000000e+00
   4.23500000e+03]
{OR r3, r1 ; AND r4, r4 ; XOR r2, r3} , {NOT r3 ; NOT r1 ; XOR r2, r1} , {OR r2, r4 ; AND r4, r1 ; XOR r1, r0} , {XOR r4, r0 ; AND r2, r2 ; NOT r0} , {OR r2, r1 ; OR r3, r1 ; AND r1, r2} , {OR r1, r0 ; XOR r4, r1 ; AND r0, r2}
[  0.00000000e+00  -0.00000000e+00   1.00000000e+00   1.05000000e+01
   3.00000000e+00   2.00000000e+00   4.00000000e+00   0.00000000e+00
   4.33900000e+03]
{XOR r1, r3 ; OR r4, r1 ; XOR r2, r4} , {XOR r1, r2 ; OR r3, r4 ; OR r2, r0} , {XOR r0, r1 ; XOR r2, r3 ; AND r3, r2} , {OR r0, r0 ; XOR r2, r3 ; NOT r1} , {NOT r4 ; XOR r2, r0 ; AND r1, r3} , {XOR r0, r1 ; AND r1, r1 ; NOP}
[  3.20000000e+01  -0.00000000e+00   1.00000000e+00   1.00000000e+01
   3.00000000e+00   2.00000000e+00   3.00000000e+00   0.00000000e+00
   4.34000000e+03]
{XOR r3, r2 ; MOV r1, r1 ; XOR r2, r0} , {XOR r1, r2 ; OR r4, r4 ; OR r2, r0} , {AND r1, r1 ; XOR r2, r3 ; XOR r3, r2} , {NOT r4 ; OR r2, r1 ; AND r1, r3} , {NOT r0 ; XOR r3, r4 ; XOR r1, r3} , {XOR r1, r4 ; NOT r4 ; AND r2, r4}
[  0.00000000e+00  -0.00000000e+00   1.00000000e+00   1.05000000e+01
   3.00000000e+00   2.00000000e+00   4.00000000e+00   0.00000000e+00
   4.35100000e+03]
{XOR r1, r3 ; OR r4, r1 ; XOR r2, r4} , {XOR r0, r2 ; OR r3, r4 ; OR r2, r0} , {XOR r0, r1 ; XOR r2, r3 ; AND r3, r2} , {OR r0, r0 ; XOR r2, r3 ; NOT r1} , {NOT r4 ; XOR r2, r0 ; AND r1, r3} , {XOR r0, r1 ; AND r1, r1 ; NOP}
[  0.00000000e+00  -0.00000000e+00   1.00000000e+00   1.05000000e+01
   3.00000000e+00   2.00000000e+00   4.00000000e+00   0.00000000e+00
   4.37500000e+03]
{XOR r1, r3 ; OR r4, r1 ; XOR r2, r4} , {XOR r1, r2 ; OR r3, r4 ; OR r2, r0} , {XOR r0, r1 ; XOR r2, r3 ; AND r3, r2} , {OR r0, r0 ; XOR r2, r3 ; NOT r1} , {NOT r4 ; XOR r2, r0 ; AND r1, r3} , {XOR r0, r1 ; NOT r1 ; NOP}
[  3.20000000e+01  -0.00000000e+00   1.00000000e+00   1.15000000e+01
   3.00000000e+00   2.00000000e+00   3.00000000e+00   0.00000000e+00
   4.43000000e+03]
{NOT r4 ; XOR r1, r4 ; XOR r2, r3} , {NOT r3 ; XOR r2, r0 ; OR r4, r2} , {XOR r4, r1 ; NOT r1 ; XOR r2, r4} , {AND r4, r2 ; NOT r1 ; XOR r3, r4} , {OR r2, r3 ; XOR r1, r4 ; XOR r0, r1} , {AND r2, r2 ; XOR r0, r2 ; OR r3, r1}
[  3.20000000e+01  -0.00000000e+00   1.00000000e+00   1.10000000e+01
   3.00000000e+00   2.00000000e+00   3.00000000e+00   0.00000000e+00
   4.48800000e+03]
{NOT r4 ; OR r1, r2 ; XOR r0, r1} , {XOR r1, r3 ; AND r4, r2 ; XOR r2, r3} , {AND r0, r1 ; XOR r3, r4 ; XOR r2, r0} , {OR r4, r2 ; XOR r3, r1 ; XOR r1, r0} , {NOT r4 ; NOT r1 ; XOR r3, r3} , {XOR r2, r0 ; XOR r4, r2 ; NOP}
[  3.20000000e+01  -0.00000000e+00   1.00000000e+00   1.10000000e+01
   3.00000000e+00   2.00000000e+00   3.00000000e+00   0.00000000e+00
   4.48900000e+03]
{NOT r4 ; OR r1, r2 ; XOR r0, r1} , {XOR r1, r3 ; AND r4, r2 ; XOR r2, r3} , {AND r0, r1 ; XOR r3, r4 ; XOR r2, r0} , {OR r3, r1 ; XOR r2, r1 ; XOR r1, r0} , {NOT r4 ; NOT r1 ; XOR r3, r3} , {XOR r2, r0 ; XOR r4, r2 ; NOP}
[  3.20000000e+01  -0.00000000e+00   1.00000000e+00   1.10000000e+01
   3.00000000e+00   2.00000000e+00   3.00000000e+00   0.00000000e+00
   4.50000000e+03]
{NOT r4 ; OR r1, r2 ; XOR r0, r1} , {XOR r1, r3 ; AND r4, r2 ; XOR r2, r3} , {AND r0, r1 ; XOR r4, r4 ; XOR r2, r0} , {NOT r4 ; XOR r3, r1 ; XOR r1, r0} , {NOT r4 ; NOT r1 ; XOR r3, r3} , {XOR r2, r0 ; XOR r4, r2 ; NOP}
[  3.20000000e+01  -0.00000000e+00   1.00000000e+00   1.10000000e+01
   3.00000000e+00   2.00000000e+00   3.00000000e+00   0.00000000e+00
   4.50800000e+03]
{NOT r4 ; AND r1, r2 ; XOR r3, r1} , {XOR r1, r3 ; AND r4, r2 ; XOR r2, r3} , {AND r0, r1 ; XOR r4, r4 ; XOR r2, r0} , {NOT r4 ; XOR r3, r1 ; XOR r1, r0} , {NOT r4 ; NOT r1 ; XOR r3, r3} , {XOR r2, r0 ; XOR r4, r2 ; NOP}
[  3.20000000e+01  -0.00000000e+00   1.00000000e+00   1.10000000e+01
   3.00000000e+00   2.00000000e+00   3.00000000e+00   0.00000000e+00
   4.51700000e+03]
{NOT r4 ; OR r1, r2 ; XOR r0, r1} , {XOR r1, r3 ; AND r4, r2 ; XOR r2, r3} , {AND r0, r1 ; XOR r3, r4 ; XOR r2, r0} , {OR r4, r1 ; XOR r2, r1 ; XOR r1, r0} , {NOT r4 ; NOT r1 ; XOR r3, r3} , {XOR r2, r0 ; XOR r4, r2 ; NOP}
[  3.20000000e+01  -0.00000000e+00   1.00000000e+00   1.10000000e+01
   3.00000000e+00   2.00000000e+00   3.00000000e+00   0.00000000e+00
   4.52200000e+03]
{NOT r4 ; OR r1, r2 ; XOR r0, r1} , {XOR r1, r3 ; AND r4, r2 ; XOR r2, r3} , {AND r0, r1 ; XOR r3, r3 ; XOR r2, r0} , {OR r4, r2 ; XOR r3, r1 ; XOR r1, r0} , {NOT r4 ; NOT r1 ; XOR r3, r3} , {XOR r2, r0 ; XOR r4, r2 ; NOP}
[  3.20000000e+01  -0.00000000e+00   1.00000000e+00   1.10000000e+01
   3.00000000e+00   2.00000000e+00   3.00000000e+00   0.00000000e+00
   4.52500000e+03]
{NOT r4 ; AND r1, r2 ; XOR r0, r1} , {XOR r1, r3 ; AND r4, r2 ; XOR r2, r3} , {AND r0, r1 ; XOR r3, r4 ; XOR r2, r0} , {OR r3, r1 ; XOR r2, r1 ; XOR r1, r0} , {NOT r4 ; NOT r1 ; XOR r3, r3} , {XOR r2, r0 ; XOR r4, r2 ; NOP}
[  3.20000000e+01  -0.00000000e+00   1.00000000e+00   1.30000000e+01
   3.00000000e+00   2.00000000e+00   3.00000000e+00   0.00000000e+00
   4.52700000e+03]
{NOT r4 ; OR r1, r2 ; XOR r0, r1} , {XOR r1, r3 ; AND r4, r2 ; XOR r0, r3} , {AND r0, r1 ; XOR r3, r4 ; XOR r2, r0} , {OR r4, r1 ; XOR r3, r1 ; XOR r1, r0} , {NOT r4 ; NOT r1 ; XOR r0, r3} , {XOR r2, r0 ; XOR r4, r2 ; XOR r3, r2}
[  3.20000000e+01  -0.00000000e+00   1.00000000e+00   1.10000000e+01
   3.00000000e+00   2.00000000e+00   3.00000000e+00   0.00000000e+00
   4.52800000e+03]
{NOT r4 ; OR r1, r2 ; XOR r0, r1} , {XOR r1, r3 ; AND r4, r2 ; XOR r2, r3} , {AND r0, r1 ; XOR r4, r4 ; XOR r2, r0} , {NOT r4 ; XOR r3, r1 ; XOR r1, r0} , {NOT r4 ; NOT r1 ; XOR r3, r3} , {XOR r2, r0 ; XOR r4, r2 ; NOP}
[  3.20000000e+01  -0.00000000e+00   1.00000000e+00   1.10000000e+01
   3.00000000e+00   2.00000000e+00   3.00000000e+00   0.00000000e+00
   4.54700000e+03]
{OR r4, r1 ; AND r1, r2 ; NOT r3} , {XOR r0, r2 ; OR r1, r0 ; AND r2, r3} , {XOR r2, r1 ; XOR r0, r4 ; NOT r4} , {NOT r4 ; NOT r1 ; AND r2, r0} , {XOR r3, r2 ; XOR r1, r4 ; XOR r4, r3} , {NOT r3 ; NOP ; XOR r0, r3}
[  0.00000000e+00  -0.00000000e+00  -0.00000000e+00   1.40000000e+01
   3.00000000e+00   3.00000000e+00   2.00000000e+00   0.00000000e+00
   4.59700000e+03]
{AND r3, r2 ; XOR r1, r0 ; XOR r4, r3} , {XOR r2, r4 ; XOR r0, r3 ; OR r3, r2} , {XOR r0, r1 ; XOR r4, r1 ; XOR r3, r0} , {XOR r0, r2 ; XOR r2, r3 ; NOT r4} , {AND r2, r2 ; AND r4, r4 ; XOR r3, r2} , {NOT r1 ; XOR r0, r3 ; NOP}

Vega searching with population size: 200 and generation count: 200
genome: CGP (6, 4, 6, 5, 15)
probability of mutation: 0.900000 probability of crossover: 0.000000
criterions: [BENT_AND_MOSAC, LP_MAX, DP_MAX, SAC, BF, POLYNOMIAL_DEGREE]
[  3.60000000e+01  -0.00000000e+00   1.00000000e+00   4.50000000e+01
   0.00000000e+00   1.00000000e+00   3.00000000e+00   1.40000000e+01
   2.50100000e+03]
{6,4,6,5,2,1,16}([6]4,3,8)([7]5,0,4)([8]2,0,4)([9]3,1,6)([10]5,2,8)([11]5,0,1)([12]10,7,3)([13]3,6,2)([14]0,5,0)([15]2,3,1)([16]12,5,2)([17]15,2,1)([18]12,5,4)([19]13,11,1)([20]1,12,2)([21]5,19,0)([22]20,0,7)([23]3,1,1)([24]4,17,2)([25]4,20,7)([26]1,3,1)([27]0,24,3)([28]22,1,2)([29]23,2,2)([30]24,21,8)([31]28,3,5)([32]26,1,6)([33]30,26,8)([34]26,29,1)([35]27,29,7)(19,20,25,35)

[  9.00000000e+01  -0.00000000e+00  -0.00000000e+00   4.60000000e+01
   0.00000000e+00   1.00000000e+00   1.00000000e+00   1.40000000e+01
   8.28600000e+03]
{6,4,6,5,2,1,16}([6]3,2,0)([7]2,5,5)([8]5,4,4)([9]4,2,1)([10]4,0,3)([11]9,10,2)([12]7,2,6)([13]6,5,2)([14]3,8,3)([15]2,10,5)([16]11,3,6)([17]11,5,3)([18]15,11,6)([19]12,13,8)([20]4,13,3)([21]17,5,0)([22]17,19,3)([23]2,18,6)([24]5,0,3)([25]16,1,2)([26]5,3,7)([27]3,22,6)([28]5,21,7)([29]2,5,8)([30]22,23,4)([31]5,0,3)([32]27,1,8)([33]3,2,4)([34]1,29,6)([35]30,27,4)(30,1,30,35)

[  6.00000000e+01  -0.00000000e+00  -0.00000000e+00   3.20000000e+01
   0.00000000e+00   1.00000000e+00   4.00000000e+00   2.10000000e+01
   8.34800000e+03]
{6,4,6,5,2,1,9}([6]0,0,1)([7]4,0,0)([8]2,1,8)([9]0,4,6)([10]5,1,0)([11]3,1,7)([12]9,1,5)([13]9,2,2)([14]9,2,7)([15]9,7,2)([16]3,3,2)([17]1,15,6)([18]2,5,4)([19]3,12,0)([20]13,12,0)([21]17,17,5)([22]20,17,3)([23]19,3,6)([24]17,18,6)([25]16,19,8)([26]3,21,0)([27]22,1,3)([28]1,0,5)([29]2,0,5)([30]1,24,6)([31]26,29,8)([32]26,30,8)([33]5,28,1)([34]30,29,3)([35]5,30,0)(24,34,34,24)

[  6.00000000e+01  -0.00000000e+00   4.15037513e-01   4.90000000e+01
   0.00000000e+00   1.00000000e+00   3.00000000e+00   1.60000000e+01
   8.41900000e+03]
{6,4,6,5,2,1,14}([6]5,1,7)([7]0,0,3)([8]5,0,2)([9]5,5,1)([10]5,5,7)([11]6,7,3)([12]3,3,2)([13]3,10,7)([14]10,9,7)([15]7,5,0)([16]12,11,7)([17]4,2,5)([18]1,4,8)([19]4,0,2)([20]5,2,8)([21]16,2,0)([22]19,20,4)([23]3,5,5)([24]4,18,8)([25]0,20,7)([26]22,0,7)([27]25,0,7)([28]3,24,7)([29]3,4,7)([30]22,24,8)([31]27,30,3)([32]5,1,3)([33]28,26,0)([34]2,1,7)([35]30,27,7)(31,31,16,27)

[  8.80000000e+01  -0.00000000e+00   1.00000000e+00   4.00000000e+01
   0.00000000e+00   1.00000000e+00   2.00000000e+00   1.80000000e+01
   8.64800000e+03]
{6,4,6,5,2,1,12}([6]3,4,8)([7]1,2,4)([8]4,5,5)([9]0,1,4)([10]2,0,2)([11]9,6,6)([12]4,2,8)([13]4,0,3)([14]5,1,6)([15]5,3,7)([16]12,15,3)([17]13,1,7)([18]0,14,0)([19]5,5,1)([20]0,13,7)([21]2,1,8)([22]0,18,4)([23]2,20,5)([24]16,17,3)([25]0,1,1)([26]4,21,7)([27]23,21,6)([28]2,24,3)([29]1,5,8)([30]24,24,5)([31]2,3,1)([32]30,5,4)([33]5,30,5)([34]26,26,7)([35]30,27,2)(25,30,27,27)

[  4.00000000e+01  -0.00000000e+00   4.76438046e-01   4.70000000e+01
   0.00000000e+00   1.00000000e+00   3.00000000e+00   1.60000000e+01
   1.29530000e+04]
{6,4,6,5,2,1,14}([6]4,1,3)([7]3,1,6)([8]5,3,6)([9]0,2,2)([10]0,0,4)([11]4,1,1)([12]2,0,3)([13]8,0,2)([14]2,8,6)([15]2,10,7)([16]3,1,2)([17]3,4,2)([18]0,11,4)([19]5,15,7)([20]1,15,8)([21]18,19,3)([22]0,3,2)([23]20,17,8)([24]18,19,4)([25]19,16,3)([26]0,5,0)([27]25,3,1)([28]3,23,7)([29]5,2,6)([30]25,2,3)([31]29,28,8)([32]28,30,1)([33]5,1,4)([34]3,30,1)([35]28,3,2)(34,32,14,23)

[  6.00000000e+01  -0.00000000e+00  -0.00000000e+00   4.00000000e+00
   0.00000000e+00   1.00000000e+00   4.00000000e+00   2.10000000e+01
   1.30200000e+04]
{6,4,6,5,2,1,9}([6]3,3,1)([7]5,0,3)([8]5,5,1)([9]4,1,6)([10]1,5,5)([11]3,4,5)([12]4,10,7)([13]9,4,7)([14]9,2,4)([15]1,2,7)([16]5,12,4)([17]0,11,5)([18]14,12,3)([19]15,12,6)([20]1,2,6)([21]1,19,7)([22]3,20,1)([23]4,3,7)([24]19,20,1)([25]17,18,2)([26]21,21,7)([27]1,25,3)([28]1,24,5)([29]25,21,1)([30]2,24,1)([31]30,30,7)([32]0,29,7)([33]0,30,1)([34]29,30,6)([35]1,26,3)(26,24,28,24)

[  6.00000000e+01  -0.00000000e+00  -0.00000000e+00   4.20000000e+01
   0.00000000e+00   1.00000000e+00   4.00000000e+00   2.30000000e+01
   1.34000000e+04]
{6,4,6,5,2,1,7}([6]4,3,5)([7]3,4,8)([8]5,3,6)([9]2,3,1)([10]0,2,5)([11]1,1,5)([12]9,5,2)([13]7,3,2)([14]1,2,5)([15]7,4,7)([16]1,0,7)([17]5,5,5)([18]5,11,1)([19]5,0,2)([20]1,2,3)([21]16,17,4)([22]3,16,6)([23]17,4,6)([24]16,5,7)([25]19,5,0)([26]5,21,1)([27]5,0,6)([28]22,2,2)([29]24,3,3)([30]4,22,6)([31]28,5,7)([32]28,29,4)([33]5,26,5)([34]30,27,2)([35]28,26,2)(28,30,32,30)

[  9.00000000e+01  -0.00000000e+00  -0.00000000e+00   3.80000000e+01
   0.00000000e+00   1.00000000e+00   1.00000000e+00   2.30000000e+01
   1.38210000e+04]
{6,4,6,5,2,1,7}([6]3,3,5)([7]3,2,7)([8]1,3,2)([9]3,4,0)([10]5,2,8)([11]0,10,1)([12]8,2,8)([13]8,2,4)([14]9,9,8)([15]0,1,3)([16]11,12,3)([17]4,1,3)([18]14,0,3)([19]3,1,7)([20]0,3,1)([21]16,5,2)([22]19,2,1)([23]2,18,5)([24]1,4,1)([25]1,16,5)([26]4,24,0)([27]2,4,3)([28]4,0,4)([29]2,0,0)([30]21,2,6)([31]30,5,7)([32]28,0,7)([33]1,2,1)([34]2,27,6)([35]4,29,5)(16,25,27,25)

[  5.90000000e+01  -0.00000000e+00   1.92645073e-01   4.20000000e+01
   0.00000000e+00   1.00000000e+00   4.00000000e+00   1.70000000e+01
   1.52920000e+04]
{6,4,6,5,2,1,13}([6]2,2,5)([7]4,0,4)([8]0,1,2)([9]1,5,0)([10]5,4,3)([11]8,7,8)([12]2,3,0)([13]8,1,0)([14]5,6,6)([15]7,9,6)([16]4,3,1)([17]2,11,4)([18]1,15,1)([19]11,3,6)([20]14,15,8)([21]5,5,1)([22]19,20,3)([23]16,17,2)([24]16,20,2)([25]5,19,3)([26]21,1,7)([27]25,25,4)([28]25,3,1)([29]2,24,2)([30]0,0,0)([31]1,28,5)([32]27,27,0)([33]2,26,8)([34]4,1,1)([35]30,29,0)(27,27,24,19)

[  3.80000000e+01  -0.00000000e+00   8.30075026e-01   5.30000000e+01
   0.00000000e+00   1.00000000e+00   3.00000000e+00   1.50000000e+01
   1.57060000e+04]
{6,4,6,5,2,1,15}([6]0,1,1)([7]5,4,5)([8]5,5,1)([9]4,3,7)([10]3,4,8)([11]9,6,6)([12]4,0,8)([13]10,5,8)([14]7,10,1)([15]4,5,7)([16]3,15,7)([17]1,2,4)([18]12,4,6)([19]5,4,1)([20]11,12,4)([21]2,3,7)([22]16,0,3)([23]2,17,6)([24]19,18,6)([25]5,16,0)([26]22,24,3)([27]1,22,2)([28]23,22,3)([29]23,25,8)([30]4,22,7)([31]0,30,1)([32]2,2,6)([33]28,30,4)([34]29,4,4)([35]30,2,4)(33,29,20,30)

[  1.40000000e+01  -0.00000000e+00   1.09310937e+00   4.40000000e+01
   0.00000000e+00   1.00000000e+00   2.00000000e+00   9.00000000e+00
   1.60330000e+04]
{6,4,6,5,2,1,21}([6]2,1,2)([7]0,3,2)([8]0,5,5)([9]1,4,6)([10]0,5,4)([11]5,3,3)([12]9,3,3)([13]7,9,3)([14]6,3,8)([15]2,2,7)([16]11,15,6)([17]13,15,3)([18]15,11,2)([19]3,2,4)([20]2,14,8)([21]17,18,3)([22]20,5,0)([23]0,0,4)([24]3,4,7)([25]19,18,5)([26]2,21,1)([27]22,21,8)([28]24,25,1)([29]4,4,6)([30]23,25,7)([31]30,28,2)([32]27,29,8)([33]2,3,4)([34]0,29,6)([35]27,5,2)(31,17,25,35)

[  7.00000000e+01  -0.00000000e+00  -0.00000000e+00   3.00000000e+01
   0.00000000e+00   1.00000000e+00   3.00000000e+00   1.60000000e+01
   1.84300000e+04]
{6,4,6,5,2,1,14}([6]4,2,8)([7]0,1,4)([8]4,1,5)([9]3,0,3)([10]4,0,4)([11]4,1,6)([12]5,4,1)([13]10,8,3)([14]7,9,5)([15]1,9,5)([16]1,2,5)([17]1,5,0)([18]15,5,3)([19]3,15,2)([20]13,12,5)([21]1,4,0)([22]0,0,4)([23]20,2,7)([24]1,1,3)([25]0,18,6)([26]1,23,2)([27]25,21,4)([28]25,5,1)([29]4,23,0)([30]23,25,3)([31]28,30,5)([32]3,30,8)([33]0,26,5)([34]29,28,3)([35]26,29,2)(31,30,32,28)


Spea searching with population size: 200 and generation count: 200
genome: PERMUTATION (False, 6, 4)
probability of mutation: 0.900000 probability of crossover: 0.050000
criterions: [BENT_AND_MOSAC, LP_MAX, DP_MAX, SAC, BF, POLYNOMIAL_DEGREE]
[   0.           -0.            2.67807198   52.25          0.            1.
    6.            0.          253.        ]
5 10 2 8 14 5 13 9 9 1 6 12 9 10 5 7 2 4 2 10 8 9 9 11 4 9 12 11 12 3 5 5 3 3 9 10 3 3 12 9 12 5 15 4 15 4 6 3 5 14 7 7 11 2 1 7 1 6 10 5 10 15 4 9 
[   0.   -0.    2.   53.    1.    1.    6.    0.  262.]
11 14 6 8 15 4 7 5 9 1 1 8 3 2 0 5 14 10 9 15 14 4 7 4 4 10 4 0 3 13 8 3 5 10 10 13 3 5 10 15 8 11 9 7 7 14 8 15 7 15 7 7 10 11 6 7 15 3 0 9 10 6 7 2 
[  87.           -0.            2.19264507   54.5           0.            1.
    5.            0.          532.        ]
6 3 7 7 9 1 3 6 7 15 11 4 8 12 13 3 12 3 13 4 1 1 5 10 6 0 10 7 7 11 14 15 12 9 12 12 7 15 12 2 9 12 3 15 2 7 13 9 4 4 1 7 14 3 6 15 1 11 2 2 8 11 10 0 
[  64.           -0.            2.41503739   56.            1.            1.
    5.            0.          569.        ]
15 8 11 7 11 2 10 5 3 3 12 1 7 13 13 12 7 12 9 12 9 6 15 8 6 4 1 5 3 9 4 2 7 1 3 3 15 10 4 7 0 1 0 11 1 9 8 5 12 7 6 2 5 5 3 13 13 3 14 6 2 5 8 0 
[  87.           -0.            2.19264507   56.            0.            1.
    5.            0.          910.        ]
7 15 2 1 10 12 10 2 3 15 8 13 9 6 13 11 3 3 4 9 12 1 6 11 1 7 7 9 9 0 9 0 11 10 15 15 1 15 12 8 10 1 7 4 6 4 14 12 15 11 12 4 2 0 9 5 10 10 13 5 8 6 9 14 
[  0.00000000e+00  -0.00000000e+00   2.67807198e+00   5.50000000e+01
   0.00000000e+00   1.00000000e+00   6.00000000e+00   0.00000000e+00
   1.16000000e+03]
2 1 14 8 0 5 1 14 4 10 1 4 7 11 7 14 4 14 8 15 9 5 8 7 11 13 11 14 15 7 4 2 6 15 6 3 10 3 12 2 3 8 0 3 13 15 6 13 11 5 11 2 6 2 5 7 6 11 1 1 4 11 4 0 
[  8.40000000e+01  -0.00000000e+00   2.41503739e+00   5.20000000e+01
   0.00000000e+00   1.00000000e+00   5.00000000e+00   0.00000000e+00
   1.24700000e+03]
1 15 8 4 9 0 0 13 2 10 2 4 15 12 13 15 15 4 8 0 2 15 5 6 4 11 0 13 13 9 14 14 11 15 3 4 8 12 13 8 13 13 8 0 7 12 7 8 10 12 1 5 15 6 4 15 2 3 13 12 15 3 13 13 
[  8.40000000e+01  -0.00000000e+00   2.41503739e+00   5.30000000e+01
   0.00000000e+00   1.00000000e+00   5.00000000e+00   0.00000000e+00
   1.81500000e+03]
6 7 15 5 15 9 14 13 10 1 2 10 3 5 11 2 12 0 8 8 9 11 11 13 14 11 7 11 9 9 10 11 12 10 4 15 3 15 3 8 14 0 4 14 6 5 2 2 9 0 6 11 11 4 7 11 11 13 0 0 5 14 14 11 
[  1.10000000e+02  -0.00000000e+00   2.41503739e+00   6.00000000e+01
   0.00000000e+00   1.00000000e+00   4.00000000e+00   0.00000000e+00
   1.92000000e+03]
6 8 3 14 11 14 7 9 8 5 11 12 13 11 15 2 4 5 0 9 12 4 13 13 13 2 1 10 3 6 1 11 7 6 5 14 5 0 2 1 2 10 10 15 8 10 15 7 3 3 8 7 1 12 0 14 9 4 12 6 9 4 15 0 
[  7.10000000e+01  -0.00000000e+00   2.67807198e+00   5.35000000e+01
   0.00000000e+00   1.00000000e+00   5.00000000e+00   0.00000000e+00
   2.00900000e+03]
13 3 13 3 0 1 13 13 15 0 11 12 7 0 10 8 1 3 8 2 11 10 12 5 7 2 8 8 7 0 12 4 8 15 8 2 15 7 5 4 13 14 8 4 4 5 1 14 2 7 2 2 4 2 15 11 14 8 4 13 0 4 7 8 
[  8.40000000e+01  -0.00000000e+00   2.41503739e+00   5.45000000e+01
   0.00000000e+00   1.00000000e+00   5.00000000e+00   0.00000000e+00
   2.31100000e+03]
2 11 13 9 3 4 8 4 9 11 13 14 0 9 11 11 0 1 8 9 7 11 11 1 12 5 10 13 2 11 1 3 3 9 10 14 0 7 15 12 11 4 9 15 10 2 2 5 6 15 4 4 8 12 6 9 7 0 9 5 3 2 8 1 
[  0.00000000e+00  -0.00000000e+00   2.41503739e+00   5.52500000e+01
   0.00000000e+00   2.00000000e+00   6.00000000e+00   0.00000000e+00
   2.31300000e+03]
10 4 5 12 14 0 10 4 2 14 12 4 0 10 7 14 3 12 8 13 9 15 14 0 9 0 14 9 10 14 4 11 13 11 1 15 8 7 7 6 9 10 15 7 12 6 3 5 1 4 10 3 0 1 2 9 5 11 3 1 9 12 14 8 
[  0.00000000e+00  -0.00000000e+00   2.67807198e+00   5.47500000e+01
   0.00000000e+00   1.00000000e+00   6.00000000e+00   0.00000000e+00
   2.31500000e+03]
10 9 5 3 9 0 14 11 5 0 6 1 8 8 2 0 4 13 6 15 4 12 15 1 2 6 6 12 0 2 1 15 8 11 8 4 2 7 5 15 10 4 15 2 0 7 13 9 2 14 9 11 6 9 8 7 8 7 9 15 5 5 15 10 
[  6.40000000e+01  -0.00000000e+00   1.83007503e+00   6.00000000e+01
   0.00000000e+00   2.00000000e+00   5.00000000e+00   0.00000000e+00
   2.37100000e+03]
12 7 7 2 10 1 1 9 9 13 10 4 1 5 11 0 0 10 11 7 11 3 8 4 15 14 14 5 6 11 4 15 1 6 3 7 2 12 12 0 10 12 15 8 8 13 5 6 9 3 2 9 0 15 13 3 14 6 8 2 4 5 14 13 
[  4.60000000e+01  -0.00000000e+00   2.19264507e+00   5.25000000e+01
   0.00000000e+00   2.00000000e+00   5.00000000e+00   0.00000000e+00
   3.18000000e+03]
12 11 3 12 4 1 7 14 2 15 4 3 5 8 9 11 0 12 6 5 10 6 3 2 11 3 3 13 2 5 5 9 3 8 11 5 11 3 5 0 14 0 10 15 6 5 3 10 10 3 3 14 14 2 8 10 5 4 0 12 4 10 1 11 
[  8.40000000e+01  -0.00000000e+00   2.41503739e+00   5.50000000e+01
   0.00000000e+00   1.00000000e+00   5.00000000e+00   0.00000000e+00
   3.36700000e+03]
14 6 0 3 9 11 2 10 2 15 0 6 15 3 12 12 5 15 6 2 9 13 6 14 14 10 14 4 13 4 12 2 12 9 11 12 1 14 15 4 14 9 11 3 2 8 14 5 3 0 7 5 2 15 13 9 1 8 14 11 8 3 7 13 
[  5.00000000e+01  -0.00000000e+00   2.00000000e+00   5.50000000e+01
   0.00000000e+00   2.00000000e+00   5.00000000e+00   0.00000000e+00
   4.01000000e+03]
8 10 15 1 15 11 11 8 13 8 1 15 2 0 3 4 13 0 10 13 3 6 15 4 1 15 5 7 4 14 13 5 4 11 1 15 3 6 8 5 1 12 7 4 7 10 6 8 7 12 5 2 13 8 9 11 15 13 10 12 6 3 11 10 

Vega searching with population size: 200 and generation count: 200
genome: PERMUTATION (False, 6, 4)
probability of mutation: 0.100000 probability of crossover: 0.900000
criterions: [BENT_AND_MOSAC, LP_MAX, DP_MAX, SAC, BF, POLYNOMIAL_DEGREE]
[  80.           -0.            2.41503739   53.5           0.            1.
    5.            0.          237.        ]
2 12 13 4 13 14 10 13 7 2 5 5 0 0 12 4 11 11 3 14 6 14 0 11 1 5 10 5 7 4 10 9 0 3 7 7 5 2 10 2 7 7 4 8 11 1 9 7 13 3 10 5 11 10 7 9 9 15 4 3 2 5 14 9 
[  80.           -0.            2.41503739   55.5           0.            1.
    5.            0.          402.        ]
4 10 11 1 9 5 9 1 10 13 7 2 7 1 6 11 4 8 7 13 6 13 5 1 1 13 7 6 4 0 0 15 8 7 10 5 11 11 8 12 8 5 10 8 2 11 15 12 5 11 4 3 9 0 1 12 14 14 5 8 0 6 14 15 
[  8.00000000e+01  -0.00000000e+00   2.41503739e+00   5.40000000e+01
   0.00000000e+00   1.00000000e+00   5.00000000e+00   0.00000000e+00
   3.41000000e+03]
13 3 7 7 3 1 7 6 11 8 11 15 4 14 15 5 9 5 7 15 1 11 4 6 2 7 13 8 6 1 12 10 1 15 12 5 4 15 12 3 12 2 6 5 15 1 11 8 10 10 5 13 4 12 8 13 15 10 2 15 2 11 13 13 
[  8.00000000e+01  -0.00000000e+00   2.41503739e+00   5.40000000e+01
   0.00000000e+00   1.00000000e+00   5.00000000e+00   0.00000000e+00
   3.60100000e+03]
10 9 11 15 5 1 13 9 6 14 9 5 8 7 12 7 13 9 8 10 2 12 10 6 12 6 15 15 0 0 15 8 5 12 15 9 3 6 1 0 8 4 14 4 12 1 11 8 1 8 6 1 3 1 9 11 6 0 11 8 0 8 4 10 
[  8.00000000e+01  -0.00000000e+00   2.41503739e+00   5.50000000e+01
   0.00000000e+00   1.00000000e+00   5.00000000e+00   0.00000000e+00
   5.80100000e+03]
9 10 7 1 6 6 8 10 2 12 8 1 5 1 3 9 1 10 4 5 9 5 6 2 5 3 13 8 6 8 9 15 10 10 6 11 15 2 4 11 9 4 6 10 15 2 8 11 7 13 0 14 8 7 0 3 13 6 1 13 1 9 3 3 
[  1.02000000e+02  -0.00000000e+00   2.19264507e+00   5.40000000e+01
   0.00000000e+00   1.00000000e+00   4.00000000e+00   0.00000000e+00
   6.40000000e+03]
4 6 14 3 1 4 11 8 1 0 3 11 11 6 0 3 5 15 3 3 7 3 14 15 5 13 7 6 12 3 5 0 2 8 15 15 3 3 1 9 0 2 6 5 10 14 11 6 2 1 9 5 4 1 8 6 10 12 6 7 1 9 9 10 
[  8.80000000e+01  -0.00000000e+00   2.19264507e+00   5.50000000e+01
   0.00000000e+00   1.00000000e+00   5.00000000e+00   0.00000000e+00
   7.80800000e+03]
11 14 0 6 11 9 4 11 2 0 12 10 6 4 7 12 12 11 8 6 3 10 3 0 11 15 10 1 13 11 3 13 1 5 4 0 13 12 10 8 2 7 5 0 6 13 14 4 3 13 12 7 6 14 5 11 14 13 8 8 14 3 14 6 
[  3.20000000e+01  -0.00000000e+00   2.19264507e+00   5.47500000e+01
   1.00000000e+00   1.00000000e+00   5.00000000e+00   0.00000000e+00
   1.14000000e+04]
2 10 4 10 12 9 10 11 4 12 15 4 15 2 0 0 4 7 15 10 14 1 5 1 4 8 3 13 13 9 7 11 5 3 11 6 12 14 2 9 12 5 6 7 6 9 6 4 1 3 13 5 9 11 13 6 7 4 9 7 13 3 12 5 
[  9.80000000e+01  -0.00000000e+00   2.41503739e+00   5.45000000e+01
   0.00000000e+00   1.00000000e+00   4.00000000e+00   0.00000000e+00
   1.30030000e+04]
7 10 2 3 9 3 4 3 14 9 4 9 1 15 2 12 3 7 7 15 5 8 2 10 13 5 10 10 1 6 10 15 7 11 7 5 2 13 11 14 4 11 4 10 5 4 11 6 7 1 0 8 11 5 3 5 13 4 9 9 15 9 13 5 
[  1.02000000e+02  -0.00000000e+00   2.19264507e+00   5.15000000e+01
   0.00000000e+00   1.00000000e+00   4.00000000e+00   0.00000000e+00
   1.42020000e+04]
12 5 6 6 4 2 9 1 14 1 6 6 14 15 12 5 15 6 0 9 15 12 2 15 4 6 8 13 10 2 15 6 2 0 14 6 8 12 14 7 14 2 5 0 3 11 13 2 6 6 9 5 12 8 3 12 11 6 11 1 13 6 4 14 
[  6.70000000e+01  -0.00000000e+00   2.67807198e+00   5.50000000e+01
   0.00000000e+00   1.00000000e+00   5.00000000e+00   0.00000000e+00
   1.55410000e+04]
9 12 15 15 5 10 1 5 10 12 2 2 14 4 8 6 13 11 12 3 11 6 3 12 7 3 8 4 14 2 13 10 3 7 5 12 1 3 6 5 1 5 6 8 4 11 14 5 13 13 14 8 9 7 13 5 7 3 5 15 12 2 0 6 
[  1.13000000e+02  -0.00000000e+00   2.00000000e+00   5.40000000e+01
   0.00000000e+00   1.00000000e+00   4.00000000e+00   0.00000000e+00
   1.56000000e+04]
5 10 0 3 5 15 0 7 2 1 15 8 7 10 9 0 9 5 8 15 6 4 11 4 15 13 10 6 1 0 0 10 1 0 13 13 8 3 7 4 6 12 3 7 3 9 6 10 7 14 3 0 6 1 9 10 0 12 8 14 11 7 0 11 
[  8.00000000e+01  -0.00000000e+00   2.41503739e+00   5.25000000e+01
   0.00000000e+00   1.00000000e+00   5.00000000e+00   0.00000000e+00
   1.70010000e+04]
10 4 9 10 0 14 1 5 8 6 4 6 12 0 10 6 11 10 1 14 11 8 6 9 12 9 10 11 3 0 9 3 1 4 0 10 9 4 10 1 10 15 8 11 12 9 15 9 11 8 0 2 14 4 1 14 8 15 15 5 14 6 15 6 

Vega searching with population size: 200 and generation count: 200
genome: CGP (6, 6, 6, 5, 15)
probability of mutation: 0.900000 probability of crossover: 0.000000
criterions: [BENT_AND_MOSAC, LP_MAX, DP_MAX, SAC, BF, POLYNOMIAL_DEGREE]
[  5.60000000e+01  -0.00000000e+00   1.92645073e-01   3.80000000e+01
   0.00000000e+00   1.00000000e+00   3.00000000e+00   1.30000000e+01
   6.96000000e+02]
{6,6,6,5,2,1,17}([6]1,3,7)([7]1,2,6)([8]2,4,1)([9]3,0,8)([10]2,2,8)([11]10,6,2)([12]5,8,7)([13]3,3,1)([14]1,10,8)([15]10,1,2)([16]12,15,2)([17]0,12,8)([18]0,4,0)([19]14,1,0)([20]14,0,2)([21]16,18,7)([22]18,1,8)([23]19,20,4)([24]5,20,2)([25]4,16,5)([26]22,3,6)([27]5,2,4)([28]22,25,3)([29]2,24,5)([30]25,5,4)([31]1,29,4)([32]30,29,0)([33]28,30,3)([34]27,29,2)([35]0,4,1)(28,24,20,11,30,32)

[  1.60000000e+01   2.00000000e+00   1.00000000e+00   4.90000000e+01
   0.00000000e+00   1.00000000e+00   2.00000000e+00   1.50000000e+01
   1.60700000e+03]
{6,6,6,5,2,1,15}([6]4,5,8)([7]2,5,1)([8]5,1,6)([9]1,5,0)([10]4,2,2)([11]1,2,2)([12]9,9,3)([13]0,6,0)([14]0,9,6)([15]3,2,6)([16]12,4,8)([17]14,11,0)([18]4,13,2)([19]2,5,4)([20]4,1,1)([21]20,3,8)([22]19,1,3)([23]0,16,7)([24]1,4,1)([25]19,20,3)([26]1,1,5)([27]4,2,1)([28]2,5,1)([29]21,22,2)([30]23,22,5)([31]4,5,8)([32]3,1,6)([33]26,1,1)([34]28,29,2)([35]1,26,7)(10,23,6,8,32,34)

[  6.20000000e+01   8.30075026e-01   1.00000000e+00   4.65000000e+01
   0.00000000e+00   1.00000000e+00   2.00000000e+00   1.40000000e+01
   1.96600000e+03]
{6,6,6,5,2,1,16}([6]1,2,2)([7]3,0,7)([8]5,0,2)([9]3,3,3)([10]2,3,8)([11]8,1,4)([12]6,5,5)([13]6,7,3)([14]3,9,5)([15]0,6,2)([16]13,5,6)([17]12,5,0)([18]15,13,3)([19]1,11,5)([20]5,13,3)([21]4,20,7)([22]20,17,7)([23]5,5,6)([24]16,16,0)([25]19,18,0)([26]25,1,2)([27]2,3,0)([28]4,21,8)([29]25,2,2)([30]5,23,7)([31]29,1,0)([32]4,29,6)([33]29,28,2)([34]5,1,5)([35]30,29,3)(20,18,16,10,21,33)

[  3.40000000e+01   1.35614383e+00   1.29956031e+00   4.80000000e+01
   0.00000000e+00   1.00000000e+00   2.00000000e+00   1.70000000e+01
   2.61700000e+03]
{6,6,6,5,2,1,13}([6]0,3,3)([7]3,1,7)([8]4,0,1)([9]1,0,3)([10]4,3,3)([11]4,2,7)([12]6,8,4)([13]2,9,7)([14]10,3,1)([15]5,10,1)([16]2,1,7)([17]11,0,0)([18]0,3,0)([19]13,15,6)([20]3,0,5)([21]18,5,3)([22]16,1,1)([23]17,1,6)([24]5,0,3)([25]5,5,0)([26]3,23,7)([27]21,4,7)([28]0,1,4)([29]0,0,2)([30]23,24,7)([31]30,1,2)([32]27,2,7)([33]0,29,6)([34]26,1,1)([35]3,0,0)(8,19,11,13,31,26)

[  9.80000000e+01  -0.00000000e+00  -0.00000000e+00   4.20000000e+01
   0.00000000e+00   1.00000000e+00   2.00000000e+00   1.80000000e+01
   4.20800000e+03]
{6,6,6,5,2,1,12}([6]1,1,6)([7]0,2,5)([8]0,5,7)([9]2,3,6)([10]0,3,8)([11]10,0,5)([12]0,3,2)([13]7,5,4)([14]1,1,1)([15]2,1,3)([16]2,15,5)([17]4,12,7)([18]14,2,2)([19]1,2,7)([20]12,2,0)([21]18,3,2)([22]18,3,3)([23]18,3,1)([24]19,20,2)([25]3,17,2)([26]25,5,7)([27]0,23,6)([28]2,3,0)([29]25,22,1)([30]22,25,3)([31]30,0,7)([32]4,26,8)([33]27,3,0)([34]3,5,3)([35]5,29,7)(33,20,31,20,30,30)

[  3.00000000e+01   8.30075026e-01   1.41503751e+00   4.92500000e+01
   0.00000000e+00   1.00000000e+00   2.00000000e+00   1.50000000e+01
   4.85300000e+03]
{6,6,6,5,2,1,15}([6]3,0,4)([7]4,3,1)([8]4,2,6)([9]1,3,3)([10]5,1,4)([11]6,2,6)([12]7,10,1)([13]8,8,7)([14]0,0,0)([15]2,0,0)([16]0,1,0)([17]12,12,0)([18]2,3,3)([19]5,1,3)([20]15,14,7)([21]1,18,8)([22]2,20,0)([23]16,3,3)([24]19,16,7)([25]1,18,8)([26]25,21,0)([27]25,24,3)([28]24,2,2)([29]24,5,1)([30]23,1,8)([31]28,4,3)([32]0,3,6)([33]0,1,6)([34]5,0,7)([35]27,4,8)(8,35,17,30,27,29)

[  7.70000000e+01   3.85290146e-01   4.15037513e-01   4.50000000e+01
   0.00000000e+00   1.00000000e+00   2.00000000e+00   1.90000000e+01
   7.22400000e+03]
{6,6,6,5,2,1,11}([6]0,0,7)([7]0,4,1)([8]1,1,5)([9]1,2,6)([10]0,2,2)([11]4,10,8)([12]3,3,0)([13]7,9,3)([14]9,7,3)([15]6,9,1)([16]5,14,7)([17]14,1,7)([18]0,14,5)([19]14,13,8)([20]2,0,8)([21]16,2,0)([22]5,2,7)([23]3,4,1)([24]2,18,2)([25]0,16,2)([26]21,0,5)([27]24,5,6)([28]5,0,5)([29]21,2,0)([30]24,3,2)([31]28,5,3)([32]3,5,5)([33]29,29,5)([34]5,30,2)([35]30,26,6)(16,25,10,27,30,13)

[  9.00000000e+01  -0.00000000e+00  -0.00000000e+00   3.20000000e+01
   0.00000000e+00   1.00000000e+00   4.00000000e+00   2.00000000e+01
   9.20700000e+03]
{6,6,6,5,2,1,10}([6]1,2,4)([7]4,0,2)([8]3,0,0)([9]4,0,4)([10]1,4,1)([11]6,5,4)([12]8,3,4)([13]7,8,8)([14]10,1,8)([15]7,6,1)([16]14,13,2)([17]5,2,8)([18]12,15,8)([19]13,1,0)([20]5,3,2)([21]19,5,1)([22]3,19,4)([23]0,5,1)([24]16,2,5)([25]4,16,5)([26]25,21,5)([27]22,25,2)([28]2,23,0)([29]5,2,6)([30]25,5,5)([31]29,26,2)([32]29,3,1)([33]0,4,2)([34]2,28,2)([35]28,2,0)(25,16,16,26,26,25)

[  8.40000000e+01  -0.00000000e+00   1.00000000e+00   4.20000000e+01
   0.00000000e+00   1.00000000e+00   2.00000000e+00   1.20000000e+01
   9.21600000e+03]
{6,6,6,5,2,1,18}([6]1,2,0)([7]1,2,6)([8]0,1,1)([9]0,0,1)([10]1,4,4)([11]6,4,4)([12]4,6,1)([13]2,0,1)([14]0,5,2)([15]1,1,1)([16]1,5,0)([17]13,12,3)([18]14,11,8)([19]11,15,3)([20]12,5,8)([21]18,3,6)([22]17,19,8)([23]17,5,7)([24]19,2,4)([25]0,20,5)([26]2,3,7)([27]5,21,5)([28]2,25,2)([29]24,4,7)([30]0,22,2)([31]5,28,2)([32]29,28,0)([33]1,4,5)([34]28,30,0)([35]29,28,7)(17,34,23,23,26,35)

[  5.50000000e+01  -0.00000000e+00   2.99560279e-01   5.00000000e+01
   0.00000000e+00   1.00000000e+00   4.00000000e+00   1.80000000e+01
   1.05360000e+04]
{6,6,6,5,2,1,12}([6]5,0,7)([7]4,4,6)([8]2,1,2)([9]0,5,6)([10]2,3,3)([11]1,3,8)([12]0,8,6)([13]2,4,7)([14]1,6,6)([15]6,8,1)([16]0,15,1)([17]14,2,3)([18]1,1,3)([19]13,11,3)([20]1,14,2)([21]3,16,7)([22]4,3,0)([23]0,20,6)([24]5,17,0)([25]1,0,7)([26]21,22,7)([27]25,21,6)([28]24,0,3)([29]23,22,6)([30]4,2,2)([31]2,2,2)([32]5,29,8)([33]2,4,0)([34]30,0,8)([35]2,29,2)(35,35,35,15,21,26)

[  5.40000000e+01  -0.00000000e+00   6.78071916e-01   3.70000000e+01
   0.00000000e+00   1.00000000e+00   3.00000000e+00   1.50000000e+01
   1.10070000e+04]
{6,6,6,5,2,1,15}([6]3,2,8)([7]5,2,3)([8]0,2,2)([9]1,4,2)([10]1,1,4)([11]3,4,2)([12]8,9,1)([13]2,0,7)([14]0,6,1)([15]4,6,1)([16]1,0,7)([17]2,3,3)([18]14,15,1)([19]1,14,1)([20]12,2,0)([21]2,5,5)([22]18,3,4)([23]5,18,2)([24]20,2,1)([25]5,19,2)([26]3,24,1)([27]0,25,6)([28]21,23,8)([29]23,0,7)([30]3,3,0)([31]28,3,0)([32]1,27,5)([33]4,1,2)([34]5,1,7)([35]1,1,0)(26,22,19,24,26,32)

[  3.60000000e+01   1.35614383e+00  -0.00000000e+00   4.75000000e+01
   0.00000000e+00   1.00000000e+00   2.00000000e+00   1.40000000e+01
   1.14210000e+04]
{6,6,6,5,2,1,16}([6]2,3,1)([7]4,0,8)([8]0,0,7)([9]1,2,6)([10]1,4,3)([11]9,6,3)([12]10,3,8)([13]4,0,3)([14]7,2,0)([15]7,9,8)([16]4,12,3)([17]14,2,3)([18]15,5,2)([19]15,12,3)([20]4,1,7)([21]16,17,6)([22]19,20,1)([23]19,3,5)([24]19,17,5)([25]3,1,7)([26]23,3,6)([27]3,24,5)([28]2,3,8)([29]2,3,4)([30]22,2,8)([31]5,1,3)([32]30,4,6)([33]29,1,3)([34]1,29,2)([35]4,3,8)(7,15,21,32,25,6)

[  3.60000000e+01   1.35614383e+00  -0.00000000e+00   4.75000000e+01
   0.00000000e+00   1.00000000e+00   2.00000000e+00   1.40000000e+01
   1.14750000e+04]
{6,6,6,5,2,1,16}([6]2,3,1)([7]4,0,8)([8]0,0,7)([9]1,2,6)([10]1,4,3)([11]9,6,3)([12]10,3,8)([13]4,0,3)([14]7,2,0)([15]7,9,8)([16]4,12,3)([17]14,2,3)([18]15,5,2)([19]15,12,3)([20]4,1,7)([21]16,17,6)([22]19,20,1)([23]19,3,5)([24]19,16,5)([25]3,1,7)([26]23,3,6)([27]3,24,5)([28]2,3,8)([29]2,3,4)([30]22,2,8)([31]5,1,3)([32]30,4,6)([33]29,1,3)([34]1,29,2)([35]4,3,8)(7,15,21,32,25,6)

[  5.60000000e+01  -0.00000000e+00   1.92645073e-01   4.15000000e+01
   0.00000000e+00   1.00000000e+00   3.00000000e+00   1.40000000e+01
   1.20060000e+04]
{6,6,6,5,2,1,16}([6]0,2,2)([7]1,3,4)([8]3,5,6)([9]4,4,5)([10]5,2,3)([11]5,5,1)([12]8,7,2)([13]9,5,8)([14]3,3,3)([15]3,3,8)([16]11,0,5)([17]12,5,3)([18]1,2,4)([19]1,13,6)([20]4,12,5)([21]19,16,3)([22]20,2,6)([23]16,20,3)([24]19,19,2)([25]16,5,7)([26]23,24,6)([27]5,5,7)([28]5,22,1)([29]23,23,4)([30]21,23,7)([31]3,29,6)([32]26,29,6)([33]5,0,2)([34]1,29,3)([35]2,28,8)(29,30,22,26,26,12)

[  1.28000000e+02  -0.00000000e+00   4.15037513e-01   4.40000000e+01
   0.00000000e+00   1.00000000e+00   1.00000000e+00   1.80000000e+01
   1.20110000e+04]
{6,6,6,5,2,1,12}([6]3,2,6)([7]3,1,6)([8]4,5,3)([9]5,3,0)([10]0,3,4)([11]10,7,7)([12]5,6,3)([13]3,3,1)([14]3,3,3)([15]7,10,3)([16]15,5,2)([17]13,1,5)([18]4,5,6)([19]5,13,1)([20]4,2,0)([21]5,5,4)([22]16,0,3)([23]2,20,7)([24]19,1,3)([25]0,16,5)([26]5,22,0)([27]22,4,5)([28]4,25,3)([29]4,3,2)([30]22,23,3)([31]29,30,1)([32]1,26,4)([33]28,2,0)([34]1,29,2)([35]4,0,1)(31,26,30,31,30,9)

[  0.00000000e+00   2.00000000e+00   2.00000000e+00   4.90000000e+01
   0.00000000e+00   1.00000000e+00   2.00000000e+00   1.90000000e+01
   1.20900000e+04]
{6,6,6,5,2,1,11}([6]4,0,8)([7]1,4,3)([8]3,2,0)([9]1,4,2)([10]1,4,1)([11]0,3,3)([12]2,7,8)([13]2,6,3)([14]5,4,7)([15]5,6,8)([16]11,5,5)([17]0,4,1)([18]12,11,1)([19]11,5,4)([20]1,4,6)([21]16,0,3)([22]19,2,8)([23]3,0,0)([24]19,4,2)([25]16,1,5)([26]23,24,0)([27]0,5,7)([28]5,25,1)([29]23,5,5)([30]21,3,6)([31]27,29,8)([32]5,5,3)([33]4,4,6)([34]0,26,8)([35]5,28,8)(6,24,22,28,27,12)

[  3.10000000e+01  -0.00000000e+00  -0.00000000e+00   6.00000000e+01
   0.00000000e+00   2.00000000e+00   1.00000000e+00   1.70000000e+01
   1.47510000e+04]
{6,6,6,5,2,1,13}([6]0,0,2)([7]3,0,4)([8]2,1,1)([9]3,4,4)([10]5,0,7)([11]3,8,5)([12]9,9,4)([13]5,8,4)([14]3,7,5)([15]3,5,3)([16]5,14,0)([17]2,15,8)([18]2,4,3)([19]2,13,6)([20]11,3,3)([21]20,18,0)([22]1,18,3)([23]1,17,1)([24]0,0,3)([25]0,18,0)([26]1,25,2)([27]3,23,2)([28]21,5,6)([29]5,2,6)([30]2,22,4)([31]1,29,3)([32]4,26,1)([33]28,0,6)([34]2,1,3)([35]30,4,2)(27,15,25,33,1,22)

[  3.80000000e+01   8.30075026e-01   1.00000000e+00   4.76250000e+01
   0.00000000e+00   1.00000000e+00   3.00000000e+00   1.40000000e+01
   1.75470000e+04]
{6,6,6,5,2,1,16}([6]4,4,8)([7]3,1,1)([8]5,2,7)([9]2,5,5)([10]4,1,1)([11]8,7,6)([12]0,8,3)([13]10,8,2)([14]8,7,7)([15]3,5,5)([16]11,5,3)([17]14,3,2)([18]4,12,7)([19]15,0,0)([20]2,0,6)([21]16,3,6)([22]20,17,7)([23]18,17,1)([24]4,1,0)([25]19,4,3)([26]21,3,7)([27]23,21,3)([28]21,25,4)([29]23,23,5)([30]21,0,0)([31]30,26,0)([32]1,29,1)([33]1,29,6)([34]30,5,1)([35]30,5,3)(30,33,13,23,11,34)


Spea searching with population size: 200 and generation count: 200
genome: PERMUTATION (True, 6, 6)
probability of mutation: 0.900000 probability of crossover: 0.050000
criterions: [BENT_AND_MOSAC, LP_MAX, DP_MAX, SAC, BF, POLYNOMIAL_DEGREE]
[ 112.            2.83007503    3.41503739   63.            0.            2.
    5.            0.           57.        ]
31 55 15 28 41 35 18 12 63 42 11 22 38 54 44 47 20 34 59 57 39 0 2 58 53 6 3 43 24 1 19 33 14 5 36 16 26 51 13 48 62 56 7 45 46 30 27 8 52 32 21 49 4 50 9 60 17 23 10 37 29 40 25 61 
[ 116.            2.38529015    3.41503739   63.            0.            2.
    5.            0.          166.        ]
9 54 45 53 5 30 49 1 62 40 21 2 46 55 20 15 29 47 3 4 13 32 61 35 23 33 34 6 50 28 58 12 8 17 10 42 60 25 41 19 26 27 11 16 51 59 31 43 63 18 22 0 38 36 7 14 57 39 56 24 52 37 48 44 
[  90.            2.38529015    3.           63.            1.            2.
    5.            0.          183.        ]
28 19 44 24 1 15 5 61 33 36 13 58 40 26 57 27 32 51 42 53 46 2 16 30 43 25 63 50 52 31 29 8 12 9 35 6 3 41 47 59 45 18 11 4 34 48 7 55 20 54 14 37 56 60 38 39 62 10 0 21 49 23 17 22 
[ 160.            2.83007503    3.           63.            0.            2.
    4.            0.          360.        ]
5 51 39 7 24 3 27 37 53 22 60 16 28 63 14 1 46 20 59 4 57 25 23 48 10 62 56 47 42 12 11 13 34 41 0 17 61 54 43 38 52 29 30 50 19 40 35 8 49 32 2 31 58 44 33 6 15 26 36 21 45 9 18 55 
[ 141.            2.38529015    3.41503739   63.            0.            2.
    4.            0.          366.        ]
51 7 16 3 39 10 5 22 53 37 60 20 28 57 24 1 4 59 25 47 14 23 33 56 11 46 42 34 12 63 13 35 48 54 62 0 41 19 61 17 29 50 40 2 38 44 43 49 8 6 21 45 52 36 32 30 26 55 15 18 31 9 27 58 
[ 123.            2.83007503    3.           63.            0.            2.
    5.            0.          463.        ]
32 34 29 16 38 53 37 31 49 59 43 30 4 56 11 45 42 3 47 14 54 39 63 6 15 21 44 55 50 1 23 2 8 19 0 46 60 7 17 35 18 40 48 13 26 62 33 12 52 27 25 41 28 36 58 20 61 9 51 5 24 22 57 10 
[ 130.            2.83007503    3.41503739   63.            0.            2.
    4.            0.          469.        ]
46 2 8 49 42 28 61 7 40 13 54 25 47 0 21 12 20 24 38 32 39 9 33 19 10 45 18 63 26 56 50 43 11 31 37 23 55 6 52 35 17 41 15 4 3 16 34 29 27 51 58 53 5 1 48 22 44 59 14 62 36 60 57 30 
[ 162.            2.            2.67807198   63.            0.            2.
    4.            0.          480.        ]
61 17 44 18 47 7 35 19 49 12 3 32 55 24 30 16 4 43 26 56 39 0 38 48 14 27 8 20 1 29 23 9 41 52 31 36 6 25 2 63 53 60 15 50 40 62 5 22 34 51 46 21 28 42 33 13 57 59 10 58 11 54 37 45 
[ 116.    2.    3.   63.    1.    2.    4.    0.  693.]
53 57 44 21 20 55 49 58 48 30 63 16 31 26 37 61 23 32 36 43 39 1 60 56 34 54 41 7 8 3 52 18 50 59 11 46 42 2 27 51 62 22 6 14 13 5 45 4 10 25 0 40 12 35 28 9 24 33 47 17 15 19 38 29 

Vega searching with population size: 200 and generation count: 200
genome: PERMUTATION (True, 6, 6)
probability of mutation: 0.100000 probability of crossover: 0.900000
criterions: [BENT_AND_MOSAC, LP_MAX, DP_MAX, SAC, BF, POLYNOMIAL_DEGREE]
[ 120.            1.66015005    3.           63.            0.            2.
    5.            0.          433.        ]
13 51 2 30 24 0 31 57 35 28 40 46 23 36 27 21 59 61 7 41 3 17 60 32 9 10 47 19 53 1 45 6 43 55 20 44 33 22 25 38 42 62 37 39 15 18 54 34 16 5 49 11 58 12 48 8 63 52 4 50 29 56 26 14 
[  1.50000000e+02   2.83007503e+00   3.00000000e+00   6.30000000e+01
   0.00000000e+00   2.00000000e+00   4.00000000e+00   0.00000000e+00
   5.76400000e+03]
51 49 58 37 53 24 23 36 33 18 21 32 45 26 48 30 46 52 59 6 17 57 7 20 3 4 63 1 11 38 5 9 28 61 2 19 8 12 40 43 31 55 29 42 62 44 16 54 25 39 10 0 15 50 60 13 22 34 41 27 56 35 14 47 
[  1.29000000e+02   2.83007503e+00   3.41503739e+00   6.30000000e+01
   0.00000000e+00   2.00000000e+00   4.00000000e+00   0.00000000e+00
   8.40400000e+03]
3 57 41 58 28 1 54 53 35 20 51 26 62 56 36 6 30 10 17 49 44 61 59 16 52 4 12 42 23 9 37 47 5 22 39 2 15 43 50 19 7 13 63 11 60 29 21 32 18 25 45 0 55 34 46 27 40 33 48 14 38 24 31 8 
[  8.80000000e+01   2.38529015e+00   3.00000000e+00   6.30000000e+01
   1.00000000e+00   2.00000000e+00   5.00000000e+00   0.00000000e+00
   9.60000000e+03]
60 7 31 19 51 37 18 63 62 22 1 46 55 16 49 57 30 43 13 26 39 44 24 40 21 48 45 29 20 12 41 32 4 38 2 14 0 15 23 9 47 6 42 3 52 58 56 50 8 5 61 25 59 10 34 17 33 53 35 54 36 11 27 28 
[  1.20000000e+02   2.38529015e+00   2.67807198e+00   6.30000000e+01
   0.00000000e+00   2.00000000e+00   5.00000000e+00   0.00000000e+00
   1.02250000e+04